CustomerID,Recency,Frequency,Monetary,Country,Last_Purchase_Date,Customer_Tenure_Days,Recency_Score,Frequency_Score,Monetary_Score,RFM_Score,Segment,Segment_Tier
12346,326,12,77556.46,United Kingdom,2011-01-18 10:01:00,726,2,5,5,255,At Risk,Low Value/At Risk
12347,2,8,5633.32,Iceland,2011-12-07 15:52:00,404,5,4,5,545,Champions,High Value
12348,75,5,2019.4,Finland,2011-09-25 13:13:00,438,3,4,4,344,Loyal,High Value
12349,19,4,4428.69,Italy,2011-11-21 09:51:00,589,5,3,5,535,Loyal,High Value
12350,310,1,334.4,Norway,2011-02-02 16:01:00,310,2,1,2,212,About to Sleep,Low Value/At Risk
12351,375,1,300.93,Unspecified,2010-11-29 15:23:00,375,2,1,2,212,About to Sleep,Low Value/At Risk
12352,36,10,2849.84,Norway,2011-11-03 14:37:00,393,4,5,4,454,Champions,High Value
12353,204,2,406.76,Bahrain,2011-05-19 17:47:00,409,2,2,2,222,Need Attention,Medium Value
12354,232,1,1079.4,Spain,2011-04-21 13:11:00,232,2,1,3,213,About to Sleep,Low Value/At Risk
12355,214,2,947.61,Bahrain,2011-05-09 13:49:00,568,2,2,3,223,Need Attention,Medium Value
12356,23,6,6373.68,Portugal,2011-11-17 08:40:00,425,4,4,5,445,Champions,High Value
12357,33,3,18287.66,Switzerland,2011-11-06 16:07:00,389,4,3,5,435,Loyal,High Value
12358,2,5,3887.07,Austria,2011-12-08 10:26:00,732,5,4,5,545,Champions,High Value
12359,58,10,8935.94,Cyprus,2011-10-13 12:47:00,734,4,5,5,455,Champions,High Value
12360,52,8,4252.89,Austria,2011-10-18 15:22:00,656,4,4,5,445,Champions,High Value
12361,287,4,511.25,Belgium,2011-02-25 13:51:00,682,2,3,2,232,At Risk,Low Value/At Risk
12362,3,11,5356.23,Belgium,2011-12-06 15:40:00,739,5,5,5,555,Champions,High Value
12363,110,2,552.0,Unspecified,2011-08-22 10:18:00,242,3,2,2,322,Need Attention,Medium Value
12364,8,4,1313.1,Belgium,2011-12-02 10:22:00,112,5,3,4,534,Loyal,High Value
12365,291,2,641.38,Cyprus,2011-02-21 14:04:00,291,2,2,3,223,Need Attention,Medium Value
12366,634,1,500.24,Cyprus,2010-03-16 10:28:00,634,1,1,2,112,At Risk,Low Value/At Risk
12367,4,1,168.9,Denmark,2011-12-05 16:48:00,4,5,1,1,511,New Customers,Medium Value
12368,628,1,917.6999999999999,Cyprus,2010-03-21 15:56:00,628,1,1,3,113,At Risk,Low Value/At Risk
12369,413,3,1791.15,Austria,2010-10-22 13:13:00,642,1,3,4,134,At Risk,Low Value/At Risk
12370,51,7,4320.31,Austria,2011-10-19 14:51:00,669,4,4,5,445,Champions,High Value
12371,45,5,4067.38,Switzerland,2011-10-26 10:16:00,645,4,4,5,445,Champions,High Value
12372,72,3,1298.04,Denmark,2011-09-29 12:12:00,297,3,3,4,334,Loyal,High Value
12373,311,3,1127.65,Austria,2011-02-01 13:10:00,674,2,3,3,233,At Risk,Low Value/At Risk
12374,25,4,2989.2200000000003,Austria,2011-11-14 15:37:00,588,4,3,5,435,Loyal,High Value
12375,11,2,457.5,Finland,2011-11-29 10:36:00,98,5,2,2,522,New Customers,Medium Value
12376,390,2,503.15,Switzerland,2010-11-15 12:15:00,418,2,2,2,222,Need Attention,Medium Value
12377,315,4,3426.32,Switzerland,2011-01-28 15:45:00,589,2,3,5,235,At Risk,Low Value/At Risk
12378,130,2,5416.32,Switzerland,2011-08-02 10:34:00,562,3,2,5,325,Need Attention,Medium Value
12379,82,4,1620.22,Belgium,2011-09-19 10:09:00,535,3,3,4,334,Loyal,High Value
12380,22,11,9676.300000000001,Belgium,2011-11-18 11:27:00,663,4,5,5,455,Champions,High Value
12381,5,5,1845.31,Norway,2011-12-05 12:44:00,120,5,4,4,544,Champions,High Value
12383,185,5,1850.56,Belgium,2011-06-08 08:02:00,352,3,4,4,344,Loyal,High Value
12384,29,2,585.27,Switzerland,2011-11-11 08:39:00,122,4,2,2,422,New Customers,Medium Value
12385,379,1,1938.4,Belgium,2010-11-25 15:14:00,379,2,1,4,214,About to Sleep,Low Value/At Risk
12386,338,2,660.8,Australia,2011-01-06 12:37:00,367,2,2,3,223,Need Attention,Medium Value
12387,415,1,143.94,Australia,2010-10-20 16:27:00,415,1,1,1,111,At Risk,Low Value/At Risk
12388,16,8,3901.11,Australia,2011-11-24 12:30:00,582,5,4,5,545,Champions,High Value
12389,403,3,1433.33,Australia,2010-11-02 11:52:00,656,2,3,4,234,At Risk,Low Value/At Risk
12390,80,1,549.84,Belgium,2011-09-21 09:33:00,80,3,1,2,312,About to Sleep,Low Value/At Risk
12391,22,6,2773.42,Cyprus,2011-11-18 12:07:00,663,4,4,4,444,Champions,High Value
12392,591,1,234.75000000000003,Australia,2010-04-27 14:04:00,591,1,1,1,111,At Risk,Low Value/At Risk
12393,72,6,2399.4500000000003,Australia,2011-09-28 15:41:00,428,3,4,4,344,Loyal,High Value
12394,64,2,1272.48,Belgium,2011-10-07 08:08:00,217,3,2,4,324,Need Attention,Medium Value
12395,19,15,5067.27,Belgium,2011-11-20 15:21:00,603,5,5,5,555,Champions,High Value
12396,674,1,931.43,RSA,2010-02-03 13:22:00,674,1,1,3,113,At Risk,Low Value/At Risk
12397,36,2,2409.9,Belgium,2011-11-04 09:52:00,135,4,2,4,424,New Customers,Medium Value
12398,46,1,1635.6599999999999,Switzerland,2011-10-25 10:27:00,46,4,1,4,414,New Customers,Medium Value
12399,119,7,1962.3,Belgium,2011-08-12 13:15:00,645,3,4,4,344,Loyal,High Value
12400,414,1,205.25,Australia,2010-10-21 13:45:00,414,1,1,1,111,At Risk,Low Value/At Risk
12401,303,1,84.3,Belgium,2011-02-09 13:50:00,303,2,1,1,211,About to Sleep,Low Value/At Risk
12402,323,6,1256.9,Belgium,2011-01-20 13:49:00,671,2,4,4,244,At Risk,Low Value/At Risk
12403,50,2,1019.36,Denmark,2011-10-21 10:51:00,522,4,2,3,423,New Customers,Medium Value
12404,682,1,63.24,Finland,2010-01-26 16:25:00,682,1,1,1,111,At Risk,Low Value/At Risk
12405,149,1,1710.39,Finland,2011-07-14 08:52:00,149,3,1,4,314,About to Sleep,Low Value/At Risk
12406,22,5,6390.36,Denmark,2011-11-17 19:22:00,697,4,4,5,445,Champions,High Value
12407,50,5,1708.1200000000001,Belgium,2011-10-21 10:11:00,264,4,4,4,444,Champions,High Value
12408,33,8,4340.7699999999995,Belgium,2011-11-07 12:27:00,498,4,4,5,445,Champions,High Value
12409,79,7,23419.29,Switzerland,2011-09-22 10:38:00,565,3,4,5,345,Loyal,High Value
12410,309,3,1013.71,Switzerland,2011-02-04 10:39:00,502,2,3,3,233,At Risk,Low Value/At Risk
12411,410,1,346.9,Australia,2010-10-26 09:25:00,410,2,1,2,212,About to Sleep,Low Value/At Risk
12412,75,6,2596.93,Denmark,2011-09-26 10:16:00,539,3,4,4,344,Loyal,High Value
12413,67,4,999.45,Spain,2011-10-04 09:00:00,402,3,3,3,333,Loyal,High Value
12414,217,6,952.41,Austria,2011-05-06 14:51:00,464,2,4,3,243,At Risk,Low Value/At Risk
12415,24,28,144458.37,Australia,2011-11-15 14:22:00,528,4,5,5,455,Champions,High Value
12416,657,1,202.56,Australia,2010-02-21 10:19:00,657,1,1,1,111,At Risk,Low Value/At Risk
12417,3,20,6816.91,Belgium,2011-12-06 14:52:00,734,5,5,5,555,Champions,High Value
12418,113,4,2021.2,Switzerland,2011-08-19 11:08:00,630,3,3,4,334,Loyal,High Value
12419,386,2,503.01,Spain,2010-11-19 10:04:00,414,2,2,2,222,Need Attention,Medium Value
12420,64,1,600.39,Cyprus,2011-10-07 08:55:00,64,3,1,2,312,About to Sleep,Low Value/At Risk
12421,16,6,1098.6,Spain,2011-11-24 09:07:00,505,5,4,3,543,Loyal,High Value
12422,96,17,5231.8,Australia,2011-09-05 09:48:00,722,3,5,5,355,Loyal,High Value
12423,1,10,2622.39,Denmark,2011-12-09 10:10:00,466,5,5,4,554,Champions,High Value
12424,163,4,3340.03,Australia,2011-06-30 12:06:00,548,3,3,5,335,Loyal,High Value
12425,78,2,1741.41,Portugal,2011-09-22 17:31:00,448,3,2,4,324,Need Attention,Medium Value
12426,195,2,1345.21,Germany,2011-05-29 12:26:00,663,2,2,4,224,Need Attention,Medium Value
12427,22,3,1129.3,Germany,2011-11-18 08:56:00,372,4,3,3,433,Loyal,High Value
12428,26,9,7956.46,Finland,2011-11-14 08:22:00,284,4,5,5,455,Champions,High Value
12429,9,8,7485.91,Denmark,2011-11-30 17:22:00,546,5,4,5,545,Champions,High Value
12430,43,1,256.4,Norway,2011-10-27 15:09:00,43,4,1,1,411,New Customers,Medium Value
12431,36,27,10857.97,Belgium,2011-11-04 11:55:00,694,4,5,5,455,Champions,High Value
12432,43,5,5059.32,Norway,2011-10-28 11:43:00,172,4,4,5,445,Champions,High Value
12433,1,10,20581.26,Norway,2011-12-09 10:02:00,477,5,5,5,555,Champions,High Value
12434,85,3,1103.43,Australia,2011-09-16 12:38:00,381,3,3,3,333,Loyal,High Value
12435,80,6,13925.93,Denmark,2011-09-21 09:06:00,737,3,4,5,345,Loyal,High Value
12436,100,1,509.01,Norway,2011-09-01 12:09:00,100,3,1,2,312,About to Sleep,Low Value/At Risk
12437,2,39,12683.4,France,2011-12-08 11:35:00,737,5,5,5,555,Champions,High Value
12438,14,2,2906.85,Norway,2011-11-25 13:28:00,140,5,2,4,524,New Customers,Medium Value
12439,683,2,1158.18,Cyprus,2010-01-26 12:11:00,726,1,2,3,123,At Risk,Low Value/At Risk
12440,462,2,859.2,Austria,2010-09-03 13:11:00,718,1,2,3,123,At Risk,Low Value/At Risk
12441,367,1,347.1,France,2010-12-08 10:45:00,367,2,1,2,212,About to Sleep,Low Value/At Risk
12442,3,1,172.06,Spain,2011-12-06 14:22:00,3,5,1,1,511,New Customers,Medium Value
12443,732,1,485.31,Norway,2009-12-07 15:42:00,732,1,1,2,112,At Risk,Low Value/At Risk
12444,21,5,5005.46,Norway,2011-11-18 13:23:00,171,4,4,5,445,Champions,High Value
12445,22,2,434.98,Spain,2011-11-17 18:43:00,421,4,2,2,422,New Customers,Medium Value
12446,58,1,1002.3100000000001,RSA,2011-10-13 12:50:00,58,4,1,3,413,New Customers,Medium Value
12447,243,1,476.49,Belgium,2011-04-10 13:25:00,243,2,1,2,212,About to Sleep,Low Value/At Risk
12448,44,1,449.45,Spain,2011-10-26 13:46:00,44,4,1,2,412,New Customers,Medium Value
12449,22,6,4835.89,Denmark,2011-11-17 13:46:00,439,4,4,5,445,Champions,High Value
12450,156,5,688.2,Spain,2011-07-06 14:41:00,474,3,4,3,343,Loyal,High Value
12451,11,8,12669.88,Switzerland,2011-11-29 08:40:00,529,5,4,5,545,Champions,High Value
12452,17,2,430.57,Switzerland,2011-11-23 10:28:00,17,5,2,2,522,New Customers,Medium Value
12453,134,1,707.09,Austria,2011-07-28 14:08:00,134,3,1,3,313,About to Sleep,Low Value/At Risk
12454,56,5,16679.78,Spain,2011-10-14 17:13:00,421,4,4,5,445,Champions,High Value
12455,73,10,5879.95,Cyprus,2011-09-27 15:31:00,722,3,5,5,355,Loyal,High Value
12456,44,3,3181.04,Switzerland,2011-10-26 14:41:00,255,4,3,5,435,Loyal,High Value
12457,66,8,2995.91,Switzerland,2011-10-04 13:13:00,435,3,4,5,345,Loyal,High Value
12458,71,4,1777.49,Switzerland,2011-09-29 15:25:00,488,3,3,4,334,Loyal,High Value
12459,605,1,454.36,Spain,2010-04-13 14:53:00,605,1,1,2,112,At Risk,Low Value/At Risk
12460,456,1,326.65,Belgium,2010-09-09 13:51:00,456,1,1,2,112,At Risk,Low Value/At Risk
12461,94,2,826.88,Switzerland,2011-09-06 16:57:00,155,3,2,3,323,Need Attention,Medium Value
12462,19,2,1189.59,Spain,2011-11-21 09:11:00,303,5,2,3,523,New Customers,Medium Value
12463,53,4,1344.78,Belgium,2011-10-17 13:44:00,242,4,3,4,434,Loyal,High Value
12464,10,8,1212.05,Belgium,2011-11-29 13:33:00,309,5,4,3,543,Loyal,High Value
12465,17,2,742.1899999999999,Belgium,2011-11-22 16:34:00,169,5,2,3,523,New Customers,Medium Value
12466,682,1,56.73,France,2010-01-26 16:26:00,682,1,1,1,111,At Risk,Low Value/At Risk
12467,423,1,132.8,USA,2010-10-12 15:41:00,423,1,1,1,111,At Risk,Low Value/At Risk
12468,188,5,3670.74,Germany,2011-06-05 11:36:00,683,3,4,5,345,Loyal,High Value
12469,523,2,3070.54,Thailand,2010-07-05 12:40:00,537,1,2,5,125,At Risk,Low Value/At Risk
12470,690,1,211.95,Unspecified,2010-01-19 11:01:00,690,1,1,1,111,At Risk,Low Value/At Risk
12471,2,79,39963.79,Germany,2011-12-07 15:43:00,733,5,5,5,555,Champions,High Value
12472,32,19,17880.59,Germany,2011-11-07 14:01:00,726,4,5,5,455,Champions,High Value
12473,29,5,3938.5499999999997,Germany,2011-11-10 13:46:00,192,4,4,5,445,Champions,High Value
12474,17,31,12424.45,Germany,2011-11-22 14:39:00,667,5,5,5,555,Champions,High Value
12475,54,2,1149.64,Germany,2011-10-17 10:10:00,410,4,2,3,423,New Customers,Medium Value
12476,16,23,14115.41,Germany,2011-11-24 12:40:00,502,5,5,5,555,Champions,High Value
12477,23,9,20276.37,Germany,2011-11-17 09:51:00,623,4,5,5,455,Champions,High Value
12478,4,1,680.99,Greece,2011-12-06 09:56:00,4,5,1,3,513,New Customers,Medium Value
12479,11,1,527.2,Germany,2011-11-28 13:26:00,11,5,1,2,512,New Customers,Medium Value
12480,28,7,5464.85,Germany,2011-11-11 14:52:00,507,4,4,5,445,Champions,High Value
12481,23,15,12361.39,Germany,2011-11-17 08:29:00,607,4,5,5,455,Champions,High Value
12482,576,29,23691.4,Sweden,2010-05-12 16:51:00,654,1,5,5,155,At Risk,Low Value/At Risk
12483,17,19,5120.58,Sweden,2011-11-22 17:02:00,677,5,5,5,555,Champions,High Value
12484,33,12,6370.15,Spain,2011-11-07 11:37:00,681,4,5,5,455,Champions,High Value
12485,529,1,708.1,Sweden,2010-06-28 15:22:00,529,1,1,3,113,At Risk,Low Value/At Risk
12486,432,1,1037.28,Sweden,2010-10-04 12:14:00,432,1,1,3,113,At Risk,Low Value/At Risk
12487,731,1,285.29999999999995,Sweden,2009-12-09 11:36:00,731,1,1,1,111,At Risk,Low Value/At Risk
12488,10,3,1298.66,France,2011-11-30 08:50:00,76,5,3,4,534,Loyal,High Value
12489,336,1,334.93,France,2011-01-07 13:13:00,336,2,1,2,212,About to Sleep,Low Value/At Risk
12490,5,21,9823.64,France,2011-12-04 16:07:00,738,5,5,5,555,Champions,High Value
12491,39,1,460.40000000000003,France,2011-11-01 12:18:00,39,4,1,2,412,New Customers,Medium Value
12492,63,3,715.21,Germany,2011-10-07 15:15:00,403,3,3,3,333,Loyal,High Value
12493,166,2,433.74,France,2011-06-27 10:17:00,197,3,2,2,322,Need Attention,Medium Value
12494,16,9,1872.8700000000001,France,2011-11-24 09:34:00,576,5,5,4,554,Champions,High Value
12495,641,1,357.4,Sweden,2010-03-09 10:53:00,641,1,1,2,112,At Risk,Low Value/At Risk
12496,620,2,54.09,Spain,2010-03-29 14:06:00,620,1,2,1,121,At Risk,Low Value/At Risk
12497,82,3,6248.5,Germany,2011-09-19 12:29:00,645,3,3,5,335,Loyal,High Value
12498,21,3,403.70000000000005,Germany,2011-11-18 12:53:00,58,4,3,2,432,Potential,High Value
12499,560,1,393.72,Germany,2010-05-28 15:12:00,560,1,1,2,112,At Risk,Low Value/At Risk
12500,23,19,5955.21,Germany,2011-11-16 16:20:00,673,4,5,5,455,Champions,High Value
12501,337,1,2169.39,Germany,2011-01-07 12:28:00,337,2,1,4,214,About to Sleep,Low Value/At Risk
12502,96,5,3723.87,Spain,2011-09-05 11:52:00,310,3,4,5,345,Loyal,High Value
12503,584,1,1126.0,Spain,2010-05-04 13:59:00,584,1,1,3,113,At Risk,Low Value/At Risk
12504,18,4,779.05,Germany,2011-11-21 16:02:00,597,5,3,3,533,Loyal,High Value
12505,409,1,955.2,Italy,2010-10-27 09:18:00,409,2,1,3,213,About to Sleep,Low Value/At Risk
12506,233,1,73.5,France,2011-04-21 08:54:00,233,2,1,1,211,About to Sleep,Low Value/At Risk
12507,134,4,1844.06,Spain,2011-07-28 17:09:00,585,3,3,4,334,Loyal,High Value
12508,26,2,398.27,France,2011-11-13 15:37:00,29,4,2,2,422,New Customers,Medium Value
12509,284,1,176.5,France,2011-02-28 14:45:00,284,2,1,1,211,About to Sleep,Low Value/At Risk
12510,143,9,5178.02,Spain,2011-07-20 10:15:00,735,3,5,5,355,Loyal,High Value
12511,429,1,3084.02,Greece,2010-10-07 10:39:00,429,1,1,5,115,At Risk,Low Value/At Risk
12512,66,2,138.03,Israel,2011-10-04 14:55:00,66,3,2,1,321,Need Attention,Medium Value
12513,113,1,612.29,France,2011-08-19 10:51:00,113,3,1,2,312,About to Sleep,Low Value/At Risk
12514,267,2,1597.76,Italy,2011-03-17 16:38:00,642,2,2,4,224,Need Attention,Medium Value
12515,353,1,383.7,Italy,2010-12-21 15:43:00,353,2,1,2,212,About to Sleep,Low Value/At Risk
12516,78,4,2648.62,Germany,2011-09-23 09:13:00,599,3,3,4,334,Loyal,High Value
12517,28,5,2502.84,Germany,2011-11-11 14:04:00,190,4,4,4,444,Champions,High Value
12518,1,5,2056.89,Germany,2011-12-09 10:13:00,110,5,4,4,544,Champions,High Value
12519,64,2,726.54,Germany,2011-10-07 09:26:00,477,3,2,3,323,Need Attention,Medium Value
12520,79,5,2634.26,Germany,2011-09-21 15:23:00,274,3,4,4,344,Loyal,High Value
12521,143,1,599.68,Germany,2011-07-20 10:51:00,143,3,1,2,312,About to Sleep,Low Value/At Risk
12522,39,2,192.72,Germany,2011-10-31 15:30:00,51,4,2,1,421,New Customers,Medium Value
12523,19,23,4372.15,France,2011-11-20 12:55:00,732,5,5,5,555,Champions,High Value
12524,9,17,11126.11,Germany,2011-11-30 15:31:00,669,5,5,5,555,Champions,High Value
12525,498,3,973.73,France,2010-07-29 16:08:00,647,1,3,3,133,At Risk,Low Value/At Risk
12526,1,3,1316.66,Germany,2011-12-09 12:09:00,94,5,3,4,534,Loyal,High Value
12527,82,5,735.51,Germany,2011-09-19 11:55:00,529,3,4,3,343,Loyal,High Value
12528,9,6,1933.48,Germany,2011-11-30 14:40:00,313,5,4,4,544,Champions,High Value
12529,528,1,316.48,France,2010-06-29 13:10:00,528,1,1,2,112,At Risk,Low Value/At Risk
12530,60,9,3759.26,Germany,2011-10-11 12:34:00,642,3,5,5,355,Loyal,High Value
12531,15,2,1933.2,Germany,2011-11-25 11:12:00,686,5,2,4,524,New Customers,Medium Value
12532,30,1,349.83000000000004,France,2011-11-09 13:47:00,30,4,1,2,412,New Customers,Medium Value
12533,628,2,1367.89,Germany,2010-03-22 10:56:00,739,1,2,4,124,At Risk,Low Value/At Risk
12534,131,1,1089.18,Germany,2011-08-01 10:26:00,131,3,1,3,313,About to Sleep,Low Value/At Risk
12535,92,2,716.35,France,2011-09-09 08:48:00,187,3,2,3,323,Need Attention,Medium Value
12536,43,3,12601.830000000002,France,2011-10-27 14:20:00,59,4,3,5,435,Loyal,High Value
12537,409,1,732.94,Sweden,2010-10-27 08:36:00,409,2,1,3,213,About to Sleep,Low Value/At Risk
12538,29,2,640.45,Spain,2011-11-10 17:16:00,378,4,2,3,423,New Customers,Medium Value
12539,22,7,11214.75,Spain,2011-11-17 13:30:00,716,4,4,5,445,Champions,High Value
12540,20,33,22254.49,Spain,2011-11-20 11:31:00,732,4,5,5,455,Champions,High Value
12541,30,3,981.18,Spain,2011-11-10 10:40:00,281,4,3,3,433,Loyal,High Value
12542,484,2,481.88,Spain,2010-08-12 19:12:00,640,1,2,2,122,At Risk,Low Value/At Risk
12543,448,1,980.25,Spain,2010-09-17 15:51:00,448,1,1,3,113,At Risk,Low Value/At Risk
12544,36,1,372.7,Spain,2011-11-03 16:15:00,36,4,1,2,412,New Customers,Medium Value
12545,75,2,1000.39,Spain,2011-09-25 13:39:00,260,3,2,3,323,Need Attention,Medium Value
12546,47,2,1161.5,Spain,2011-10-24 12:09:00,78,4,2,3,423,New Customers,Medium Value
12547,198,3,383.58,Spain,2011-05-26 12:38:00,500,2,3,2,232,At Risk,Low Value/At Risk
12548,166,1,95.19999999999999,Spain,2011-06-26 15:35:00,166,3,1,1,311,About to Sleep,Low Value/At Risk
12549,576,6,1575.68,USA,2010-05-13 12:05:00,698,1,4,4,144,At Risk,Low Value/At Risk
12550,79,1,964.83,Spain,2011-09-21 14:35:00,79,3,1,3,313,About to Sleep,Low Value/At Risk
12551,358,1,168.0,Spain,2010-12-17 11:23:00,358,2,1,1,211,About to Sleep,Low Value/At Risk
12552,39,2,437.82,Italy,2011-11-01 10:02:00,40,4,2,2,422,New Customers,Medium Value
12553,8,12,4608.75,France,2011-12-01 16:38:00,423,5,5,5,555,Champions,High Value
12554,449,1,468.5,Spain,2010-09-17 12:29:00,449,1,1,2,112,At Risk,Low Value/At Risk
12555,682,1,129.23,Spain,2010-01-26 16:26:00,682,1,1,1,111,At Risk,Low Value/At Risk
12556,50,2,603.71,Spain,2011-10-20 13:06:00,151,4,2,2,422,New Customers,Medium Value
12557,16,8,18716.14,Spain,2011-11-23 16:59:00,723,5,4,5,545,Champions,High Value
12558,8,1,269.96,USA,2011-12-02 10:41:00,8,5,1,1,511,New Customers,Medium Value
12559,311,2,561.71,Germany,2011-02-02 09:49:00,320,2,2,2,222,Need Attention,Medium Value
12560,5,3,2134.01,Germany,2011-12-04 13:54:00,143,5,3,4,534,Loyal,High Value
12561,303,1,238.85,Germany,2011-02-10 11:39:00,303,2,1,1,211,About to Sleep,Low Value/At Risk
12562,8,9,4966.92,France,2011-12-01 17:20:00,435,5,5,5,555,Champions,High Value
12563,409,1,249.24,Italy,2010-10-27 09:52:00,409,2,1,1,211,About to Sleep,Low Value/At Risk
12564,261,1,456.9,France,2011-03-23 14:55:00,261,2,1,2,212,About to Sleep,Low Value/At Risk
12565,289,1,145.92,Saudi Arabia,2011-02-24 10:34:00,289,2,1,1,211,About to Sleep,Low Value/At Risk
12566,86,1,351.65,Germany,2011-09-14 14:30:00,86,3,1,2,312,About to Sleep,Low Value/At Risk
12567,23,15,13709.86,France,2011-11-17 11:02:00,667,4,5,5,455,Champions,High Value
12568,645,1,70.0,Germany,2010-03-05 09:15:00,645,1,1,1,111,At Risk,Low Value/At Risk
12569,2,32,4124.69,Germany,2011-12-07 16:24:00,252,5,5,5,555,Champions,High Value
12570,682,1,77.52,Spain,2010-01-26 17:28:00,682,1,1,1,111,At Risk,Low Value/At Risk
12571,40,2,519.61,France,2011-10-31 10:19:00,122,4,2,2,422,New Customers,Medium Value
12572,9,2,1020.42,Germany,2011-12-01 09:20:00,52,5,2,3,523,New Customers,Medium Value
12573,227,5,717.41,France,2011-04-26 15:52:00,465,2,4,3,243,At Risk,Low Value/At Risk
12574,316,1,218.45,France,2011-01-28 09:20:00,316,2,1,1,211,About to Sleep,Low Value/At Risk
12575,457,2,622.8199999999999,France,2010-09-08 13:09:00,527,1,2,3,123,At Risk,Low Value/At Risk
12576,36,8,2142.72,Poland,2011-11-04 10:11:00,526,4,4,4,444,Champions,High Value
12577,35,8,1653.75,France,2011-11-04 13:24:00,736,4,4,4,444,Champions,High Value
12578,21,4,4642.45,Italy,2011-11-18 13:30:00,444,4,3,5,435,Loyal,High Value
12579,78,1,440.42,France,2011-09-22 17:15:00,78,3,1,2,312,About to Sleep,Low Value/At Risk
12580,247,2,1052.9,Germany,2011-04-07 10:24:00,577,2,2,3,223,Need Attention,Medium Value
12581,40,1,197.71,Germany,2011-10-31 08:56:00,40,4,1,1,411,New Customers,Medium Value
12582,239,4,1980.4,Finland,2011-04-15 08:45:00,578,2,3,4,234,At Risk,Low Value/At Risk
12583,3,27,14447.44,France,2011-12-07 08:07:00,734,5,5,5,555,Champions,High Value
12584,4,9,2338.15,Italy,2011-12-06 09:35:00,280,5,5,4,554,Champions,High Value
12585,234,2,2040.1,Germany,2011-04-19 13:39:00,351,2,2,4,224,Need Attention,Medium Value
12586,17,4,2062.67,Italy,2011-11-22 16:24:00,723,5,3,4,534,Loyal,High Value
12587,8,1,144.0,Finland,2011-12-02 12:47:00,8,5,1,1,511,New Customers,Medium Value
12588,39,4,958.78,Finland,2011-10-31 15:01:00,598,4,3,3,433,Loyal,High Value
12589,29,8,4695.66,France,2011-11-11 10:19:00,690,4,4,5,445,Champions,High Value
12590,211,2,9864.26,Germany,2011-05-12 14:52:00,211,2,2,5,225,Need Attention,Medium Value
12591,317,3,1352.15,Italy,2011-01-26 14:35:00,409,2,3,4,234,At Risk,Low Value/At Risk
12592,92,5,2582.66,Germany,2011-09-08 15:04:00,519,3,4,4,344,Loyal,High Value
12593,109,3,418.09999999999997,France,2011-08-23 12:43:00,219,3,3,2,332,Potential,High Value
12594,38,15,5090.110000000001,Italy,2011-11-02 12:20:00,646,4,5,5,455,Champions,High Value
12595,505,1,299.02,Germany,2010-07-23 09:10:00,505,1,1,2,112,At Risk,Low Value/At Risk
12596,51,2,618.27,Spain,2011-10-19 13:02:00,242,4,2,3,423,New Customers,Medium Value
12597,19,4,3811.22,Spain,2011-11-20 13:33:00,268,5,3,5,535,Loyal,High Value
12598,10,11,4534.09,France,2011-11-30 12:18:00,649,5,5,5,555,Champions,High Value
12599,29,13,2296.72,France,2011-11-10 13:34:00,578,4,5,4,454,Champions,High Value
12600,29,21,5043.92,Germany,2011-11-11 10:29:00,732,4,5,5,455,Champions,High Value
12601,190,6,681.26,Germany,2011-06-03 10:17:00,405,2,4,3,243,At Risk,Low Value/At Risk
12602,59,1,153.12,France,2011-10-12 11:22:00,59,4,1,1,411,New Customers,Medium Value
12603,22,1,739.1999999999999,Germany,2011-11-18 10:42:00,22,4,1,3,413,New Customers,Medium Value
12604,79,2,254.18,France,2011-09-21 14:08:00,262,3,2,1,321,Need Attention,Medium Value
12605,376,4,1232.95,Germany,2010-11-28 14:18:00,458,2,3,3,233,At Risk,Low Value/At Risk
12606,682,1,21.0,Spain,2010-01-26 16:23:00,682,1,1,1,111,At Risk,Low Value/At Risk
12607,60,1,1579.51,USA,2011-10-10 16:06:00,60,3,1,4,314,About to Sleep,Low Value/At Risk
12608,405,1,415.79,United Kingdom,2010-10-31 10:49:00,405,2,1,2,212,About to Sleep,Low Value/At Risk
12609,78,9,3435.86,Germany,2011-09-22 16:34:00,719,3,5,5,355,Loyal,High Value
12610,23,5,2099.54,Italy,2011-11-17 09:34:00,126,4,4,4,444,Champions,High Value
12611,52,1,1193.32,Italy,2011-10-18 13:12:00,52,4,1,3,413,New Customers,Medium Value
12612,74,1,704.0400000000001,Germany,2011-09-26 15:35:00,74,3,1,3,313,About to Sleep,Low Value/At Risk
12613,57,10,6835.07,Germany,2011-10-13 14:59:00,725,4,5,5,455,Champions,High Value
12614,278,1,315.6,Germany,2011-03-07 10:22:00,278,2,1,2,212,About to Sleep,Low Value/At Risk
12615,2,8,5740.98,France,2011-12-07 15:02:00,631,5,4,5,545,Champions,High Value
12616,95,3,1131.1,France,2011-09-05 15:17:00,389,3,3,3,333,Loyal,High Value
12617,29,1,355.53,France,2011-11-10 14:39:00,29,4,1,2,412,New Customers,Medium Value
12618,22,1,177.31,Italy,2011-11-18 11:10:00,22,4,1,1,411,New Customers,Medium Value
12619,16,10,3781.38,Germany,2011-11-23 14:52:00,560,5,5,5,555,Champions,High Value
12620,15,3,1339.41,France,2011-11-25 10:20:00,205,5,3,4,534,Loyal,High Value
12621,2,35,24775.81,Germany,2011-12-08 11:25:00,669,5,5,5,555,Champions,High Value
12622,232,1,180.1,Germany,2011-04-21 16:39:00,232,2,1,1,211,About to Sleep,Low Value/At Risk
12623,276,7,3747.84,Germany,2011-03-08 13:50:00,697,2,4,5,245,At Risk,Low Value/At Risk
12624,106,2,641.13,France,2011-08-25 15:04:00,178,3,2,3,323,Need Attention,Medium Value
12625,212,4,5164.88,Germany,2011-05-12 09:54:00,597,2,3,5,235,At Risk,Low Value/At Risk
12626,23,9,6620.48,Germany,2011-11-16 16:06:00,327,4,5,5,455,Champions,High Value
12627,11,7,4478.53,Germany,2011-11-29 12:07:00,140,5,4,5,545,Champions,High Value
12628,4,3,786.46,Germany,2011-12-05 13:15:00,65,5,3,3,533,Loyal,High Value
12629,386,2,1558.22,Sweden,2010-11-19 09:18:00,423,2,2,4,224,Need Attention,Medium Value
12630,10,2,1270.88,Finland,2011-11-30 10:48:00,44,5,2,4,524,New Customers,Medium Value
12631,57,6,3481.57,Finland,2011-10-13 13:53:00,693,4,4,5,445,Champions,High Value
12632,521,2,804.88,Germany,2010-07-07 09:39:00,565,1,2,3,123,At Risk,Low Value/At Risk
12633,59,7,5678.16,Germany,2011-10-12 11:40:00,526,4,4,5,445,Champions,High Value
12634,536,2,490.0,USA,2010-06-22 10:05:00,548,1,2,2,122,At Risk,Low Value/At Risk
12635,90,4,2930.41,Germany,2011-09-11 11:04:00,457,3,3,4,334,Loyal,High Value
12636,739,1,141.0,USA,2009-12-01 09:55:00,739,1,1,1,111,At Risk,Low Value/At Risk
12637,67,12,8340.31,France,2011-10-03 13:46:00,543,3,5,5,355,Loyal,High Value
12638,33,2,921.49,Sweden,2011-11-06 13:11:00,640,4,2,3,423,New Customers,Medium Value
12639,239,3,1312.37,Sweden,2011-04-15 12:48:00,628,2,3,4,234,At Risk,Low Value/At Risk
12640,24,3,1174.58,France,2011-11-16 11:52:00,82,4,3,3,433,Loyal,High Value
12641,115,1,185.9,Sweden,2011-08-16 13:26:00,115,3,1,1,311,About to Sleep,Low Value/At Risk
12642,25,3,1013.26,Germany,2011-11-14 15:03:00,108,4,3,3,433,Loyal,High Value
12643,128,12,8350.42,France,2011-08-03 12:56:00,611,3,5,5,355,Loyal,High Value
12644,130,4,1918.49,Germany,2011-08-02 10:33:00,694,3,3,4,334,Loyal,High Value
12645,34,8,3539.3,Germany,2011-11-06 12:38:00,669,4,4,5,445,Champions,High Value
12646,5,2,1346.97,USA,2011-12-05 10:14:00,49,5,2,4,524,New Customers,Medium Value
12647,22,36,17924.35,Germany,2011-11-17 12:56:00,695,4,5,5,455,Champions,High Value
12648,155,4,1112.0,Germany,2011-07-08 11:55:00,701,3,3,3,333,Loyal,High Value
12649,107,8,2294.65,Germany,2011-08-24 14:41:00,696,3,4,4,344,Loyal,High Value
12650,3,1,314.44,France,2011-12-06 16:34:00,3,5,1,2,512,New Customers,Medium Value
12651,335,4,377.75,France,2011-01-09 12:46:00,465,2,3,2,232,At Risk,Low Value/At Risk
12652,331,2,1017.03,Germany,2011-01-12 15:00:00,434,2,2,3,223,Need Attention,Medium Value
12653,149,3,4160.83,Israel,2011-07-14 10:41:00,527,3,3,5,335,Loyal,High Value
12654,11,5,601.98,Germany,2011-11-29 10:10:00,295,5,4,2,542,Potential,High Value
12655,424,1,261.35,France,2010-10-12 09:17:00,424,1,1,1,111,At Risk,Low Value/At Risk
12656,17,8,6407.83,France,2011-11-22 13:42:00,563,5,4,5,545,Champions,High Value
12657,11,4,1643.18,France,2011-11-28 15:47:00,79,5,3,4,534,Loyal,High Value
12658,19,1,686.05,Germany,2011-11-21 10:22:00,19,5,1,3,513,New Customers,Medium Value
12659,30,1,91.68,France,2011-11-10 11:53:00,30,4,1,1,411,New Customers,Medium Value
12660,11,1,245.1,France,2011-11-28 13:26:00,11,5,1,1,511,New Customers,Medium Value
12661,436,1,162.0,Sweden,2010-09-29 16:46:00,436,1,1,1,111,At Risk,Low Value/At Risk
12662,1,20,6988.02,Germany,2011-12-09 11:59:00,618,5,5,5,555,Champions,High Value
12663,625,2,239.4,Germany,2010-03-25 09:40:00,668,1,2,1,121,At Risk,Low Value/At Risk
12664,8,11,6070.04,Finland,2011-12-01 17:07:00,727,5,5,5,555,Champions,High Value
12665,325,3,313.6,Germany,2011-01-19 08:34:00,669,2,3,2,232,At Risk,Low Value/At Risk
12666,394,1,1248.42,Israel,2010-11-10 16:40:00,394,2,1,3,213,About to Sleep,Low Value/At Risk
12667,58,1,620.13,Finland,2011-10-12 17:00:00,58,4,1,3,413,New Customers,Medium Value
12668,12,10,11444.68,Germany,2011-11-28 10:56:00,677,5,5,5,555,Champions,High Value
12669,151,3,2744.0299999999997,France,2011-07-12 09:54:00,257,3,3,4,334,Loyal,High Value
12670,10,7,3760.29,France,2011-11-29 15:23:00,667,5,4,5,545,Champions,High Value
12671,606,1,2622.481,Germany,2010-04-12 16:30:00,606,1,1,4,114,At Risk,Low Value/At Risk
12672,330,2,437.05,France,2011-01-14 09:20:00,596,2,2,2,222,Need Attention,Medium Value
12673,5,3,1230.02,Germany,2011-12-04 13:55:00,402,5,3,3,533,Loyal,High Value
12674,39,4,1970.6,France,2011-11-01 12:12:00,208,4,3,4,434,Loyal,High Value
12675,554,2,958.5,Italy,2010-06-04 09:49:00,578,1,2,3,123,At Risk,Low Value/At Risk
12676,25,11,2843.09,Sweden,2011-11-15 12:25:00,483,4,5,4,454,Champions,High Value
12677,555,2,395.1,France,2010-06-02 14:30:00,666,1,2,2,122,At Risk,Low Value/At Risk
12678,42,21,34281.18,France,2011-10-28 13:04:00,701,4,5,5,455,Champions,High Value
12679,59,4,1113.02,France,2011-10-12 12:30:00,284,4,3,3,433,Loyal,High Value
12680,1,4,880.81,France,2011-12-09 12:50:00,113,5,3,3,533,Loyal,High Value
12681,15,45,30868.28,France,2011-11-25 11:33:00,726,5,5,5,555,Champions,High Value
12682,4,52,24033.91,France,2011-12-06 10:00:00,739,5,5,5,555,Champions,High Value
12683,4,21,12696.78,France,2011-12-05 16:31:00,726,5,5,5,555,Champions,High Value
12684,8,7,2283.63,France,2011-12-02 09:53:00,213,5,4,4,544,Champions,High Value
12685,28,6,2863.08,France,2011-11-11 13:46:00,94,4,4,4,444,Champions,High Value
12686,372,1,178.28,France,2010-12-03 09:51:00,372,2,1,1,211,About to Sleep,Low Value/At Risk
12687,481,2,2138.91,Sweden,2010-08-16 12:12:00,481,1,2,4,124,At Risk,Low Value/At Risk
12688,114,1,4873.8099999999995,Israel,2011-08-18 08:49:00,114,3,1,5,315,About to Sleep,Low Value/At Risk
12689,26,2,1247.61,France,2011-11-14 08:31:00,128,4,2,3,423,New Customers,Medium Value
12690,206,1,389.01,France,2011-05-18 09:09:00,206,2,1,2,212,About to Sleep,Low Value/At Risk
12691,28,7,1170.4,France,2011-11-11 16:49:00,421,4,4,3,443,Loyal,High Value
12692,637,1,110.95,France,2010-03-12 14:02:00,637,1,1,1,111,At Risk,Low Value/At Risk
12693,127,7,1703.02,Germany,2011-08-04 17:51:00,522,3,4,4,344,Loyal,High Value
12694,70,3,1843.35,France,2011-09-30 13:06:00,421,3,3,4,334,Loyal,High Value
12695,7,7,1407.1200000000001,France,2011-12-02 13:22:00,665,5,4,4,544,Champions,High Value
12696,435,2,851.91,Finland,2010-10-01 10:43:00,509,1,2,3,123,At Risk,Low Value/At Risk
12697,29,3,957.59,Sweden,2011-11-11 08:47:00,169,4,3,3,433,Loyal,High Value
12698,590,1,339.75,Germany,2010-04-28 15:51:00,590,1,1,2,112,At Risk,Low Value/At Risk
12699,418,1,638.11,Germany,2010-10-18 12:07:00,418,1,1,3,113,At Risk,Low Value/At Risk
12700,8,4,4939.99,France,2011-12-02 10:47:00,215,5,3,5,535,Loyal,High Value
12701,80,6,2446.41,Germany,2011-09-21 10:47:00,633,3,4,4,344,Loyal,High Value
12702,20,1,219.0,Germany,2011-11-20 10:36:00,20,4,1,1,411,New Customers,Medium Value
12703,71,4,1006.53,Germany,2011-09-29 17:52:00,685,3,3,3,333,Loyal,High Value
12704,7,8,2340.84,Finland,2011-12-02 13:15:00,170,5,4,4,544,Champions,High Value
12705,15,14,11762.1,Germany,2011-11-24 13:17:00,534,5,5,5,555,Champions,High Value
12707,292,1,603.42,France,2011-02-21 08:38:00,292,2,1,2,212,About to Sleep,Low Value/At Risk
12708,30,18,5314.1,Germany,2011-11-10 09:52:00,722,4,5,5,455,Champions,High Value
12709,15,34,31093.34,Germany,2011-11-24 15:38:00,730,5,5,5,555,Champions,High Value
12710,97,3,1149.02,Germany,2011-09-04 12:00:00,201,3,3,3,333,Loyal,High Value
12711,612,2,1339.05,Germany,2010-04-07 11:59:00,677,1,2,4,124,At Risk,Low Value/At Risk
12712,29,21,7193.66,Germany,2011-11-11 08:19:00,731,4,5,5,455,Champions,High Value
12713,1,1,848.55,Germany,2011-12-09 12:16:00,1,5,1,3,513,New Customers,Medium Value
12714,9,12,14093.71,France,2011-11-30 15:43:00,736,5,5,5,555,Champions,High Value
12715,106,1,353.86,Sweden,2011-08-25 15:22:00,106,3,1,2,312,About to Sleep,Low Value/At Risk
12716,4,2,1053.49,France,2011-12-06 08:55:00,133,5,2,3,523,New Customers,Medium Value
12717,151,3,1308.91,Greece,2011-07-11 14:47:00,590,3,3,4,334,Loyal,High Value
12718,71,1,238.25,France,2011-09-29 16:38:00,71,3,1,1,311,About to Sleep,Low Value/At Risk
12719,5,2,644.95,France,2011-12-04 13:45:00,65,5,2,3,523,New Customers,Medium Value
12720,3,30,8260.67,Germany,2011-12-07 08:03:00,507,5,5,5,555,Champions,High Value
12721,32,8,4013.08,France,2011-11-08 12:13:00,472,4,4,5,445,Champions,High Value
12722,85,4,997.63,France,2011-09-15 14:50:00,151,3,3,3,333,Loyal,High Value
12723,4,5,725.07,France,2011-12-06 10:19:00,65,5,4,3,543,Loyal,High Value
12724,5,7,2317.52,France,2011-12-04 16:02:00,535,5,4,4,544,Champions,High Value
12725,371,4,2694.56,Italy,2010-12-03 15:45:00,584,2,3,4,234,At Risk,Low Value/At Risk
12726,28,11,4014.6,France,2011-11-11 13:35:00,624,4,5,5,455,Champions,High Value
12727,11,10,5679.53,France,2011-11-29 11:46:00,655,5,5,5,555,Champions,High Value
12728,71,5,1070.17,France,2011-09-29 15:31:00,384,3,4,3,343,Loyal,High Value
12729,114,1,453.01,France,2011-08-18 11:40:00,114,3,1,2,312,About to Sleep,Low Value/At Risk
12730,522,1,829.25,Germany,2010-07-06 12:19:00,522,1,1,3,113,At Risk,Low Value/At Risk
12731,24,17,25775.71,France,2011-11-16 11:59:00,648,4,5,5,455,Champions,High Value
12732,180,1,236.26000000000002,France,2011-06-13 11:33:00,180,3,1,1,311,About to Sleep,Low Value/At Risk
12733,234,4,2424.87,USA,2011-04-19 16:19:00,689,2,3,4,234,At Risk,Low Value/At Risk
12734,353,3,639.65,France,2010-12-22 12:47:00,392,2,3,3,233,At Risk,Low Value/At Risk
12735,315,2,779.5699999999999,France,2011-01-28 13:37:00,337,2,2,3,223,Need Attention,Medium Value
12736,333,1,234.0,France,2011-01-11 07:57:00,333,2,1,1,211,About to Sleep,Low Value/At Risk
12737,499,2,3710.5,France,2010-07-29 12:29:00,499,1,2,5,125,At Risk,Low Value/At Risk
12738,372,1,310.7,Germany,2010-12-02 18:27:00,372,2,1,2,212,About to Sleep,Low Value/At Risk
12739,78,4,2726.73,United Arab Emirates,2011-09-22 13:00:00,394,3,3,4,334,Loyal,High Value
12740,64,1,427.6,France,2011-10-07 10:44:00,64,3,1,2,312,About to Sleep,Low Value/At Risk
12741,529,2,406.07,USA,2010-06-28 14:36:00,533,1,2,2,122,At Risk,Low Value/At Risk
12742,626,1,1201.52,United Arab Emirates,2010-03-24 12:43:00,626,1,1,3,113,At Risk,Low Value/At Risk
12743,134,2,546.43,Unspecified,2011-07-28 16:21:00,134,3,2,2,322,Need Attention,Medium Value
12744,52,11,25317.06,Singapore,2011-10-19 11:18:00,591,4,5,5,455,Champions,High Value
12745,487,3,925.41,EIRE,2010-08-10 10:14:00,682,1,3,3,133,At Risk,Low Value/At Risk
12746,541,1,254.55,United Kingdom,2010-06-17 10:41:00,541,1,1,1,111,At Risk,Low Value/At Risk
12747,2,26,9276.539999999999,United Kingdom,2011-12-07 14:34:00,732,5,5,5,555,Champions,High Value
12748,1,336,56599.39,United Kingdom,2011-12-09 12:20:00,735,5,5,5,555,Champions,High Value
12749,4,9,6897.36,United Kingdom,2011-12-06 09:56:00,521,5,5,5,555,Champions,High Value
12750,129,1,275.88,Poland,2011-08-03 09:13:00,129,3,1,1,311,About to Sleep,Low Value/At Risk
12751,445,1,268.27,Brazil,2010-09-21 12:49:00,445,1,1,1,111,At Risk,Low Value/At Risk
12752,81,1,4366.78,Norway,2011-09-19 13:32:00,81,3,1,5,315,About to Sleep,Low Value/At Risk
12753,23,6,21429.39,Japan,2011-11-17 10:52:00,363,4,4,5,445,Champions,High Value
12754,236,3,3010.74,Japan,2011-04-18 09:00:00,309,2,3,5,235,At Risk,Low Value/At Risk
12755,281,11,9030.66,Japan,2011-03-04 12:42:00,694,2,5,5,255,At Risk,Low Value/At Risk
12756,87,1,112.07999999999998,Japan,2011-09-14 09:31:00,87,3,1,1,311,About to Sleep,Low Value/At Risk
12757,16,13,7857.1,Portugal,2011-11-24 12:30:00,211,5,5,5,555,Champions,High Value
12758,117,7,9903.24,Portugal,2011-08-15 10:22:00,738,3,4,5,345,Loyal,High Value
12759,52,8,5020.74,Netherlands,2011-10-18 14:49:00,736,4,4,5,445,Champions,High Value
12760,456,1,347.8,Netherlands,2010-09-10 08:50:00,456,1,1,2,112,At Risk,Low Value/At Risk
12761,458,2,782.95,Netherlands,2010-09-08 12:17:00,465,1,2,3,123,At Risk,Low Value/At Risk
12762,8,2,1898.52,Portugal,2011-12-02 10:23:00,25,5,2,4,524,New Customers,Medium Value
12763,138,2,814.16,Japan,2011-07-24 14:12:00,369,3,2,3,323,Need Attention,Medium Value
12764,317,1,1693.88,Lebanon,2011-01-27 10:19:00,317,2,1,4,214,About to Sleep,Low Value/At Risk
12765,472,6,1404.58,Netherlands,2010-08-24 13:51:00,642,1,4,4,144,At Risk,Low Value/At Risk
12766,4,9,10068.28,Portugal,2011-12-06 08:46:00,408,5,5,5,555,Champions,High Value
12767,376,1,949.82,Korea,2010-11-29 09:38:00,376,2,1,3,213,About to Sleep,Low Value/At Risk
12768,451,1,168.69000000000003,Korea,2010-09-15 12:08:00,451,1,1,1,111,At Risk,Low Value/At Risk
12769,239,1,1143.6,Brazil,2011-04-15 10:25:00,239,2,1,3,213,About to Sleep,Low Value/At Risk
12770,211,2,3246.45,Japan,2011-05-13 09:33:00,457,2,2,5,225,Need Attention,Medium Value
12771,486,1,282.3,Portugal,2010-08-11 11:51:00,486,1,1,1,111,At Risk,Low Value/At Risk
12772,60,1,892.47,Portugal,2011-10-11 09:19:00,60,3,1,3,313,About to Sleep,Low Value/At Risk
12773,564,1,124.25,Portugal,2010-05-24 17:30:00,564,1,1,1,111,At Risk,Low Value/At Risk
12774,536,1,98.7,Netherlands,2010-06-22 10:38:00,536,1,1,1,111,At Risk,Low Value/At Risk
12775,17,7,1686.12,Netherlands,2011-11-22 16:33:00,409,5,4,4,544,Champions,High Value
12776,668,1,55.5,Portugal,2010-02-10 12:11:00,668,1,1,1,111,At Risk,Low Value/At Risk
12777,458,1,519.45,United Kingdom,2010-09-08 11:35:00,458,1,1,2,112,At Risk,Low Value/At Risk
12778,20,9,1775.68,Netherlands,2011-11-20 11:30:00,603,4,5,4,454,Champions,High Value
12779,38,14,6722.2699999999995,Poland,2011-11-02 11:43:00,737,4,5,5,455,Champions,High Value
12780,599,1,337.4,Netherlands,2010-04-20 09:40:00,599,1,1,2,112,At Risk,Low Value/At Risk
12781,64,2,826.74,Czech Republic,2011-10-07 10:37:00,285,3,2,3,323,Need Attention,Medium Value
12782,5,11,4618.24,Portugal,2011-12-05 09:16:00,519,5,5,5,555,Champions,High Value
12783,2,6,2225.91,Portugal,2011-12-07 15:56:00,75,5,4,4,544,Champions,High Value
12784,9,3,1804.75,Portugal,2011-11-30 15:38:00,529,5,3,4,534,Loyal,High Value
12785,364,3,1100.4,Portugal,2010-12-10 13:48:00,731,2,3,3,233,At Risk,Low Value/At Risk
12786,610,1,728.5,Netherlands,2010-04-09 12:12:00,610,1,1,3,113,At Risk,Low Value/At Risk
12787,10,4,862.18,Netherlands,2011-11-30 08:44:00,413,5,3,3,533,Loyal,High Value
12788,463,4,444.9,Netherlands,2010-09-02 14:21:00,528,1,3,2,132,At Risk,Low Value/At Risk
12789,65,3,273.35,Netherlands,2011-10-05 13:34:00,694,3,3,1,331,Potential,High Value
12790,192,2,591.85,Netherlands,2011-05-31 14:14:00,410,2,2,2,222,Need Attention,Medium Value
12791,374,6,1056.1100000000001,Netherlands,2010-12-01 11:27:00,624,2,4,3,243,At Risk,Low Value/At Risk
12792,257,2,827.01,Portugal,2011-03-28 11:36:00,535,2,2,3,223,Need Attention,Medium Value
12793,335,3,1017.33,Portugal,2011-01-09 12:12:00,401,2,3,3,233,At Risk,Low Value/At Risk
12794,53,2,860.41,Portugal,2011-10-17 14:54:00,99,4,2,3,423,New Customers,Medium Value
12795,19,1,430.48,Portugal,2011-11-21 10:27:00,19,5,1,2,512,New Customers,Medium Value
12796,628,1,381.0,Netherlands,2010-03-21 15:49:00,628,1,1,2,112,At Risk,Low Value/At Risk
12797,366,2,806.11,Portugal,2010-12-09 10:55:00,424,2,2,3,223,Need Attention,Medium Value
12798,10,4,8510.93,Japan,2011-11-29 15:52:00,422,5,3,5,535,Loyal,High Value
12799,529,1,219.35,Japan,2010-06-28 15:57:00,529,1,1,1,111,At Risk,Low Value/At Risk
12800,470,3,584.25,Portugal,2010-08-26 14:11:00,677,1,3,2,132,At Risk,Low Value/At Risk
12801,501,1,1071.82,Sweden,2010-07-27 09:38:00,501,1,1,3,113,At Risk,Low Value/At Risk
12802,187,7,2416.42,Netherlands,2011-06-06 09:36:00,564,3,4,4,344,Loyal,High Value
12803,393,1,1092.81,Netherlands,2010-11-11 14:57:00,393,2,1,3,213,About to Sleep,Low Value/At Risk
12804,466,2,327.02,Netherlands,2010-08-31 11:58:00,500,1,2,2,122,At Risk,Low Value/At Risk
12805,382,4,1434.95,Netherlands,2010-11-23 12:27:00,675,2,3,4,234,At Risk,Low Value/At Risk
12806,435,4,2878.96,Netherlands,2010-09-30 13:34:00,589,1,3,4,134,At Risk,Low Value/At Risk
12807,383,1,330.35,Sweden,2010-11-21 14:21:00,383,2,1,2,212,About to Sleep,Low Value/At Risk
12808,37,5,906.1,Portugal,2011-11-03 10:05:00,463,4,4,3,443,Loyal,High Value
12809,178,3,1755.94,Portugal,2011-06-15 10:51:00,647,3,3,4,334,Loyal,High Value
12810,535,2,534.99,Japan,2010-06-23 10:53:00,677,1,2,2,122,At Risk,Low Value/At Risk
12811,261,5,1033.9,Portugal,2011-03-24 09:42:00,428,2,4,3,243,At Risk,Low Value/At Risk
12812,45,1,229.64000000000001,Japan,2011-10-26 09:54:00,45,4,1,1,411,New Customers,Medium Value
12813,502,3,1687.8,Netherlands,2010-07-26 09:50:00,693,1,3,4,134,At Risk,Low Value/At Risk
12814,102,1,125.92,Poland,2011-08-30 12:11:00,102,3,1,1,311,About to Sleep,Low Value/At Risk
12815,148,2,1063.46,Poland,2011-07-15 10:21:00,198,3,2,3,323,Need Attention,Medium Value
12816,96,2,572.2,Poland,2011-09-05 12:41:00,176,3,2,2,322,Need Attention,Medium Value
12817,281,3,690.98,Austria,2011-03-03 16:28:00,435,2,3,3,233,At Risk,Low Value/At Risk
12818,262,1,1542.08,Austria,2011-03-23 12:06:00,262,2,1,4,214,About to Sleep,Low Value/At Risk
12819,458,1,540.52,United Kingdom,2010-09-07 15:20:00,458,1,1,2,112,At Risk,Low Value/At Risk
12820,3,11,2689.52,United Kingdom,2011-12-06 15:12:00,734,5,5,4,554,Champions,High Value
12821,214,2,220.8,United Kingdom,2011-05-09 15:51:00,611,2,2,1,221,Need Attention,Medium Value
12822,71,2,948.88,United Kingdom,2011-09-30 10:04:00,87,3,2,3,323,Need Attention,Medium Value
12823,75,18,6501.5,United Kingdom,2011-09-26 07:35:00,679,3,5,5,355,Loyal,High Value
12824,60,1,397.12,United Kingdom,2011-10-11 12:49:00,60,3,1,2,312,About to Sleep,Low Value/At Risk
12825,521,2,518.63,United Kingdom,2010-07-06 13:56:00,642,1,2,2,122,At Risk,Low Value/At Risk
12826,3,12,2955.75,United Kingdom,2011-12-07 10:25:00,722,5,5,4,554,Champions,High Value
12827,6,3,430.15000000000003,United Kingdom,2011-12-04 12:17:00,44,5,3,2,532,Potential,High Value
12828,3,6,1018.71,United Kingdom,2011-12-07 08:45:00,130,5,4,3,543,Loyal,High Value
12829,337,3,385.3,United Kingdom,2011-01-07 11:13:00,550,2,3,2,232,At Risk,Low Value/At Risk
12830,38,6,6814.64,United Kingdom,2011-11-02 11:54:00,172,4,4,5,445,Champions,High Value
12831,262,3,451.11,United Kingdom,2011-03-22 13:02:00,463,2,3,2,232,At Risk,Low Value/At Risk
12832,32,2,383.03,United Kingdom,2011-11-07 13:30:00,98,4,2,2,422,New Customers,Medium Value
12833,145,1,417.38,United Kingdom,2011-07-17 13:46:00,145,3,1,2,312,About to Sleep,Low Value/At Risk
12834,283,1,312.38,United Kingdom,2011-03-02 09:49:00,283,2,1,2,212,About to Sleep,Low Value/At Risk
12835,428,41,6043.31,United Kingdom,2010-10-08 10:59:00,737,1,5,5,155,At Risk,Low Value/At Risk
12836,59,15,6585.62,United Kingdom,2011-10-11 15:10:00,738,4,5,5,455,Champions,High Value
12837,173,2,688.41,United Kingdom,2011-06-19 16:07:00,569,3,2,3,323,Need Attention,Medium Value
12838,34,10,3398.48,United Kingdom,2011-11-06 12:20:00,593,4,5,5,455,Champions,High Value
12839,3,26,10071.73,United Kingdom,2011-12-07 12:33:00,733,5,5,5,555,Champions,High Value
12840,144,7,4041.97,United Kingdom,2011-07-19 09:29:00,674,3,4,5,345,Loyal,High Value
12841,5,40,7540.68,United Kingdom,2011-12-05 11:13:00,519,5,5,5,555,Champions,High Value
12842,70,4,1917.99,United Kingdom,2011-09-30 15:33:00,738,3,3,4,334,Loyal,High Value
12843,66,30,6588.41,United Kingdom,2011-10-05 12:09:00,727,3,5,5,355,Loyal,High Value
12844,29,4,648.6,United Kingdom,2011-11-10 13:31:00,594,4,3,3,433,Loyal,High Value
12845,267,4,354.09,United Kingdom,2011-03-17 13:34:00,290,2,3,2,232,At Risk,Low Value/At Risk
12846,682,1,15.58,United Kingdom,2010-01-26 16:29:00,682,1,1,1,111,At Risk,Low Value/At Risk
12847,22,2,1636.8999999999999,United Kingdom,2011-11-17 13:16:00,388,4,2,4,424,New Customers,Medium Value
12848,676,1,208.0,United Kingdom,2010-02-02 12:45:00,676,1,1,1,111,At Risk,Low Value/At Risk
12849,31,6,3090.56,United Kingdom,2011-11-08 13:41:00,591,4,4,5,445,Champions,High Value
12850,446,1,330.0,United Kingdom,2010-09-20 12:26:00,446,1,1,2,112,At Risk,Low Value/At Risk
12851,97,2,284.13,United Kingdom,2011-09-04 12:41:00,477,3,2,1,321,Need Attention,Medium Value
12852,295,1,311.55,United Kingdom,2011-02-18 08:47:00,295,2,1,2,212,About to Sleep,Low Value/At Risk
12853,135,11,3907.5,United Kingdom,2011-07-28 11:29:00,673,3,5,5,355,Loyal,High Value
12854,79,7,2994.02,United Kingdom,2011-09-22 12:15:00,728,3,4,5,345,Loyal,High Value
12855,373,4,650.9399999999999,United Kingdom,2010-12-02 09:37:00,402,2,3,3,233,At Risk,Low Value/At Risk
12856,8,6,2179.93,United Kingdom,2011-12-02 10:52:00,64,5,4,4,544,Champions,High Value
12857,211,6,3688.0,United Kingdom,2011-05-13 10:20:00,683,2,4,5,245,At Risk,Low Value/At Risk
12858,383,1,177.92,United Kingdom,2010-11-21 12:55:00,383,2,1,1,211,About to Sleep,Low Value/At Risk
12859,459,1,575.1,United Kingdom,2010-09-07 12:20:00,459,1,1,2,112,At Risk,Low Value/At Risk
12860,693,1,55.47,United Kingdom,2010-01-15 15:22:00,693,1,1,1,111,At Risk,Low Value/At Risk
12861,620,1,68.25,United Kingdom,2010-03-30 11:39:00,620,1,1,1,111,At Risk,Low Value/At Risk
12862,426,2,1008.3199999999999,United Kingdom,2010-10-10 11:47:00,495,1,2,3,123,At Risk,Low Value/At Risk
12863,52,6,2792.5499999999997,United Kingdom,2011-10-18 14:15:00,589,4,4,4,444,Champions,High Value
12864,138,2,299.57,United Kingdom,2011-07-24 13:03:00,508,3,2,2,322,Need Attention,Medium Value
12865,26,4,3323.47,Austria,2011-11-13 14:31:00,477,4,3,5,435,Loyal,High Value
12866,283,3,1227.35,Belgium,2011-03-01 14:11:00,503,2,3,3,233,At Risk,Low Value/At Risk
12867,26,13,7913.29,United Kingdom,2011-11-13 15:30:00,723,4,5,5,455,Champions,High Value
12868,186,8,2247.06,United Kingdom,2011-06-07 10:42:00,393,3,4,4,344,Loyal,High Value
12869,682,1,337.66999999999996,United Kingdom,2010-01-27 12:10:00,682,1,1,2,112,At Risk,Low Value/At Risk
12870,375,3,1676.95,United Kingdom,2010-11-29 13:42:00,624,2,3,4,234,At Risk,Low Value/At Risk
12871,84,3,744.02,United Kingdom,2011-09-16 15:07:00,440,3,3,3,333,Loyal,High Value
12872,327,12,3685.4900000000002,United Kingdom,2011-01-17 10:52:00,736,2,5,5,255,At Risk,Low Value/At Risk
12873,282,3,2027.3,United Kingdom,2011-03-02 14:58:00,682,2,3,4,234,At Risk,Low Value/At Risk
12874,385,2,948.42,Belgium,2010-11-19 15:23:00,554,2,2,3,223,Need Attention,Medium Value
12875,143,5,1356.99,United Kingdom,2011-07-19 15:30:00,698,3,4,4,344,Loyal,High Value
12876,58,4,4081.79,Belgium,2011-10-13 12:26:00,590,4,3,5,435,Loyal,High Value
12877,4,20,2955.17,United Kingdom,2011-12-06 10:30:00,691,5,5,4,554,Champions,High Value
12878,236,2,854.99,United Kingdom,2011-04-17 13:07:00,266,2,2,3,223,Need Attention,Medium Value
12879,45,3,573.22,United Kingdom,2011-10-26 12:24:00,92,4,3,2,432,Potential,High Value
12880,382,2,640.13,United Kingdom,2010-11-23 10:50:00,575,2,2,3,223,Need Attention,Medium Value
12881,276,1,298.0,United Kingdom,2011-03-09 11:44:00,276,2,1,2,212,About to Sleep,Low Value/At Risk
12882,9,2,1463.04,United Kingdom,2011-11-30 16:18:00,34,5,2,4,524,New Customers,Medium Value
12883,25,4,703.47,United Kingdom,2011-11-15 09:32:00,89,4,3,3,433,Loyal,High Value
12884,88,1,309.05,United Kingdom,2011-09-12 13:10:00,88,3,1,2,312,About to Sleep,Low Value/At Risk
12885,63,3,1175.22,United Kingdom,2011-10-07 13:40:00,124,3,3,3,333,Loyal,High Value
12886,68,2,1378.4,United Kingdom,2011-10-03 10:09:00,220,3,2,4,324,Need Attention,Medium Value
12887,384,1,222.4,United Kingdom,2010-11-21 11:18:00,384,2,1,1,211,About to Sleep,Low Value/At Risk
12888,214,2,354.12,United Kingdom,2011-05-09 16:02:00,255,2,2,2,222,Need Attention,Medium Value
12889,381,4,385.46000000000004,United Kingdom,2010-11-23 16:08:00,502,2,3,2,232,At Risk,Low Value/At Risk
12890,24,2,717.27,United Kingdom,2011-11-15 17:26:00,387,4,2,3,423,New Customers,Medium Value
12891,186,11,840.5,United Kingdom,2011-06-07 12:31:00,659,3,5,3,353,Loyal,High Value
12892,397,1,263.38,United Kingdom,2010-11-08 09:51:00,397,2,1,1,211,About to Sleep,Low Value/At Risk
12893,31,1,188.14,United Kingdom,2011-11-09 12:34:00,31,4,1,1,411,New Customers,Medium Value
12894,575,1,157.35,United Kingdom,2010-05-13 14:47:00,575,1,1,1,111,At Risk,Low Value/At Risk
12895,42,2,372.8,United Kingdom,2011-10-28 13:51:00,87,4,2,2,422,New Customers,Medium Value
12897,205,4,514.25,United Kingdom,2011-05-19 12:13:00,544,2,3,2,232,At Risk,Low Value/At Risk
12898,464,2,310.96000000000004,United Kingdom,2010-09-02 08:08:00,660,1,2,2,122,At Risk,Low Value/At Risk
12899,414,1,366.4,United Kingdom,2010-10-22 09:53:00,414,1,1,2,112,At Risk,Low Value/At Risk
12900,422,1,340.33,United Kingdom,2010-10-13 15:17:00,422,1,1,2,112,At Risk,Low Value/At Risk
12901,9,28,17654.54,United Kingdom,2011-12-01 10:07:00,271,5,5,5,555,Champions,High Value
12902,265,1,138.68,United Kingdom,2011-03-20 12:06:00,265,2,1,1,211,About to Sleep,Low Value/At Risk
12903,429,1,833.53,United Kingdom,2010-10-07 12:39:00,429,1,1,3,113,At Risk,Low Value/At Risk
12904,18,2,509.58,United Kingdom,2011-11-21 14:34:00,172,5,2,2,522,New Customers,Medium Value
12905,577,2,1018.42,United Kingdom,2010-05-12 10:05:00,682,1,2,3,123,At Risk,Low Value/At Risk
12906,12,5,2919.81,United Kingdom,2011-11-28 09:55:00,78,5,4,4,544,Champions,High Value
12907,396,2,508.91,United Kingdom,2010-11-09 12:08:00,494,2,2,2,222,Need Attention,Medium Value
12908,176,5,1776.0,United Kingdom,2011-06-16 15:39:00,630,3,4,4,344,Loyal,High Value
12909,40,8,3103.19,United Kingdom,2011-10-31 12:43:00,654,4,4,5,445,Champions,High Value
12910,23,13,5796.52,United Kingdom,2011-11-16 14:28:00,621,4,5,5,455,Champions,High Value
12911,552,1,1680.47,United Kingdom,2010-06-06 12:13:00,552,1,1,4,114,At Risk,Low Value/At Risk
12912,3,5,1662.3,United Kingdom,2011-12-07 08:55:00,41,5,4,4,544,Champions,High Value
12913,5,13,6700.860000000001,United Kingdom,2011-12-05 12:11:00,739,5,5,5,555,Champions,High Value
12914,401,1,223.98,United Kingdom,2010-11-04 12:28:00,401,2,1,1,211,About to Sleep,Low Value/At Risk
12915,149,4,1174.75,United Kingdom,2011-07-14 11:34:00,589,3,3,3,333,Loyal,High Value
12916,139,7,4654.0199999999995,United Kingdom,2011-07-24 10:35:00,685,3,4,5,345,Loyal,High Value
12917,128,6,4359.2,United Kingdom,2011-08-03 16:42:00,730,3,4,5,345,Loyal,High Value
12918,626,1,10953.5,United Kingdom,2010-03-23 15:22:00,626,1,1,5,115,At Risk,Low Value/At Risk
12919,8,6,1335.19,United Kingdom,2011-12-01 13:47:00,170,5,4,4,544,Champions,High Value
12920,17,4,488.09000000000003,United Kingdom,2011-11-22 15:05:00,725,5,3,2,532,Potential,High Value
12921,9,74,35921.04,United Kingdom,2011-11-30 16:22:00,738,5,5,5,555,Champions,High Value
12922,161,1,405.38,United Kingdom,2011-07-01 15:35:00,161,3,1,2,312,About to Sleep,Low Value/At Risk
12923,64,3,789.87,United Kingdom,2011-10-06 16:20:00,575,3,3,3,333,Loyal,High Value
12924,88,12,2469.4,United Kingdom,2011-09-12 13:55:00,731,3,5,4,354,Loyal,High Value
12925,5,3,729.3299999999999,United Kingdom,2011-12-05 11:11:00,593,5,3,3,533,Loyal,High Value
12926,411,4,1548.46,United Kingdom,2010-10-24 15:57:00,725,1,3,4,134,At Risk,Low Value/At Risk
12927,395,1,197.31,United Kingdom,2010-11-10 10:02:00,395,2,1,1,211,About to Sleep,Low Value/At Risk
12928,35,12,4304.89,United Kingdom,2011-11-04 14:24:00,550,4,5,5,455,Champions,High Value
12929,312,1,117.85,United Kingdom,2011-02-01 12:08:00,312,2,1,1,211,About to Sleep,Low Value/At Risk
12930,78,2,415.8,United Kingdom,2011-09-22 15:18:00,171,3,2,2,322,Need Attention,Medium Value
12931,22,57,92347.34,United Kingdom,2011-11-18 12:39:00,739,4,5,5,455,Champions,High Value
12932,539,8,1698.56,United Kingdom,2010-06-18 14:22:00,668,1,4,4,144,At Risk,Low Value/At Risk
12933,24,8,1687.03,United Kingdom,2011-11-15 16:38:00,729,4,4,4,444,Champions,High Value
12934,737,1,181.65,United Kingdom,2009-12-03 10:51:00,737,1,1,1,111,At Risk,Low Value/At Risk
12935,2,15,4243.86,United Kingdom,2011-12-07 17:25:00,607,5,5,5,555,Champions,High Value
12936,17,4,1063.9,United Kingdom,2011-11-22 17:32:00,78,5,3,3,533,Loyal,High Value
12937,15,9,3097.61,United Kingdom,2011-11-24 15:05:00,736,5,5,5,555,Champions,High Value
12938,26,1,114.14,United Kingdom,2011-11-14 11:21:00,26,4,1,1,411,New Customers,Medium Value
12939,64,20,25264.8,United Kingdom,2011-10-06 14:33:00,697,3,5,5,355,Loyal,High Value
12940,55,2,913.54,United Kingdom,2011-10-16 12:09:00,88,4,2,3,423,New Customers,Medium Value
12941,724,1,377.49,United Kingdom,2009-12-15 13:12:00,724,1,1,2,112,At Risk,Low Value/At Risk
12942,131,3,942.65,United Kingdom,2011-07-31 14:39:00,366,3,3,3,333,Loyal,High Value
12943,558,2,496.5,United Kingdom,2010-05-30 13:52:00,606,1,2,2,122,At Risk,Low Value/At Risk
12944,36,2,604.51,United Kingdom,2011-11-04 11:04:00,355,4,2,2,422,New Customers,Medium Value
12945,288,2,900.11,United Kingdom,2011-02-24 14:15:00,656,2,2,3,223,Need Attention,Medium Value
12946,437,1,324.45,United Kingdom,2010-09-29 10:14:00,437,1,1,2,112,At Risk,Low Value/At Risk
12947,144,6,1908.03,United Kingdom,2011-07-19 10:06:00,373,3,4,4,344,Loyal,High Value
12948,16,9,2317.43,United Kingdom,2011-11-23 17:10:00,738,5,5,4,554,Champions,High Value
12949,31,22,15526.7,United Kingdom,2011-11-09 11:25:00,736,4,5,5,455,Champions,High Value
12950,2,3,1843.0,United Kingdom,2011-12-07 13:17:00,24,5,3,4,534,Loyal,High Value
12951,9,15,3213.7200000000003,United Kingdom,2011-12-01 12:14:00,699,5,5,5,555,Champions,High Value
12952,6,4,1387.79,United Kingdom,2011-12-04 10:35:00,78,5,3,4,534,Loyal,High Value
12953,10,2,828.8100000000001,United Kingdom,2011-11-30 09:24:00,522,5,2,3,523,New Customers,Medium Value
12954,639,1,162.45,United Kingdom,2010-03-11 10:16:00,639,1,1,1,111,At Risk,Low Value/At Risk
12955,1,11,4757.16,United Kingdom,2011-12-08 16:29:00,268,5,5,5,555,Champions,High Value
12956,306,4,521.89,United Kingdom,2011-02-06 16:08:00,724,2,3,2,232,At Risk,Low Value/At Risk
12957,10,13,8706.97,United Kingdom,2011-11-30 09:53:00,729,5,5,5,555,Champions,High Value
12958,400,2,539.49,United Kingdom,2010-11-04 16:16:00,583,2,2,2,222,Need Attention,Medium Value
12959,484,1,150.95,United Kingdom,2010-08-12 17:20:00,484,1,1,1,111,At Risk,Low Value/At Risk
12960,414,4,1322.07,United Kingdom,2010-10-22 09:31:00,661,1,3,4,134,At Risk,Low Value/At Risk
12961,379,1,211.99,United Kingdom,2010-11-25 16:44:00,379,2,1,1,211,About to Sleep,Low Value/At Risk
12962,7,2,266.39,United Kingdom,2011-12-02 15:55:00,113,5,2,1,521,New Customers,Medium Value
12963,8,12,3601.59,United Kingdom,2011-12-01 12:55:00,519,5,5,5,555,Champions,High Value
12964,437,1,132.24,United Kingdom,2010-09-28 17:47:00,437,1,1,1,111,At Risk,Low Value/At Risk
12965,89,1,771.91,United Kingdom,2011-09-11 15:31:00,89,3,1,3,313,About to Sleep,Low Value/At Risk
12966,10,1,160.18,United Kingdom,2011-11-30 12:38:00,10,5,1,1,511,New Customers,Medium Value
12967,358,3,4306.92,United Kingdom,2010-12-16 19:10:00,384,2,3,5,235,At Risk,Low Value/At Risk
12968,112,1,135.95,United Kingdom,2011-08-19 15:44:00,112,3,1,1,311,About to Sleep,Low Value/At Risk
12969,603,1,122.45,United Kingdom,2010-04-16 10:50:00,603,1,1,1,111,At Risk,Low Value/At Risk
12970,7,10,1524.97,United Kingdom,2011-12-02 14:30:00,735,5,5,4,554,Champions,High Value
12971,4,116,15972.79,United Kingdom,2011-12-06 12:20:00,724,5,5,5,555,Champions,High Value
12972,414,4,1161.2,United Kingdom,2010-10-22 08:41:00,661,1,3,3,133,At Risk,Low Value/At Risk
12973,414,1,385.55,United Kingdom,2010-10-22 10:14:00,414,1,1,2,112,At Risk,Low Value/At Risk
12974,198,2,408.95,United Kingdom,2011-05-26 09:33:00,566,2,2,2,222,Need Attention,Medium Value
12975,437,6,2100.09,United Kingdom,2010-09-29 09:46:00,734,1,4,4,144,At Risk,Low Value/At Risk
12976,212,8,3156.38,United Kingdom,2011-05-12 09:55:00,665,2,4,5,245,At Risk,Low Value/At Risk
12977,156,4,517.63,United Kingdom,2011-07-06 16:40:00,511,3,3,2,332,Potential,High Value
12978,385,5,2502.82,United Kingdom,2010-11-19 14:29:00,730,2,4,4,244,At Risk,Low Value/At Risk
12979,729,1,517.7,United Arab Emirates,2009-12-10 15:45:00,729,1,1,2,112,At Risk,Low Value/At Risk
12980,158,21,16245.78,United Kingdom,2011-07-05 09:34:00,738,3,5,5,355,Loyal,High Value
12981,30,2,372.21999999999997,United Kingdom,2011-11-10 12:00:00,133,4,2,2,422,New Customers,Medium Value
12982,243,8,2744.81,United Kingdom,2011-04-11 11:51:00,606,2,4,4,244,At Risk,Low Value/At Risk
12983,598,1,490.08000000000004,United Kingdom,2010-04-20 12:58:00,598,1,1,2,112,At Risk,Low Value/At Risk
12984,19,1,97.5,United Kingdom,2011-11-21 12:37:00,19,5,1,1,511,New Customers,Medium Value
12985,1,2,1239.38,United Kingdom,2011-12-09 10:46:00,29,5,2,3,523,New Customers,Medium Value
12986,429,10,2729.84,United Kingdom,2010-10-07 11:57:00,688,1,5,4,154,At Risk,Low Value/At Risk
12987,74,5,1312.21,United Kingdom,2011-09-27 12:03:00,689,3,4,4,344,Loyal,High Value
12988,292,1,535.32,United Kingdom,2011-02-20 14:31:00,292,2,1,2,212,About to Sleep,Low Value/At Risk
12989,3,33,13551.75,United Kingdom,2011-12-06 15:28:00,729,5,5,5,555,Champions,High Value
12990,31,7,955.5,United Kingdom,2011-11-08 13:01:00,620,4,4,3,443,Loyal,High Value
12991,23,3,764.82,United Kingdom,2011-11-16 15:34:00,389,4,3,3,433,Loyal,High Value
12992,725,1,93.35000000000001,United Kingdom,2009-12-14 16:46:00,725,1,1,1,111,At Risk,Low Value/At Risk
12993,23,8,1259.6299999999999,United Kingdom,2011-11-16 15:49:00,660,4,4,4,444,Champions,High Value
12994,4,3,974.4200000000001,United Kingdom,2011-12-05 15:43:00,269,5,3,3,533,Loyal,High Value
12995,85,1,211.32,United Kingdom,2011-09-15 15:44:00,85,3,1,1,311,About to Sleep,Low Value/At Risk
12996,376,1,355.5,United Kingdom,2010-11-29 09:27:00,376,2,1,2,212,About to Sleep,Low Value/At Risk
12997,22,8,2110.91,United Kingdom,2011-11-17 15:47:00,613,4,4,4,444,Champions,High Value
12998,493,3,920.08,United Kingdom,2010-08-04 08:05:00,654,1,3,3,133,At Risk,Low Value/At Risk
12999,196,3,455.88,United Kingdom,2011-05-27 13:24:00,246,2,3,2,232,At Risk,Low Value/At Risk
13000,107,4,1032.5,United Kingdom,2011-08-25 10:43:00,725,3,3,3,333,Loyal,High Value
13001,4,33,24172.100000000002,United Kingdom,2011-12-05 14:51:00,736,5,5,5,555,Champions,High Value
13002,318,3,414.13,United Kingdom,2011-01-25 15:18:00,435,2,3,2,232,At Risk,Low Value/At Risk
13003,106,3,149.05,United Kingdom,2011-08-26 10:50:00,215,3,3,1,331,Potential,High Value
13004,12,36,11650.85,United Kingdom,2011-11-28 11:27:00,725,5,5,5,555,Champions,High Value
13005,174,4,999.68,United Kingdom,2011-06-19 10:53:00,457,3,3,3,333,Loyal,High Value
13006,56,1,81.57,United Kingdom,2011-10-14 13:49:00,56,4,1,1,411,New Customers,Medium Value
13007,580,1,175.25,United Kingdom,2010-05-09 10:38:00,580,1,1,1,111,At Risk,Low Value/At Risk
13008,323,3,612.13,United Kingdom,2011-01-20 14:24:00,723,2,3,2,232,At Risk,Low Value/At Risk
13009,673,1,234.0,United Kingdom,2010-02-05 12:22:00,673,1,1,1,111,At Risk,Low Value/At Risk
13010,374,2,330.12,United Kingdom,2010-11-30 15:09:00,649,2,2,2,222,Need Attention,Medium Value
13011,372,1,101.10000000000001,United Kingdom,2010-12-02 17:22:00,372,2,1,1,211,About to Sleep,Low Value/At Risk
13012,9,11,2972.83,United Kingdom,2011-11-30 13:05:00,592,5,5,5,555,Champions,High Value
13013,1,29,12625.77,United Kingdom,2011-12-08 15:01:00,726,5,5,5,555,Champions,High Value
13014,11,11,5381.08,United Kingdom,2011-11-29 12:27:00,433,5,5,5,555,Champions,High Value
13015,53,11,6586.42,United Kingdom,2011-10-17 13:19:00,603,4,5,5,455,Champions,High Value
13016,73,3,789.89,United Kingdom,2011-09-27 14:08:00,123,3,3,3,333,Loyal,High Value
13017,7,1,204.0,United Kingdom,2011-12-02 15:53:00,7,5,1,1,511,New Customers,Medium Value
13018,16,35,9763.16,United Kingdom,2011-11-23 13:28:00,649,5,5,5,555,Champions,High Value
13019,379,6,1229.95,United Kingdom,2010-11-25 14:56:00,733,2,4,3,243,At Risk,Low Value/At Risk
13020,563,2,618.96,United Kingdom,2010-05-26 11:12:00,660,1,2,3,123,At Risk,Low Value/At Risk
13021,4,17,4887.24,United Kingdom,2011-12-05 16:37:00,735,5,5,5,555,Champions,High Value
13022,430,1,65.3,Belgium,2010-10-06 10:50:00,430,1,1,1,111,At Risk,Low Value/At Risk
13023,64,3,1449.03,United Kingdom,2011-10-06 16:27:00,529,3,3,4,334,Loyal,High Value
13024,471,2,555.87,United Kingdom,2010-08-26 09:42:00,582,1,2,2,122,At Risk,Low Value/At Risk
13025,732,1,323.39,United Kingdom,2009-12-08 10:02:00,732,1,1,2,112,At Risk,Low Value/At Risk
13026,1,9,1733.08,United Kingdom,2011-12-08 16:58:00,727,5,5,4,554,Champions,High Value
13027,114,19,17335.2,United Kingdom,2011-08-18 09:39:00,689,3,5,5,355,Loyal,High Value
13028,23,2,661.3199999999999,United Kingdom,2011-11-17 11:10:00,45,4,2,3,423,New Customers,Medium Value
13029,31,5,1927.3,United Kingdom,2011-11-09 09:13:00,523,4,4,4,444,Champions,High Value
13030,11,2,1227.22,United Kingdom,2011-11-28 14:30:00,368,5,2,3,523,New Customers,Medium Value
13031,407,5,3419.27,United Kingdom,2010-10-28 15:34:00,554,2,4,5,245,At Risk,Low Value/At Risk
13032,52,9,2843.55,United Kingdom,2011-10-18 15:54:00,460,4,5,4,454,Champions,High Value
13033,357,2,220.55,United Kingdom,2010-12-17 14:23:00,430,2,2,1,221,Need Attention,Medium Value
13034,55,3,922.68,United Kingdom,2011-10-16 12:21:00,401,4,3,3,433,Loyal,High Value
13035,74,3,1364.2,United Kingdom,2011-09-27 08:57:00,431,3,3,4,334,Loyal,High Value
13036,685,1,307.1,United Kingdom,2010-01-24 11:35:00,685,1,1,2,112,At Risk,Low Value/At Risk
13037,138,12,3914.9500000000003,United Kingdom,2011-07-24 15:46:00,736,3,5,5,355,Loyal,High Value
13038,80,3,908.46,United Kingdom,2011-09-20 14:37:00,291,3,3,3,333,Loyal,High Value
13039,584,4,1010.73,United Kingdom,2010-05-04 16:45:00,722,1,3,3,133,At Risk,Low Value/At Risk
13040,9,2,676.99,United Kingdom,2011-12-01 10:38:00,33,5,2,3,523,New Customers,Medium Value
13041,451,4,799.13,United Kingdom,2010-09-15 11:44:00,590,1,3,3,133,At Risk,Low Value/At Risk
13042,598,3,1556.54,United Kingdom,2010-04-20 13:43:00,732,1,3,4,134,At Risk,Low Value/At Risk
13043,273,1,516.42,United Kingdom,2011-03-11 14:52:00,273,2,1,2,212,About to Sleep,Low Value/At Risk
13044,291,11,4853.9,United Kingdom,2011-02-21 15:20:00,700,2,5,5,255,At Risk,Low Value/At Risk
13045,99,3,808.92,United Kingdom,2011-09-01 15:04:00,486,3,3,3,333,Loyal,High Value
13046,31,3,949.25,United Kingdom,2011-11-09 08:36:00,456,4,3,3,433,Loyal,High Value
13047,32,24,8795.16,United Kingdom,2011-11-08 12:06:00,724,4,5,5,455,Champions,High Value
13048,14,9,4084.21,United Kingdom,2011-11-25 13:23:00,681,5,5,5,555,Champions,High Value
13049,64,4,1408.24,United Kingdom,2011-10-06 15:31:00,401,3,3,4,334,Loyal,High Value
13050,15,35,12344.53,United Kingdom,2011-11-25 09:18:00,724,5,5,5,555,Champions,High Value
13051,579,2,155.8,United Kingdom,2010-05-10 09:14:00,620,1,2,1,121,At Risk,Low Value/At Risk
13052,212,7,3168.53,United Kingdom,2011-05-11 14:12:00,655,2,4,5,245,At Risk,Low Value/At Risk
13053,622,1,127.65,United Kingdom,2010-03-28 11:28:00,622,1,1,1,111,At Risk,Low Value/At Risk
13055,78,4,2321.11,United Kingdom,2011-09-22 14:26:00,430,3,3,4,334,Loyal,High Value
13056,551,1,209.48,United Kingdom,2010-06-06 14:10:00,551,1,1,1,111,At Risk,Low Value/At Risk
13057,530,3,722.09,United Kingdom,2010-06-27 15:44:00,632,1,3,3,133,At Risk,Low Value/At Risk
13058,25,3,271.40000000000003,United Kingdom,2011-11-15 12:43:00,152,4,3,1,431,Potential,High Value
13059,250,10,2303.17,United Kingdom,2011-04-04 10:40:00,619,2,5,4,254,At Risk,Low Value/At Risk
13060,254,1,307.53,United Kingdom,2011-03-31 11:37:00,254,2,1,2,212,About to Sleep,Low Value/At Risk
13061,72,1,248.61,United Kingdom,2011-09-28 16:04:00,72,3,1,1,311,About to Sleep,Low Value/At Risk
13062,191,1,346.98,United Kingdom,2011-06-01 15:12:00,191,2,1,2,212,About to Sleep,Low Value/At Risk
13063,481,1,188.4,United Kingdom,2010-08-16 12:27:00,481,1,1,1,111,At Risk,Low Value/At Risk
13064,13,6,1680.74,United Kingdom,2011-11-27 12:31:00,592,5,4,4,544,Champions,High Value
13065,373,5,1260.91,United Kingdom,2010-12-01 16:52:00,548,2,4,4,244,At Risk,Low Value/At Risk
13066,24,2,470.8,United Kingdom,2011-11-15 12:57:00,32,4,2,2,422,New Customers,Medium Value
13067,82,3,508.51,United Kingdom,2011-09-18 13:38:00,446,3,3,2,332,Potential,High Value
13068,10,2,344.0,United Kingdom,2011-11-29 15:00:00,320,5,2,2,522,New Customers,Medium Value
13069,1,38,9683.13,United Kingdom,2011-12-09 08:39:00,543,5,5,5,555,Champions,High Value
13070,192,4,751.7,United Kingdom,2011-05-31 13:45:00,732,2,3,3,233,At Risk,Low Value/At Risk
13071,612,1,129.22,United Kingdom,2010-04-06 13:37:00,612,1,1,1,111,At Risk,Low Value/At Risk
13072,267,1,177.15,United Kingdom,2011-03-18 08:12:00,267,2,1,1,211,About to Sleep,Low Value/At Risk
13073,411,2,418.08,United Kingdom,2010-10-24 14:06:00,438,1,2,2,122,At Risk,Low Value/At Risk
13074,511,4,1378.74,United Kingdom,2010-07-16 16:53:00,724,1,3,4,134,At Risk,Low Value/At Risk
13075,130,1,919.61,United Kingdom,2011-08-02 10:19:00,130,3,1,3,313,About to Sleep,Low Value/At Risk
13076,458,1,135.4,United Kingdom,2010-09-08 10:27:00,458,1,1,1,111,At Risk,Low Value/At Risk
13077,1,11,3064.67,United Kingdom,2011-12-08 19:24:00,729,5,5,5,555,Champions,High Value
13078,3,57,29532.45,United Kingdom,2011-12-06 15:36:00,739,5,5,5,555,Champions,High Value
13079,4,6,419.18,United Kingdom,2011-12-05 16:53:00,417,5,4,2,542,Potential,High Value
13080,179,4,280.73,United Kingdom,2011-06-13 14:59:00,609,3,3,1,331,Potential,High Value
13081,12,28,59205.15,United Kingdom,2011-11-28 10:54:00,731,5,5,5,555,Champions,High Value
13082,126,21,7335.75,United Kingdom,2011-08-05 16:16:00,717,3,5,5,355,Loyal,High Value
13083,4,3,395.43,United Kingdom,2011-12-05 15:01:00,425,5,3,2,532,Potential,High Value
13084,492,1,122.39999999999999,United Kingdom,2010-08-05 08:49:00,492,1,1,1,111,At Risk,Low Value/At Risk
13085,158,8,2433.28,United Kingdom,2011-07-05 12:11:00,739,3,4,4,344,Loyal,High Value
13086,383,1,439.33000000000004,United Kingdom,2010-11-22 10:28:00,383,2,1,2,212,About to Sleep,Low Value/At Risk
13087,726,1,313.64,United Kingdom,2009-12-13 15:16:00,726,1,1,2,112,At Risk,Low Value/At Risk
13088,417,1,236.11,United Kingdom,2010-10-18 15:35:00,417,1,1,1,111,At Risk,Low Value/At Risk
13089,3,203,116737.86,United Kingdom,2011-12-07 09:02:00,737,5,5,5,555,Champions,High Value
13090,9,24,14103.09,United Kingdom,2011-12-01 12:39:00,494,5,5,5,555,Champions,High Value
13091,28,3,2321.82,United Kingdom,2011-11-11 15:54:00,730,4,3,4,434,Loyal,High Value
13092,71,12,2140.28,United Kingdom,2011-09-30 11:18:00,668,3,5,4,354,Loyal,High Value
13093,276,55,54943.65,United Kingdom,2011-03-09 12:14:00,736,2,5,5,255,At Risk,Low Value/At Risk
13094,21,13,2433.1200000000003,United Kingdom,2011-11-18 14:07:00,389,4,5,4,454,Champions,High Value
13095,71,1,74.39999999999999,United Kingdom,2011-09-30 12:03:00,71,3,1,1,311,About to Sleep,Low Value/At Risk
13096,394,1,419.70000000000005,United Kingdom,2010-11-10 14:08:00,394,2,1,2,212,About to Sleep,Low Value/At Risk
13097,33,28,13389.22,United Kingdom,2011-11-07 10:43:00,738,4,5,5,455,Champions,High Value
13098,1,28,28882.44,United Kingdom,2011-12-08 14:14:00,317,5,5,5,555,Champions,High Value
13099,99,1,207.35999999999999,United Kingdom,2011-09-01 17:40:00,99,3,1,1,311,About to Sleep,Low Value/At Risk
13101,234,4,695.4,United Kingdom,2011-04-19 14:37:00,681,2,3,3,233,At Risk,Low Value/At Risk
13102,1,37,11696.92,United Kingdom,2011-12-08 12:52:00,582,5,5,5,555,Champions,High Value
13103,40,3,709.64,United Kingdom,2011-10-31 09:38:00,577,4,3,3,433,Loyal,High Value
13104,3,9,1709.1,United Kingdom,2011-12-06 13:10:00,653,5,5,4,554,Champions,High Value
13105,436,1,72.0,United Kingdom,2010-09-29 13:41:00,436,1,1,1,111,At Risk,Low Value/At Risk
13106,133,2,603.46,United Kingdom,2011-07-29 15:12:00,413,3,2,2,322,Need Attention,Medium Value
13107,44,9,5253.07,United Kingdom,2011-10-26 14:52:00,674,4,5,5,455,Champions,High Value
13108,373,2,1098.52,United Kingdom,2010-12-02 10:35:00,435,2,2,3,223,Need Attention,Medium Value
13109,60,3,1134.03,United Kingdom,2011-10-11 10:16:00,551,3,3,3,333,Loyal,High Value
13110,31,12,2957.4700000000003,United Kingdom,2011-11-08 14:30:00,738,4,5,4,454,Champions,High Value
13111,719,1,321.88000000000005,United Kingdom,2009-12-21 09:00:00,719,1,1,2,112,At Risk,Low Value/At Risk
13112,541,1,20.6,United Kingdom,2010-06-16 17:03:00,541,1,1,1,111,At Risk,Low Value/At Risk
13113,1,37,18625.73,United Kingdom,2011-12-09 12:49:00,621,5,5,5,555,Champions,High Value
13114,731,1,234.38,United Kingdom,2009-12-09 09:56:00,731,1,1,1,111,At Risk,Low Value/At Risk
13115,12,10,5494.7,United Kingdom,2011-11-28 12:38:00,599,5,5,5,555,Champions,High Value
13116,138,1,501.14,United Kingdom,2011-07-24 14:33:00,138,3,1,2,312,About to Sleep,Low Value/At Risk
13117,22,18,2643.81,United Kingdom,2011-11-18 12:02:00,623,4,5,4,454,Champions,High Value
13118,20,9,2415.41,United Kingdom,2011-11-20 12:46:00,439,4,5,4,454,Champions,High Value
13119,669,1,134.9,United Kingdom,2010-02-09 08:38:00,669,1,1,1,111,At Risk,Low Value/At Risk
13120,239,1,30.599999999999998,United Kingdom,2011-04-15 10:19:00,239,2,1,1,211,About to Sleep,Low Value/At Risk
13121,269,1,283.73,United Kingdom,2011-03-15 16:47:00,269,2,1,1,211,About to Sleep,Low Value/At Risk
13122,94,2,922.39,United Kingdom,2011-09-06 15:53:00,240,3,2,3,323,Need Attention,Medium Value
13123,473,2,506.75,United Kingdom,2010-08-24 10:18:00,530,1,2,2,122,At Risk,Low Value/At Risk
13124,90,4,4782.45,United Kingdom,2011-09-11 12:45:00,385,3,3,5,335,Loyal,High Value
13125,524,1,158.57,United Kingdom,2010-07-04 11:58:00,524,1,1,1,111,At Risk,Low Value/At Risk
13126,5,13,3998.25,United Kingdom,2011-12-05 10:00:00,648,5,5,5,555,Champions,High Value
13127,78,1,259.17,United Kingdom,2011-09-23 10:26:00,78,3,1,1,311,About to Sleep,Low Value/At Risk
13128,631,1,263.5,United Kingdom,2010-03-18 15:08:00,631,1,1,1,111,At Risk,Low Value/At Risk
13129,452,2,233.25,United Kingdom,2010-09-13 13:47:00,530,1,2,1,121,At Risk,Low Value/At Risk
13130,94,1,64.0,United Kingdom,2011-09-06 15:30:00,94,3,1,1,311,About to Sleep,Low Value/At Risk
13131,23,7,3313.77,United Kingdom,2011-11-16 13:21:00,669,4,4,5,445,Champions,High Value
13132,262,1,77.3,United Kingdom,2011-03-23 12:44:00,262,2,1,1,211,About to Sleep,Low Value/At Risk
13133,274,3,200.45000000000002,United Kingdom,2011-03-11 10:31:00,459,2,3,1,231,At Risk,Low Value/At Risk
13134,86,6,2475.23,United Kingdom,2011-09-15 10:35:00,416,3,4,4,344,Loyal,High Value
13135,197,2,3371.45,United Kingdom,2011-05-27 10:52:00,491,2,2,5,225,Need Attention,Medium Value
13136,56,13,6274.56,United Kingdom,2011-10-14 13:41:00,731,4,5,5,455,Champions,High Value
13137,11,16,7712.7,United Kingdom,2011-11-29 12:09:00,502,5,5,5,555,Champions,High Value
13138,22,7,1467.24,United Kingdom,2011-11-17 16:51:00,397,4,4,4,444,Champions,High Value
13139,16,8,8202.98,United Kingdom,2011-11-23 13:54:00,438,5,4,5,545,Champions,High Value
13140,108,5,1215.68,United Kingdom,2011-08-23 15:33:00,491,3,4,3,343,Loyal,High Value
13141,85,17,7668.58,United Kingdom,2011-09-16 09:54:00,730,3,5,5,355,Loyal,High Value
13142,19,1,307.09,United Kingdom,2011-11-20 16:07:00,19,5,1,2,512,New Customers,Medium Value
13143,585,1,405.1,United Kingdom,2010-05-04 12:22:00,585,1,1,2,112,At Risk,Low Value/At Risk
13144,333,2,135.35,United Kingdom,2011-01-11 11:15:00,431,2,2,1,221,Need Attention,Medium Value
13145,40,7,1423.52,United Kingdom,2011-10-31 12:45:00,600,4,4,4,444,Champions,High Value
13146,26,1,228.91,United Kingdom,2011-11-13 15:29:00,26,4,1,1,411,New Customers,Medium Value
13147,10,4,712.8000000000001,United Kingdom,2011-11-29 13:59:00,100,5,3,3,533,Loyal,High Value
13148,29,26,8621.81,United Kingdom,2011-11-10 15:23:00,732,4,5,5,455,Champions,High Value
13149,14,4,1676.06,United Kingdom,2011-11-25 13:09:00,289,5,3,4,534,Loyal,High Value
13150,484,3,449.96999999999997,United Kingdom,2010-08-12 12:59:00,631,1,3,2,132,At Risk,Low Value/At Risk
13151,296,3,2580.7400000000002,United Kingdom,2011-02-17 12:29:00,628,2,3,4,234,At Risk,Low Value/At Risk
13152,417,7,2146.38,United Kingdom,2010-10-18 13:44:00,695,1,4,4,144,At Risk,Low Value/At Risk
13153,6,1,486.22,United Kingdom,2011-12-04 12:14:00,6,5,1,2,512,New Customers,Medium Value
13154,399,3,1624.84,United Kingdom,2010-11-05 16:00:00,736,2,3,4,234,At Risk,Low Value/At Risk
13155,33,6,1750.18,United Kingdom,2011-11-06 15:41:00,492,4,4,4,444,Champions,High Value
13156,385,3,1586.54,United Kingdom,2010-11-19 13:09:00,676,2,3,4,234,At Risk,Low Value/At Risk
13157,49,9,5687.36,United Kingdom,2011-10-21 13:50:00,642,4,5,5,455,Champions,High Value
13158,95,5,1508.18,United Kingdom,2011-09-06 11:58:00,388,3,4,4,344,Loyal,High Value
13159,9,4,1437.85,United Kingdom,2011-12-01 11:20:00,116,5,3,4,534,Loyal,High Value
13160,22,1,91.8,United Kingdom,2011-11-17 13:07:00,22,4,1,1,411,New Customers,Medium Value
13161,313,2,478.88,United Kingdom,2011-01-30 14:03:00,501,2,2,2,222,Need Attention,Medium Value
13162,122,16,9275.49,United Kingdom,2011-08-09 15:59:00,735,3,5,5,355,Loyal,High Value
13163,610,1,17.65,United Kingdom,2010-04-08 16:21:00,610,1,1,1,111,At Risk,Low Value/At Risk
13164,569,2,372.2,United Kingdom,2010-05-19 13:52:00,668,1,2,2,122,At Risk,Low Value/At Risk
13165,46,3,1451.16,United Kingdom,2011-10-24 15:05:00,413,4,3,4,434,Loyal,High Value
13166,283,2,884.18,United Kingdom,2011-03-01 15:16:00,414,2,2,3,223,Need Attention,Medium Value
13167,19,5,1125.15,United Kingdom,2011-11-21 12:24:00,390,5,4,3,543,Loyal,High Value
13168,36,5,1875.31,United Kingdom,2011-11-03 12:56:00,542,4,4,4,444,Champions,High Value
13169,64,3,840.08,United Kingdom,2011-10-07 12:11:00,562,3,3,3,333,Loyal,High Value
13170,27,1,116.00999999999999,United Kingdom,2011-11-13 12:19:00,27,4,1,1,411,New Customers,Medium Value
13171,22,3,468.41,United Kingdom,2011-11-18 10:27:00,299,4,3,2,432,Potential,High Value
13172,400,1,69.6,United Kingdom,2010-11-04 15:10:00,400,2,1,1,211,About to Sleep,Low Value/At Risk
13173,4,11,2639.35,United Kingdom,2011-12-05 15:51:00,729,5,5,4,554,Champions,High Value
13174,16,12,9494.84,United Kingdom,2011-11-23 14:35:00,735,5,5,5,555,Champions,High Value
13175,582,2,831.45,United Kingdom,2010-05-06 13:13:00,736,1,2,3,123,At Risk,Low Value/At Risk
13176,46,1,492.84,United Kingdom,2011-10-24 15:43:00,46,4,1,2,412,New Customers,Medium Value
13177,65,2,512.2,United Kingdom,2011-10-06 09:56:00,431,3,2,2,322,Need Attention,Medium Value
13178,26,21,14059.19,United Kingdom,2011-11-13 16:14:00,723,4,5,5,455,Champions,High Value
13179,619,1,572.3100000000001,United Kingdom,2010-03-31 11:40:00,619,1,1,2,112,At Risk,Low Value/At Risk
13180,607,1,86.10000000000001,United Kingdom,2010-04-11 13:37:00,607,1,1,1,111,At Risk,Low Value/At Risk
13181,381,1,359.69,United Kingdom,2010-11-23 15:05:00,381,2,1,2,212,About to Sleep,Low Value/At Risk
13182,45,1,121.18,United Kingdom,2011-10-25 13:46:00,45,4,1,1,411,New Customers,Medium Value
13183,8,15,7036.18,United Kingdom,2011-12-02 10:30:00,636,5,5,5,555,Champions,High Value
13184,15,10,1701.29,United Kingdom,2011-11-25 12:02:00,290,5,5,4,554,Champions,High Value
13185,268,1,71.4,United Kingdom,2011-03-17 11:56:00,268,2,1,1,211,About to Sleep,Low Value/At Risk
13186,40,3,1575.89,United Kingdom,2011-10-31 11:40:00,129,4,3,4,434,Loyal,High Value
13187,337,4,367.01,United Kingdom,2011-01-06 18:57:00,624,2,3,2,232,At Risk,Low Value/At Risk
13188,11,1,114.60000000000001,United Kingdom,2011-11-28 15:28:00,11,5,1,1,511,New Customers,Medium Value
13189,19,2,260.68,United Kingdom,2011-11-21 10:39:00,115,5,2,1,521,New Customers,Medium Value
13190,544,3,570.66,United Kingdom,2010-06-13 15:47:00,733,1,3,2,132,At Risk,Low Value/At Risk
13191,658,1,164.69,United Kingdom,2010-02-19 17:02:00,658,1,1,1,111,At Risk,Low Value/At Risk
13192,95,6,2558.58,United Kingdom,2011-09-05 14:13:00,687,3,4,4,344,Loyal,High Value
13193,61,1,117.88,United Kingdom,2011-10-09 14:30:00,61,3,1,1,311,About to Sleep,Low Value/At Risk
13194,136,2,472.78,United Kingdom,2011-07-27 09:01:00,422,3,2,2,322,Need Attention,Medium Value
13195,414,1,172.38,United Kingdom,2010-10-21 13:07:00,414,1,1,1,111,At Risk,Low Value/At Risk
13196,11,7,3068.84,United Kingdom,2011-11-28 13:54:00,617,5,4,5,545,Champions,High Value
13197,610,1,373.01000000000005,United Kingdom,2010-04-09 09:14:00,610,1,1,2,112,At Risk,Low Value/At Risk
13198,10,8,4974.2300000000005,United Kingdom,2011-11-29 15:17:00,434,5,4,5,545,Champions,High Value
13199,4,67,16432.89,United Kingdom,2011-12-06 12:30:00,735,5,5,5,555,Champions,High Value
13200,19,4,870.09,United Kingdom,2011-11-20 15:35:00,126,5,3,3,533,Loyal,High Value
13201,502,4,1240.6100000000001,United Kingdom,2010-07-25 14:30:00,643,1,3,3,133,At Risk,Low Value/At Risk
13202,394,7,1580.3,United Kingdom,2010-11-10 16:24:00,731,2,4,4,244,At Risk,Low Value/At Risk
13203,10,10,2648.25,United Kingdom,2011-11-30 10:45:00,722,5,5,4,554,Champions,High Value
13204,731,1,966.6600000000001,United Kingdom,2009-12-08 14:56:00,731,1,1,3,113,At Risk,Low Value/At Risk
13205,443,1,2803.2,United Kingdom,2010-09-22 16:26:00,443,1,1,4,114,At Risk,Low Value/At Risk
13206,400,13,8377.32,United Kingdom,2010-11-04 16:50:00,732,2,5,5,255,At Risk,Low Value/At Risk
13207,15,4,535.86,United Kingdom,2011-11-24 14:52:00,612,5,3,2,532,Potential,High Value
13208,59,9,1988.5,United Kingdom,2011-10-12 09:54:00,736,4,5,4,454,Champions,High Value
13209,30,13,8509.51,United Kingdom,2011-11-09 13:54:00,684,4,5,5,455,Champions,High Value
13210,94,1,353.48,United Kingdom,2011-09-07 08:18:00,94,3,1,2,312,About to Sleep,Low Value/At Risk
13211,10,10,2729.32,United Kingdom,2011-11-29 14:43:00,733,5,5,4,554,Champions,High Value
13212,20,3,788.08,United Kingdom,2011-11-20 12:40:00,61,4,3,3,433,Loyal,High Value
13213,57,11,3851.52,United Kingdom,2011-10-14 11:42:00,568,4,5,5,455,Champions,High Value
13214,418,7,3264.23,United Kingdom,2010-10-18 10:00:00,646,1,4,5,145,At Risk,Low Value/At Risk
13215,402,1,81.6,United Kingdom,2010-11-02 18:26:00,402,2,1,1,211,About to Sleep,Low Value/At Risk
13216,268,1,333.74,United Kingdom,2011-03-17 12:18:00,268,2,1,2,212,About to Sleep,Low Value/At Risk
13217,122,4,666.48,United Kingdom,2011-08-09 15:32:00,656,3,3,3,333,Loyal,High Value
13218,127,1,62.63999999999999,United Kingdom,2011-08-04 16:59:00,127,3,1,1,311,About to Sleep,Low Value/At Risk
13219,618,1,76.23,United Kingdom,2010-03-31 14:18:00,618,1,1,1,111,At Risk,Low Value/At Risk
13220,78,5,1336.0900000000001,United Kingdom,2011-09-22 13:38:00,576,3,4,4,344,Loyal,High Value
13221,240,2,847.41,United Kingdom,2011-04-13 16:58:00,359,2,2,3,223,Need Attention,Medium Value
13222,577,1,88.5,United Kingdom,2010-05-11 13:54:00,577,1,1,1,111,At Risk,Low Value/At Risk
13223,200,6,969.1200000000001,United Kingdom,2011-05-23 13:03:00,665,2,4,3,243,At Risk,Low Value/At Risk
13224,60,2,2155.95,United Kingdom,2011-10-10 14:55:00,151,3,2,4,324,Need Attention,Medium Value
13225,3,16,16260.07,United Kingdom,2011-12-06 13:29:00,723,5,5,5,555,Champions,High Value
13226,273,2,312.46,United Kingdom,2011-03-11 14:35:00,393,2,2,2,222,Need Attention,Medium Value
13227,202,1,257.7,United Kingdom,2011-05-22 11:47:00,202,2,1,1,211,About to Sleep,Low Value/At Risk
13228,81,1,358.0,United Kingdom,2011-09-19 14:28:00,81,3,1,2,312,About to Sleep,Low Value/At Risk
13229,226,1,160.95,United Kingdom,2011-04-28 12:07:00,226,2,1,1,211,About to Sleep,Low Value/At Risk
13230,4,30,6360.78,United Kingdom,2011-12-05 16:03:00,631,5,5,5,555,Champions,High Value
13232,13,7,1357.6,United Kingdom,2011-11-27 10:39:00,243,5,4,4,544,Champions,High Value
13233,74,4,1176.46,United Kingdom,2011-09-26 13:25:00,694,3,3,3,333,Loyal,High Value
13234,673,2,356.95,United Kingdom,2010-02-05 11:41:00,733,1,2,2,122,At Risk,Low Value/At Risk
13235,212,1,1031.07,United Kingdom,2011-05-11 17:13:00,212,2,1,3,213,About to Sleep,Low Value/At Risk
13236,25,2,744.85,United Kingdom,2011-11-15 12:50:00,107,4,2,3,423,New Customers,Medium Value
13237,388,1,643.0,United Kingdom,2010-11-17 10:07:00,388,2,1,3,213,About to Sleep,Low Value/At Risk
13238,17,6,1006.63,United Kingdom,2011-11-22 15:37:00,590,5,4,3,543,Loyal,High Value
13239,262,5,1594.69,United Kingdom,2011-03-23 10:25:00,502,2,4,4,244,At Risk,Low Value/At Risk
13240,96,8,1738.52,United Kingdom,2011-09-04 14:08:00,652,3,4,4,344,Loyal,High Value
13241,412,1,115.58,United Kingdom,2010-10-24 11:17:00,412,1,1,1,111,At Risk,Low Value/At Risk
13242,112,7,699.4,United Kingdom,2011-08-19 12:53:00,668,3,4,3,343,Loyal,High Value
13243,203,5,1278.04,United Kingdom,2011-05-20 13:14:00,631,2,4,4,244,At Risk,Low Value/At Risk
13244,93,1,121.74000000000001,United Kingdom,2011-09-08 11:46:00,93,3,1,1,311,About to Sleep,Low Value/At Risk
13245,51,2,989.22,United Kingdom,2011-10-20 11:40:00,432,4,2,3,423,New Customers,Medium Value
13246,18,11,3387.43,United Kingdom,2011-11-21 16:50:00,525,5,5,5,555,Champions,High Value
13247,18,4,501.12,United Kingdom,2011-11-22 10:59:00,83,5,3,2,532,Potential,High Value
13248,125,2,465.68,United Kingdom,2011-08-07 12:40:00,189,3,2,2,322,Need Attention,Medium Value
13249,92,9,1608.93,United Kingdom,2011-09-08 13:26:00,685,3,5,4,354,Loyal,High Value
13250,461,2,256.04,United Kingdom,2010-09-05 11:33:00,502,1,2,1,121,At Risk,Low Value/At Risk
13251,402,1,252.68,United Kingdom,2010-11-02 13:20:00,402,2,1,1,211,About to Sleep,Low Value/At Risk
13252,394,2,399.3,United Kingdom,2010-11-10 16:00:00,626,2,2,2,222,Need Attention,Medium Value
13253,157,4,2951.11,United Kingdom,2011-07-06 10:09:00,704,3,3,4,334,Loyal,High Value
13254,376,1,51.410000000000004,United Kingdom,2010-11-28 15:42:00,376,2,1,1,211,About to Sleep,Low Value/At Risk
13255,9,3,904.46,United Kingdom,2011-11-30 13:14:00,512,5,3,3,533,Loyal,High Value
13257,436,1,149.75,United Kingdom,2010-09-29 14:58:00,436,1,1,1,111,At Risk,Low Value/At Risk
13258,12,5,1035.18,United Kingdom,2011-11-28 09:31:00,401,5,4,3,543,Loyal,High Value
13259,62,9,1433.38,United Kingdom,2011-10-09 10:48:00,699,3,5,4,354,Loyal,High Value
13260,61,1,557.62,United Kingdom,2011-10-09 13:21:00,61,3,1,2,312,About to Sleep,Low Value/At Risk
13261,269,2,944.1,United Kingdom,2011-03-16 12:22:00,286,2,2,3,223,Need Attention,Medium Value
13262,263,3,573.45,United Kingdom,2011-03-21 15:06:00,601,2,3,2,232,At Risk,Low Value/At Risk
13263,1,39,8704.69,United Kingdom,2011-12-08 13:59:00,413,5,5,5,555,Champions,High Value
13264,443,1,722.5600000000001,United Kingdom,2010-09-23 12:42:00,443,1,1,3,113,At Risk,Low Value/At Risk
13265,53,5,2107.66,United Kingdom,2011-10-17 15:02:00,274,4,4,4,444,Champions,High Value
13266,11,19,6135.04,United Kingdom,2011-11-28 14:39:00,723,5,5,5,555,Champions,High Value
13267,3,36,9758.26,United Kingdom,2011-12-07 11:12:00,732,5,5,5,555,Champions,High Value
13268,18,11,3214.69,United Kingdom,2011-11-22 11:51:00,267,5,5,5,555,Champions,High Value
13269,1,28,8891.7,United Kingdom,2011-12-08 14:53:00,738,5,5,5,555,Champions,High Value
13270,366,1,1180.0,United Kingdom,2010-12-08 14:53:00,366,2,1,3,213,About to Sleep,Low Value/At Risk
13271,37,1,217.38,United Kingdom,2011-11-02 14:31:00,37,4,1,1,411,New Customers,Medium Value
13272,31,2,276.56,United Kingdom,2011-11-08 14:00:00,90,4,2,1,421,New Customers,Medium Value
13273,113,1,138.98,United Kingdom,2011-08-18 14:02:00,113,3,1,1,311,About to Sleep,Low Value/At Risk
13274,409,1,360.85,United Kingdom,2010-10-26 13:48:00,409,2,1,2,212,About to Sleep,Low Value/At Risk
13275,384,2,241.66,United Kingdom,2010-11-21 12:09:00,632,2,2,1,221,Need Attention,Medium Value
13276,64,5,1939.26,United Kingdom,2011-10-07 12:44:00,642,3,4,4,344,Loyal,High Value
13277,16,7,523.3,United Kingdom,2011-11-24 09:21:00,540,5,4,2,542,Potential,High Value
13278,41,4,1435.85,United Kingdom,2011-10-30 11:49:00,611,4,3,4,434,Loyal,High Value
13279,78,1,137.75,United Kingdom,2011-09-22 17:24:00,78,3,1,1,311,About to Sleep,Low Value/At Risk
13280,122,7,2322.63,United Kingdom,2011-08-09 13:14:00,645,3,4,4,344,Loyal,High Value
13281,439,1,350.85,United Kingdom,2010-09-26 16:03:00,439,1,1,2,112,At Risk,Low Value/At Risk
13282,18,4,1313.19,United Kingdom,2011-11-21 15:33:00,406,5,3,4,534,Loyal,High Value
13283,60,4,373.36,United Kingdom,2011-10-11 09:50:00,640,3,3,2,332,Potential,High Value
13284,331,1,201.19,United Kingdom,2011-01-13 09:23:00,331,2,1,1,211,About to Sleep,Low Value/At Risk
13285,23,6,3364.59,United Kingdom,2011-11-16 13:19:00,624,4,4,5,445,Champions,High Value
13286,600,1,734.91,United Kingdom,2010-04-18 15:35:00,600,1,1,3,113,At Risk,Low Value/At Risk
13287,603,3,781.59,United Kingdom,2010-04-15 15:26:00,705,1,3,3,133,At Risk,Low Value/At Risk
13288,443,5,927.61,United Kingdom,2010-09-22 16:32:00,666,1,4,3,143,At Risk,Low Value/At Risk
13289,724,1,307.95,United Kingdom,2009-12-16 11:53:00,724,1,1,2,112,At Risk,Low Value/At Risk
13290,438,1,208.63,United Kingdom,2010-09-27 16:29:00,438,1,1,1,111,At Risk,Low Value/At Risk
13291,156,11,3320.84,United Kingdom,2011-07-07 10:36:00,666,3,5,5,355,Loyal,High Value
13292,39,5,994.51,United Kingdom,2011-11-01 10:04:00,526,4,4,3,443,Loyal,High Value
13293,392,6,1192.94,United Kingdom,2010-11-12 13:28:00,669,2,4,3,243,At Risk,Low Value/At Risk
13294,190,3,1689.53,United Kingdom,2011-06-03 08:54:00,646,2,3,4,234,At Risk,Low Value/At Risk
13295,360,4,1101.97,United Kingdom,2010-12-15 11:21:00,577,2,3,3,233,At Risk,Low Value/At Risk
13296,137,6,792.51,United Kingdom,2011-07-25 13:46:00,577,3,4,3,343,Loyal,High Value
13297,8,7,4368.62,United Kingdom,2011-12-02 09:32:00,543,5,4,5,545,Champions,High Value
13298,1,1,360.0,United Kingdom,2011-12-08 13:11:00,1,5,1,2,512,New Customers,Medium Value
13299,268,3,1218.7,United Kingdom,2011-03-16 12:55:00,529,2,3,3,233,At Risk,Low Value/At Risk
13300,169,3,1285.51,United Kingdom,2011-06-23 13:09:00,574,3,3,4,334,Loyal,High Value
13301,104,4,618.09,United Kingdom,2011-08-28 11:25:00,292,3,3,2,332,Potential,High Value
13302,155,2,159.2,United Kingdom,2011-07-07 17:56:00,527,3,2,1,321,Need Attention,Medium Value
13303,400,1,61.72,United Kingdom,2010-11-04 14:55:00,400,2,1,1,211,About to Sleep,Low Value/At Risk
13304,351,4,1217.99,United Kingdom,2010-12-23 14:35:00,670,2,3,3,233,At Risk,Low Value/At Risk
13305,4,16,3754.71,United Kingdom,2011-12-05 15:15:00,639,5,5,5,555,Champions,High Value
13306,430,1,53.65,United Kingdom,2010-10-05 14:55:00,430,1,1,1,111,At Risk,Low Value/At Risk
13307,120,3,273.34,United Kingdom,2011-08-11 17:14:00,592,3,3,1,331,Potential,High Value
13308,23,4,1670.3700000000001,United Kingdom,2011-11-17 09:31:00,597,4,3,4,434,Loyal,High Value
13309,7,6,1706.3700000000001,United Kingdom,2011-12-02 16:34:00,393,5,4,4,544,Champions,High Value
13310,28,5,1541.2,United Kingdom,2011-11-11 17:23:00,402,4,4,4,444,Champions,High Value
13311,4,2,598.57,United Kingdom,2011-12-05 12:55:00,150,5,2,2,522,New Customers,Medium Value
13312,451,1,124.75,United Kingdom,2010-09-14 14:36:00,451,1,1,1,111,At Risk,Low Value/At Risk
13313,22,12,3445.32,United Kingdom,2011-11-17 16:48:00,737,4,5,5,455,Champions,High Value
13314,2,3,775.94,United Kingdom,2011-12-08 12:29:00,74,5,3,3,533,Loyal,High Value
13315,689,1,310.26,United Kingdom,2010-01-19 15:34:00,689,1,1,2,112,At Risk,Low Value/At Risk
13316,37,10,13191.57,United Kingdom,2011-11-02 13:40:00,640,4,5,5,455,Champions,High Value
13317,66,19,6486.091,United Kingdom,2011-10-04 13:35:00,727,3,5,5,355,Loyal,High Value
13318,1,3,640.76,United Kingdom,2011-12-08 18:51:00,37,5,3,3,533,Loyal,High Value
13319,5,58,22082.5,United Kingdom,2011-12-04 13:34:00,733,5,5,5,555,Champions,High Value
13320,78,6,2228.1,United Kingdom,2011-09-22 18:07:00,479,3,4,4,344,Loyal,High Value
13321,72,2,567.36,United Kingdom,2011-09-28 15:24:00,86,3,2,2,322,Need Attention,Medium Value
13322,17,1,199.48000000000002,United Kingdom,2011-11-22 14:21:00,17,5,1,1,511,New Customers,Medium Value
13323,3,5,787.85,United Kingdom,2011-12-06 17:12:00,84,5,4,3,543,Loyal,High Value
13324,36,18,10513.47,United Kingdom,2011-11-03 16:28:00,564,4,5,5,455,Champions,High Value
13325,82,1,675.3,United Kingdom,2011-09-19 10:36:00,82,3,1,3,313,About to Sleep,Low Value/At Risk
13326,432,1,281.76,United Kingdom,2010-10-03 16:00:00,432,1,1,1,111,At Risk,Low Value/At Risk
13327,39,20,9879.48,United Kingdom,2011-11-01 10:21:00,721,4,5,5,455,Champions,High Value
13328,316,1,1308.48,United Kingdom,2011-01-27 15:22:00,316,2,1,4,214,About to Sleep,Low Value/At Risk
13329,32,8,5112.97,United Kingdom,2011-11-08 10:29:00,735,4,4,5,445,Champions,High Value
13330,93,6,2806.18,United Kingdom,2011-09-08 12:27:00,655,3,4,4,344,Loyal,High Value
13331,402,1,262.4,United Kingdom,2010-11-03 08:04:00,402,2,1,1,211,About to Sleep,Low Value/At Risk
13332,14,1,350.9,United Kingdom,2011-11-25 13:30:00,14,5,1,2,512,New Customers,Medium Value
13333,411,3,1015.74,United Kingdom,2010-10-24 13:24:00,659,1,3,3,133,At Risk,Low Value/At Risk
13334,82,5,6263.75,United Kingdom,2011-09-18 15:21:00,653,3,4,5,345,Loyal,High Value
13336,77,1,795.12,United Kingdom,2011-09-23 14:05:00,77,3,1,3,313,About to Sleep,Low Value/At Risk
13337,546,1,1575.26,United Kingdom,2010-06-11 13:27:00,546,1,1,4,114,At Risk,Low Value/At Risk
13338,158,4,2445.62,United Kingdom,2011-07-05 09:06:00,704,3,3,4,334,Loyal,High Value
13339,201,1,860.12,United Kingdom,2011-05-23 08:31:00,201,2,1,3,213,About to Sleep,Low Value/At Risk
13340,45,12,22100.56,United Kingdom,2011-10-25 13:15:00,655,4,5,5,455,Champions,High Value
13341,261,1,775.85,United Kingdom,2011-03-24 09:50:00,261,2,1,3,213,About to Sleep,Low Value/At Risk
13343,178,1,353.43,United Kingdom,2011-06-15 12:24:00,178,3,1,2,312,About to Sleep,Low Value/At Risk
13344,68,3,2543.72,United Kingdom,2011-10-03 09:45:00,278,3,3,4,334,Loyal,High Value
13345,288,1,389.5,United Kingdom,2011-02-25 09:01:00,288,2,1,2,212,About to Sleep,Low Value/At Risk
13346,463,6,299.4,United Kingdom,2010-09-03 11:41:00,597,1,4,2,142,At Risk,Low Value/At Risk
13347,70,1,341.36,United Kingdom,2011-09-30 13:28:00,70,3,1,2,312,About to Sleep,Low Value/At Risk
13348,64,1,233.76,United Kingdom,2011-10-06 17:28:00,64,3,1,1,311,About to Sleep,Low Value/At Risk
13349,11,1,247.32,United Kingdom,2011-11-29 08:07:00,11,5,1,1,511,New Customers,Medium Value
13350,16,2,979.12,United Kingdom,2011-11-23 16:33:00,79,5,2,3,523,New Customers,Medium Value
13351,66,1,373.94,United Kingdom,2011-10-04 12:55:00,66,3,1,2,312,About to Sleep,Low Value/At Risk
13352,60,1,397.97999999999996,United Kingdom,2011-10-10 13:55:00,60,3,1,2,312,About to Sleep,Low Value/At Risk
13354,71,1,743.53,United Kingdom,2011-09-29 13:17:00,71,3,1,3,313,About to Sleep,Low Value/At Risk
13355,122,1,674.7,United Kingdom,2011-08-09 14:48:00,122,3,1,3,313,About to Sleep,Low Value/At Risk
13356,80,1,768.24,United Kingdom,2011-09-20 14:33:00,80,3,1,3,313,About to Sleep,Low Value/At Risk
13357,257,5,3838.36,United Kingdom,2011-03-27 13:56:00,627,2,4,5,245,At Risk,Low Value/At Risk
13358,269,1,439.03,United Kingdom,2011-03-16 11:52:00,269,2,1,2,212,About to Sleep,Low Value/At Risk
13359,64,2,1043.31,United Kingdom,2011-10-07 09:30:00,403,3,2,3,323,Need Attention,Medium Value
13360,432,4,1553.65,United Kingdom,2010-10-04 12:37:00,701,1,3,4,134,At Risk,Low Value/At Risk
13361,472,2,1450.5,United Kingdom,2010-08-24 14:56:00,618,1,2,4,124,At Risk,Low Value/At Risk
13362,9,7,5394.07,United Kingdom,2011-11-30 14:41:00,425,5,4,5,545,Champions,High Value
13363,18,3,1723.86,United Kingdom,2011-11-22 12:40:00,410,5,3,4,534,Loyal,High Value
13364,71,1,134.95999999999998,United Kingdom,2011-09-29 18:13:00,71,3,1,1,311,About to Sleep,Low Value/At Risk
13365,34,2,2225.37,United Kingdom,2011-11-06 12:36:00,218,4,2,4,424,New Customers,Medium Value
13366,50,1,56.160000000000004,United Kingdom,2011-10-20 13:37:00,50,4,1,1,411,New Customers,Medium Value
13367,432,1,510.20000000000005,United Kingdom,2010-10-04 10:00:00,432,1,1,2,112,At Risk,Low Value/At Risk
13368,257,4,1121.5,United Kingdom,2011-03-28 09:59:00,424,2,3,3,233,At Risk,Low Value/At Risk
13369,366,1,616.5600000000001,United Kingdom,2010-12-09 11:30:00,366,2,1,2,212,About to Sleep,Low Value/At Risk
13370,372,1,1509.74,United Kingdom,2010-12-03 10:26:00,372,2,1,4,214,About to Sleep,Low Value/At Risk
13371,505,2,2297.66,United Kingdom,2010-07-22 17:33:00,632,1,2,4,124,At Risk,Low Value/At Risk
13372,90,1,378.64,United Kingdom,2011-09-11 12:46:00,90,3,1,2,312,About to Sleep,Low Value/At Risk
13373,61,6,7587.1900000000005,United Kingdom,2011-10-10 10:51:00,734,3,4,5,345,Loyal,High Value
13374,415,2,422.8,United Kingdom,2010-10-21 10:04:00,450,1,2,2,122,At Risk,Low Value/At Risk
13375,89,2,1792.23,United Kingdom,2011-09-12 10:19:00,445,3,2,4,324,Need Attention,Medium Value
13376,99,3,1019.76,United Kingdom,2011-09-01 16:16:00,234,3,3,3,333,Loyal,High Value
13377,397,2,1552.88,United Kingdom,2010-11-08 12:20:00,646,2,2,4,224,Need Attention,Medium Value
13379,26,3,572.56,United Kingdom,2011-11-13 13:45:00,137,4,3,2,432,Potential,High Value
13380,433,1,62.4,United Kingdom,2010-10-03 10:18:00,433,1,1,1,111,At Risk,Low Value/At Risk
13381,32,12,8224.37,United Kingdom,2011-11-08 11:58:00,738,4,5,5,455,Champions,High Value
13382,281,5,1387.58,United Kingdom,2011-03-04 10:03:00,732,2,4,4,244,At Risk,Low Value/At Risk
13383,544,1,305.28000000000003,United Kingdom,2010-06-14 11:45:00,544,1,1,2,112,At Risk,Low Value/At Risk
13384,31,11,6680.83,United Kingdom,2011-11-09 11:04:00,501,4,5,5,455,Champions,High Value
13385,330,1,534.57,United Kingdom,2011-01-14 09:52:00,330,2,1,2,212,About to Sleep,Low Value/At Risk
13386,414,2,835.46,United Kingdom,2010-10-21 12:52:00,437,1,2,3,123,At Risk,Low Value/At Risk
13387,417,1,189.44,United Kingdom,2010-10-18 14:07:00,417,1,1,1,111,At Risk,Low Value/At Risk
13388,131,3,1185.65,United Kingdom,2011-07-31 12:52:00,604,3,3,3,333,Loyal,High Value
13389,11,3,797.96,United Kingdom,2011-11-28 14:01:00,233,5,3,3,533,Loyal,High Value
13390,75,1,544.08,United Kingdom,2011-09-26 08:38:00,75,3,1,2,312,About to Sleep,Low Value/At Risk
13391,204,1,59.8,United Kingdom,2011-05-20 10:50:00,204,2,1,1,211,About to Sleep,Low Value/At Risk
13392,677,1,91.14,United Kingdom,2010-01-31 13:34:00,677,1,1,1,111,At Risk,Low Value/At Risk
13393,584,4,1131.45,United Kingdom,2010-05-05 09:34:00,732,1,3,3,133,At Risk,Low Value/At Risk
13394,2,19,6621.7,United Kingdom,2011-12-08 11:36:00,739,5,5,5,555,Champions,High Value
13395,185,3,1180.23,United Kingdom,2011-06-07 15:04:00,421,3,3,3,333,Loyal,High Value
13396,29,2,1360.99,United Kingdom,2011-11-10 16:59:00,319,4,2,4,424,New Customers,Medium Value
13397,73,10,3191.87,United Kingdom,2011-09-28 10:56:00,689,3,5,5,355,Loyal,High Value
13398,192,2,670.34,United Kingdom,2011-05-31 13:17:00,449,2,2,3,223,Need Attention,Medium Value
13399,464,3,275.4,United Kingdom,2010-09-01 13:59:00,519,1,3,1,131,At Risk,Low Value/At Risk
13400,583,1,310.83,United Kingdom,2010-05-06 09:00:00,583,1,1,2,112,At Risk,Low Value/At Risk
13402,127,4,1535.13,United Kingdom,2011-08-04 15:51:00,565,3,3,4,334,Loyal,High Value
13403,18,3,229.5,United Kingdom,2011-11-22 08:28:00,723,5,3,1,531,Potential,High Value
13404,1,2,252.49,United Kingdom,2011-12-08 15:37:00,213,5,2,1,521,New Customers,Medium Value
13405,74,6,1213.811,United Kingdom,2011-09-26 17:01:00,724,3,4,3,343,Loyal,High Value
13406,427,2,568.92,United Kingdom,2010-10-08 14:44:00,632,1,2,2,122,At Risk,Low Value/At Risk
13407,579,3,2244.7,United Kingdom,2010-05-10 12:41:00,662,1,3,4,134,At Risk,Low Value/At Risk
13408,2,106,51733.462,United Kingdom,2011-12-08 09:05:00,736,5,5,5,555,Champions,High Value
13410,24,9,2201.96,United Kingdom,2011-11-15 15:33:00,731,4,5,4,454,Champions,High Value
13411,107,1,213.55,United Kingdom,2011-08-24 13:57:00,107,3,1,1,311,About to Sleep,Low Value/At Risk
13412,620,1,487.34999999999997,United Kingdom,2010-03-29 16:28:00,620,1,1,2,112,At Risk,Low Value/At Risk
13413,640,6,429.44,United Kingdom,2010-03-10 12:17:00,687,1,4,2,142,At Risk,Low Value/At Risk
13414,134,6,2494.14,United Kingdom,2011-07-29 11:45:00,603,3,4,4,344,Loyal,High Value
13415,473,4,800.67,United Kingdom,2010-08-24 11:38:00,728,1,3,3,133,At Risk,Low Value/At Risk
13416,44,3,940.8000000000001,United Kingdom,2011-10-27 08:56:00,736,4,3,3,433,Loyal,High Value
13417,5,6,1669.49,United Kingdom,2011-12-05 08:49:00,670,5,4,4,544,Champions,High Value
13418,12,31,12233.6,United Kingdom,2011-11-28 10:23:00,728,5,5,5,555,Champions,High Value
13419,64,1,221.06,United Kingdom,2011-10-07 12:49:00,64,3,1,1,311,About to Sleep,Low Value/At Risk
13420,150,2,159.85,United Kingdom,2011-07-13 08:48:00,171,3,2,1,321,Need Attention,Medium Value
13421,40,8,4103.12,United Kingdom,2011-10-30 14:21:00,663,4,4,5,445,Champions,High Value
13422,64,1,2626.3,United Kingdom,2011-10-06 13:42:00,64,3,1,4,314,About to Sleep,Low Value/At Risk
13423,429,1,217.03,United Kingdom,2010-10-07 09:02:00,429,1,1,1,111,At Risk,Low Value/At Risk
13424,450,1,572.77,United Kingdom,2010-09-16 10:49:00,450,1,1,2,112,At Risk,Low Value/At Risk
13425,108,5,3403.63,United Kingdom,2011-08-23 17:13:00,579,3,4,5,345,Loyal,High Value
13426,1,22,8167.38,United Kingdom,2011-12-09 08:59:00,730,5,5,5,555,Champions,High Value
13427,19,6,1006.53,United Kingdom,2011-11-20 13:02:00,722,5,4,3,543,Loyal,High Value
13428,10,3,499.98,United Kingdom,2011-11-29 14:20:00,514,5,3,2,532,Potential,High Value
13429,11,4,1006.8,United Kingdom,2011-11-29 09:10:00,75,5,3,3,533,Loyal,High Value
13430,19,2,679.45,United Kingdom,2011-11-21 08:19:00,86,5,2,3,523,New Customers,Medium Value
13431,67,8,3316.24,United Kingdom,2011-10-03 13:49:00,660,3,4,5,345,Loyal,High Value
13432,571,2,439.1,United Kingdom,2010-05-17 13:18:00,612,1,2,2,122,At Risk,Low Value/At Risk
13433,501,4,658.3199999999999,United Kingdom,2010-07-26 16:55:00,697,1,3,3,133,At Risk,Low Value/At Risk
13434,74,5,1666.8600000000001,United Kingdom,2011-09-26 14:30:00,656,3,4,4,344,Loyal,High Value
13435,5,9,4475.2300000000005,United Kingdom,2011-12-04 14:45:00,500,5,5,5,555,Champions,High Value
13436,2,1,196.89,United Kingdom,2011-12-08 10:33:00,2,5,1,1,511,New Customers,Medium Value
13437,14,7,3408.06,United Kingdom,2011-11-25 14:00:00,190,5,4,5,545,Champions,High Value
13438,547,1,46.5,United Kingdom,2010-06-10 18:46:00,547,1,1,1,111,At Risk,Low Value/At Risk
13439,255,3,986.61,United Kingdom,2011-03-29 14:20:00,526,2,3,3,233,At Risk,Low Value/At Risk
13440,423,7,1295.25,United Kingdom,2010-10-12 13:11:00,452,1,4,4,144,At Risk,Low Value/At Risk
13441,92,2,720.9,United Kingdom,2011-09-09 09:38:00,432,3,2,3,323,Need Attention,Medium Value
13442,667,3,419.87,United Kingdom,2010-02-10 14:03:00,738,1,3,2,132,At Risk,Low Value/At Risk
13443,449,6,1280.16,United Kingdom,2010-09-17 12:31:00,677,1,4,4,144,At Risk,Low Value/At Risk
13444,374,2,631.6800000000001,United Kingdom,2010-11-30 13:02:00,506,2,2,3,223,Need Attention,Medium Value
13445,626,1,241.89999999999998,United Kingdom,2010-03-23 15:34:00,626,1,1,1,111,At Risk,Low Value/At Risk
13446,430,11,3881.89,United Kingdom,2010-10-05 18:51:00,664,1,5,5,155,At Risk,Low Value/At Risk
13447,23,3,1129.14,United Kingdom,2011-11-16 13:38:00,36,4,3,3,433,Loyal,High Value
13448,17,13,9240.87,United Kingdom,2011-11-23 12:33:00,734,5,5,5,555,Champions,High Value
13449,24,1,291.88,United Kingdom,2011-11-16 08:28:00,24,4,1,2,412,New Customers,Medium Value
13450,27,13,4120.04,United Kingdom,2011-11-13 11:54:00,603,4,5,5,455,Champions,High Value
13451,26,11,7190.92,United Kingdom,2011-11-13 15:58:00,628,4,5,5,455,Champions,High Value
13452,259,3,729.8,United Kingdom,2011-03-25 14:19:00,473,2,3,3,233,At Risk,Low Value/At Risk
13453,166,3,781.6899999999999,United Kingdom,2011-06-27 09:34:00,402,3,3,3,333,Loyal,High Value
13454,641,1,219.87,United Kingdom,2010-03-08 14:40:00,641,1,1,1,111,At Risk,Low Value/At Risk
13455,25,6,2905.93,United Kingdom,2011-11-15 11:21:00,731,4,4,4,444,Champions,High Value
13456,18,6,1766.72,United Kingdom,2011-11-22 09:18:00,207,5,4,4,544,Champions,High Value
13457,689,2,148.22,United Kingdom,2010-01-20 08:48:00,738,1,2,1,121,At Risk,Low Value/At Risk
13458,7,16,11959.27,United Kingdom,2011-12-02 15:29:00,388,5,5,5,555,Champions,High Value
13459,625,2,1160.4099999999999,United Kingdom,2010-03-25 10:24:00,682,1,2,3,123,At Risk,Low Value/At Risk
13460,29,2,183.44,United Kingdom,2011-11-10 17:17:00,50,4,2,1,421,New Customers,Medium Value
13461,39,6,4160.0,United Kingdom,2011-11-01 09:01:00,597,4,4,5,445,Champions,High Value
13462,253,5,1153.85,United Kingdom,2011-04-01 11:20:00,726,2,4,3,243,At Risk,Low Value/At Risk
13464,58,6,3097.64,United Kingdom,2011-10-12 15:01:00,618,4,4,5,445,Champions,High Value
13465,446,2,931.12,United Kingdom,2010-09-19 15:13:00,586,1,2,3,123,At Risk,Low Value/At Risk
13466,184,5,1013.35,United Kingdom,2011-06-08 16:39:00,628,3,4,3,343,Loyal,High Value
13467,11,2,1083.71,United Kingdom,2011-11-29 10:01:00,36,5,2,3,523,New Customers,Medium Value
13468,2,72,13390.51,United Kingdom,2011-12-08 10:39:00,736,5,5,5,555,Champions,High Value
13469,653,1,82.4,United Kingdom,2010-02-24 15:03:00,653,1,1,1,111,At Risk,Low Value/At Risk
13470,99,2,165.0,United Kingdom,2011-09-01 14:57:00,115,3,2,1,321,Need Attention,Medium Value
13471,1,4,2531.58,United Kingdom,2011-12-08 15:44:00,47,5,3,4,534,Loyal,High Value
13472,464,2,592.24,United Kingdom,2010-09-02 09:41:00,556,1,2,2,122,At Risk,Low Value/At Risk
13473,61,8,2657.7599999999998,United Kingdom,2011-10-10 11:20:00,724,3,4,4,344,Loyal,High Value
13474,236,3,663.79,United Kingdom,2011-04-17 13:53:00,495,2,3,3,233,At Risk,Low Value/At Risk
13475,191,4,1431.78,United Kingdom,2011-06-01 13:52:00,299,2,3,4,234,At Risk,Low Value/At Risk
13476,179,5,2061.4700000000003,United Kingdom,2011-06-14 12:00:00,645,3,4,4,344,Loyal,High Value
13477,38,11,2834.17,United Kingdom,2011-11-02 12:04:00,684,4,5,4,454,Champions,High Value
13478,469,5,2215.78,United Kingdom,2010-08-27 13:23:00,677,1,4,4,144,At Risk,Low Value/At Risk
13479,201,4,851.37,United Kingdom,2011-05-23 10:45:00,477,2,3,3,233,At Risk,Low Value/At Risk
13480,417,2,627.82,United Kingdom,2010-10-19 11:53:00,680,1,2,3,123,At Risk,Low Value/At Risk
13481,46,11,3830.84,United Kingdom,2011-10-25 09:07:00,736,4,5,5,455,Champions,High Value
13482,232,2,336.09,United Kingdom,2011-04-21 17:03:00,628,2,2,2,222,Need Attention,Medium Value
13483,66,1,140.34,United Kingdom,2011-10-05 11:53:00,66,3,1,1,311,About to Sleep,Low Value/At Risk
13484,241,3,790.72,United Kingdom,2011-04-12 16:30:00,640,2,3,3,233,At Risk,Low Value/At Risk
13485,233,11,3019.2200000000003,United Kingdom,2011-04-20 13:58:00,736,2,5,5,255,At Risk,Low Value/At Risk
13486,78,3,1122.41,United Kingdom,2011-09-22 13:13:00,155,3,3,3,333,Loyal,High Value
13487,58,5,846.87,United Kingdom,2011-10-13 12:07:00,735,4,4,3,443,Loyal,High Value
13488,17,23,15587.88,United Kingdom,2011-11-22 14:41:00,684,5,5,5,555,Champions,High Value
13489,105,4,449.52,United Kingdom,2011-08-26 13:16:00,295,3,3,2,332,Potential,High Value
13490,654,1,154.25,United Kingdom,2010-02-23 14:48:00,654,1,1,1,111,At Risk,Low Value/At Risk
13491,52,27,4566.56,United Kingdom,2011-10-19 08:32:00,733,4,5,5,455,Champions,High Value
13492,136,3,1269.84,Switzerland,2011-07-26 14:25:00,215,3,3,4,334,Loyal,High Value
13493,275,2,618.63,Switzerland,2011-03-09 15:35:00,287,2,2,3,223,Need Attention,Medium Value
13494,312,1,316.26000000000005,United Kingdom,2011-02-01 11:58:00,312,2,1,2,212,About to Sleep,Low Value/At Risk
13495,8,10,5374.26,United Kingdom,2011-12-02 11:21:00,733,5,5,5,555,Champions,High Value
13496,11,2,653.33,United Kingdom,2011-11-29 10:58:00,360,5,2,3,523,New Customers,Medium Value
13497,283,6,1320.33,United Kingdom,2011-03-02 09:04:00,670,2,4,4,244,At Risk,Low Value/At Risk
13498,730,1,327.38,United Kingdom,2009-12-09 15:26:00,730,1,1,2,112,At Risk,Low Value/At Risk
13499,18,5,1159.11,United Kingdom,2011-11-22 11:21:00,270,5,4,3,543,Loyal,High Value
13500,23,4,1466.3,United Kingdom,2011-11-16 15:35:00,401,4,3,4,434,Loyal,High Value
13501,288,3,2885.11,Switzerland,2011-02-24 18:59:00,570,2,3,4,234,At Risk,Low Value/At Risk
13502,17,5,780.5,United Kingdom,2011-11-23 10:39:00,549,5,4,3,543,Loyal,High Value
13503,71,6,1905.39,United Kingdom,2011-09-29 13:23:00,661,3,4,4,344,Loyal,High Value
13504,64,1,295.93,United Kingdom,2011-10-06 13:20:00,64,3,1,2,312,About to Sleep,Low Value/At Risk
13505,73,4,4393.63,Switzerland,2011-09-28 11:56:00,233,3,3,5,335,Loyal,High Value
13506,316,5,1639.2,United Kingdom,2011-01-27 13:53:00,461,2,4,4,244,At Risk,Low Value/At Risk
13507,3,4,2479.16,United Kingdom,2011-12-06 13:13:00,146,5,3,4,534,Loyal,High Value
13508,244,2,287.05,United Kingdom,2011-04-10 11:58:00,643,2,2,1,221,Need Attention,Medium Value
13509,9,8,1114.72,United Kingdom,2011-12-01 10:10:00,508,5,4,3,543,Loyal,High Value
13510,1,11,4558.29,United Kingdom,2011-12-08 13:46:00,719,5,5,5,555,Champions,High Value
13511,677,1,282.76,United Kingdom,2010-02-01 12:10:00,677,1,1,1,111,At Risk,Low Value/At Risk
13512,261,4,713.39,United Kingdom,2011-03-24 10:03:00,583,2,3,3,233,At Risk,Low Value/At Risk
13513,127,3,824.59,United Kingdom,2011-08-05 11:50:00,655,3,3,3,333,Loyal,High Value
13514,74,4,815.9000000000001,United Kingdom,2011-09-27 09:39:00,682,3,3,3,333,Loyal,High Value
13515,73,6,1265.82,United Kingdom,2011-09-28 11:26:00,645,3,4,4,344,Loyal,High Value
13516,21,4,1685.26,United Kingdom,2011-11-18 13:15:00,418,4,3,4,434,Loyal,High Value
13517,60,3,2128.42,United Kingdom,2011-10-11 11:43:00,180,3,3,4,334,Loyal,High Value
13518,86,1,659.4399999999999,United Kingdom,2011-09-15 10:29:00,86,3,1,3,313,About to Sleep,Low Value/At Risk
13519,78,2,343.21,United Kingdom,2011-09-22 18:24:00,443,3,2,2,322,Need Attention,Medium Value
13520,59,11,6909.4,Switzerland,2011-10-12 10:20:00,723,4,5,5,455,Champions,High Value
13521,1,3,1093.65,United Kingdom,2011-12-08 13:50:00,10,5,3,3,533,Loyal,High Value
13522,30,1,125.80000000000001,United Kingdom,2011-11-09 15:11:00,30,4,1,1,411,New Customers,Medium Value
13523,33,6,5101.52,United Kingdom,2011-11-06 15:11:00,402,4,4,5,445,Champions,High Value
13524,41,5,680.1800000000001,United Kingdom,2011-10-30 12:34:00,220,4,4,3,443,Loyal,High Value
13525,15,2,628.78,United Kingdom,2011-11-25 12:01:00,248,5,2,3,523,New Customers,Medium Value
13526,738,2,1182.0,United Kingdom,2009-12-01 13:13:00,738,1,2,3,123,At Risk,Low Value/At Risk
13527,34,12,4683.74,United Kingdom,2011-11-06 12:04:00,688,4,5,5,455,Champions,High Value
13529,79,2,307.76,United Kingdom,2011-09-22 09:15:00,205,3,2,2,322,Need Attention,Medium Value
13530,634,1,402.97999999999996,United Kingdom,2010-03-15 14:10:00,634,1,1,2,112,At Risk,Low Value/At Risk
13531,205,6,1738.52,United Kingdom,2011-05-18 16:56:00,736,2,4,4,244,At Risk,Low Value/At Risk
13532,34,1,210.31,United Kingdom,2011-11-06 12:25:00,34,4,1,1,411,New Customers,Medium Value
13533,183,3,270.79,United Kingdom,2011-06-10 11:54:00,268,3,3,1,331,Potential,High Value
13534,2,35,7720.9,United Kingdom,2011-12-07 14:52:00,520,5,5,5,555,Champions,High Value
13535,403,1,89.5,United Kingdom,2010-11-02 11:49:00,403,2,1,1,211,About to Sleep,Low Value/At Risk
13536,1,7,3448.29,United Kingdom,2011-12-08 16:38:00,75,5,4,5,545,Champions,High Value
13537,426,2,717.85,United Kingdom,2010-10-10 12:45:00,452,1,2,3,123,At Risk,Low Value/At Risk
13538,43,12,3112.73,United Kingdom,2011-10-27 16:34:00,676,4,5,5,455,Champions,High Value
13539,86,7,1569.3600000000001,United Kingdom,2011-09-15 10:18:00,591,3,4,4,344,Loyal,High Value
13540,467,3,632.39,United Kingdom,2010-08-29 14:20:00,656,1,3,3,133,At Risk,Low Value/At Risk
13541,427,2,785.25,United Kingdom,2010-10-08 16:37:00,570,1,2,3,123,At Risk,Low Value/At Risk
13542,377,17,4006.17,United Kingdom,2010-11-28 11:24:00,729,2,5,5,255,At Risk,Low Value/At Risk
13543,634,2,1439.6100000000001,United Kingdom,2010-03-15 13:34:00,687,1,2,4,124,At Risk,Low Value/At Risk
13544,40,6,829.0,United Kingdom,2011-10-31 11:57:00,645,4,4,3,443,Loyal,High Value
13545,391,2,374.64,United Kingdom,2010-11-14 11:27:00,545,2,2,2,222,Need Attention,Medium Value
13546,12,5,1092.14,United Kingdom,2011-11-27 14:50:00,424,5,4,3,543,Loyal,High Value
13547,408,1,175.53,United Kingdom,2010-10-27 14:14:00,408,2,1,1,211,About to Sleep,Low Value/At Risk
13548,96,3,908.99,United Kingdom,2011-09-04 14:50:00,471,3,3,3,333,Loyal,High Value
13549,26,8,1005.8,United Kingdom,2011-11-14 09:20:00,388,4,4,3,443,Loyal,High Value
13550,383,1,349.51,United Kingdom,2010-11-21 15:24:00,383,2,1,2,212,About to Sleep,Low Value/At Risk
13551,319,2,244.2,United Kingdom,2011-01-24 14:46:00,666,2,2,1,221,Need Attention,Medium Value
13552,66,22,6978.92,United Kingdom,2011-10-04 15:19:00,658,3,5,5,355,Loyal,High Value
13553,675,1,517.8,United Kingdom,2010-02-03 12:21:00,675,1,1,2,112,At Risk,Low Value/At Risk
13554,380,7,1638.28,United Kingdom,2010-11-24 15:05:00,447,2,4,4,244,At Risk,Low Value/At Risk
13555,74,13,8999.19,United Kingdom,2011-09-27 12:36:00,689,3,5,5,355,Loyal,High Value
13556,429,2,200.82,United Kingdom,2010-10-06 16:44:00,436,1,2,1,121,At Risk,Low Value/At Risk
13557,28,13,3032.26,United Kingdom,2011-11-11 15:24:00,731,4,5,5,455,Champions,High Value
13558,6,4,605.06,United Kingdom,2011-12-04 11:24:00,68,5,3,2,532,Potential,High Value
13559,513,2,990.0,United Kingdom,2010-07-15 09:52:00,544,1,2,3,123,At Risk,Low Value/At Risk
13560,7,1,174.37,United Kingdom,2011-12-02 13:11:00,7,5,1,1,511,New Customers,Medium Value
13561,216,11,1820.72,United Kingdom,2011-05-08 12:39:00,649,2,5,4,254,At Risk,Low Value/At Risk
13562,82,8,4838.18,United Kingdom,2011-09-19 10:51:00,694,3,4,5,345,Loyal,High Value
13563,84,2,777.53,United Kingdom,2011-09-16 14:45:00,140,3,2,3,323,Need Attention,Medium Value
13564,144,37,17249.55,United Kingdom,2011-07-18 14:33:00,738,3,5,5,355,Loyal,High Value
13565,19,3,414.8,United Kingdom,2011-11-20 14:33:00,411,5,3,2,532,Potential,High Value
13566,41,5,1708.1200000000001,United Kingdom,2011-10-30 11:59:00,640,4,4,4,444,Champions,High Value
13567,428,4,1083.69,United Kingdom,2010-10-07 12:51:00,542,1,3,3,133,At Risk,Low Value/At Risk
13568,173,1,192.85,United Kingdom,2011-06-19 14:42:00,173,3,1,1,311,About to Sleep,Low Value/At Risk
13569,17,4,893.78,United Kingdom,2011-11-22 13:07:00,428,5,3,3,533,Loyal,High Value
13570,243,1,239.49,United Kingdom,2011-04-10 13:36:00,243,2,1,1,211,About to Sleep,Low Value/At Risk
13571,13,26,4546.54,United Kingdom,2011-11-27 10:47:00,731,5,5,5,555,Champions,High Value
13572,206,1,1384.25,United Kingdom,2011-05-18 11:59:00,206,2,1,4,214,About to Sleep,Low Value/At Risk
13573,50,6,916.47,United Kingdom,2011-10-20 14:33:00,637,4,4,3,443,Loyal,High Value
13574,411,1,421.25,United Kingdom,2010-10-24 13:28:00,411,1,1,2,112,At Risk,Low Value/At Risk
13575,23,5,732.0699999999999,United Kingdom,2011-11-16 13:14:00,176,4,4,3,443,Loyal,High Value
13576,10,28,11551.74,United Kingdom,2011-11-29 15:34:00,731,5,5,5,555,Champions,High Value
13577,25,11,3489.28,United Kingdom,2011-11-14 15:19:00,725,4,5,5,455,Champions,High Value
13578,409,1,147.66,United Kingdom,2010-10-26 13:44:00,409,2,1,1,211,About to Sleep,Low Value/At Risk
13579,15,5,1539.04,United Kingdom,2011-11-25 08:41:00,659,5,4,4,544,Champions,High Value
13580,406,1,107.75,United Kingdom,2010-10-29 15:01:00,406,2,1,1,211,About to Sleep,Low Value/At Risk
13581,309,2,280.53000000000003,United Kingdom,2011-02-03 14:41:00,414,2,2,1,221,Need Attention,Medium Value
13582,390,2,241.68,United Kingdom,2010-11-15 11:34:00,618,2,2,1,221,Need Attention,Medium Value
13583,156,2,1445.031,United Kingdom,2011-07-07 10:40:00,679,3,2,4,324,Need Attention,Medium Value
13584,307,3,392.45,United Kingdom,2011-02-06 12:49:00,676,2,3,2,232,At Risk,Low Value/At Risk
13585,531,3,684.54,United Kingdom,2010-06-27 12:33:00,738,1,3,3,133,At Risk,Low Value/At Risk
13586,541,1,131.53,United Kingdom,2010-06-16 13:47:00,541,1,1,1,111,At Risk,Low Value/At Risk
13587,64,4,1673.5,United Kingdom,2011-10-07 12:31:00,663,3,3,4,334,Loyal,High Value
13588,16,9,2478.95,United Kingdom,2011-11-24 10:42:00,255,5,5,4,554,Champions,High Value
13589,15,6,1120.74,United Kingdom,2011-11-25 12:10:00,734,5,4,3,543,Loyal,High Value
13590,11,18,6349.59,United Kingdom,2011-11-28 12:54:00,738,5,5,5,555,Champions,High Value
13591,65,7,2093.94,United Kingdom,2011-10-06 12:26:00,725,3,4,4,344,Loyal,High Value
13592,36,4,247.95999999999998,United Kingdom,2011-11-04 09:49:00,264,4,3,1,431,Potential,High Value
13593,108,14,5523.6900000000005,United Kingdom,2011-08-23 13:35:00,647,3,5,5,355,Loyal,High Value
13594,53,2,533.32,United Kingdom,2011-10-18 10:19:00,486,4,2,2,422,New Customers,Medium Value
13595,517,3,818.22,United Kingdom,2010-07-11 12:36:00,646,1,3,3,133,At Risk,Low Value/At Risk
13596,6,2,697.04,United Kingdom,2011-12-04 12:01:00,13,5,2,3,523,New Customers,Medium Value
13597,400,2,396.71,United Kingdom,2010-11-04 14:54:00,403,2,2,2,222,Need Attention,Medium Value
13598,47,5,789.59,United Kingdom,2011-10-23 14:28:00,652,4,4,3,443,Loyal,High Value
13599,1,33,10167.630000000001,United Kingdom,2011-12-08 16:10:00,739,5,5,5,555,Champions,High Value
13600,312,2,518.42,United Kingdom,2011-01-31 15:27:00,634,2,2,2,222,Need Attention,Medium Value
13601,45,4,1185.14,United Kingdom,2011-10-25 17:31:00,546,4,3,3,433,Loyal,High Value
13602,65,4,1025.17,United Kingdom,2011-10-06 11:47:00,561,3,3,3,333,Loyal,High Value
13603,26,1,164.34,United Kingdom,2011-11-13 15:57:00,26,4,1,1,411,New Customers,Medium Value
13604,659,1,717.62,United Kingdom,2010-02-19 12:02:00,659,1,1,3,113,At Risk,Low Value/At Risk
13605,387,2,522.67,United Kingdom,2010-11-17 17:16:00,571,2,2,2,222,Need Attention,Medium Value
13606,29,3,280.53999999999996,United Kingdom,2011-11-10 17:46:00,312,4,3,1,431,Potential,High Value
13607,40,2,1078.31,United Kingdom,2011-10-30 16:17:00,403,4,2,3,423,New Customers,Medium Value
13608,541,1,236.2,United Kingdom,2010-06-17 12:28:00,541,1,1,1,111,At Risk,Low Value/At Risk
13609,593,1,167.35,United Kingdom,2010-04-25 13:26:00,593,1,1,1,111,At Risk,Low Value/At Risk
13610,12,14,2175.88,United Kingdom,2011-11-27 15:38:00,703,5,5,4,554,Champions,High Value
13611,89,10,3319.53,United Kingdom,2011-09-11 14:51:00,737,3,5,5,355,Loyal,High Value
13612,633,1,818.29,United Kingdom,2010-03-17 12:14:00,633,1,1,3,113,At Risk,Low Value/At Risk
13613,453,5,1039.8500000000001,United Kingdom,2010-09-13 12:01:00,661,1,4,3,143,At Risk,Low Value/At Risk
13614,24,6,2359.19,United Kingdom,2011-11-15 14:47:00,551,4,4,4,444,Champions,High Value
13615,319,8,6272.53,United Kingdom,2011-01-25 08:21:00,680,2,4,5,245,At Risk,Low Value/At Risk
13616,568,2,288.1,United Kingdom,2010-05-20 12:59:00,691,1,2,1,121,At Risk,Low Value/At Risk
13617,40,8,1278.75,United Kingdom,2011-10-30 13:50:00,495,4,4,4,444,Champions,High Value
13618,174,1,177.34,United Kingdom,2011-06-19 11:09:00,174,3,1,1,311,About to Sleep,Low Value/At Risk
13619,545,2,231.69,United Kingdom,2010-06-13 11:39:00,674,1,2,1,121,At Risk,Low Value/At Risk
13620,528,1,112.34,United Kingdom,2010-06-29 15:02:00,528,1,1,1,111,At Risk,Low Value/At Risk
13621,117,1,213.85,United Kingdom,2011-08-15 08:26:00,117,3,1,1,311,About to Sleep,Low Value/At Risk
13622,696,1,658.95,United Kingdom,2010-01-12 13:22:00,696,1,1,3,113,At Risk,Low Value/At Risk
13623,31,10,2566.49,United Kingdom,2011-11-09 12:00:00,737,4,5,4,454,Champions,High Value
13624,388,1,462.08,United Kingdom,2010-11-16 13:43:00,388,2,1,2,212,About to Sleep,Low Value/At Risk
13625,597,1,301.26,United Kingdom,2010-04-22 10:50:00,597,1,1,2,112,At Risk,Low Value/At Risk
13626,253,2,707.04,United Kingdom,2011-04-01 10:05:00,379,2,2,3,223,Need Attention,Medium Value
13627,59,7,2245.9,United Kingdom,2011-10-11 14:20:00,640,4,4,4,444,Champions,High Value
13628,676,1,310.14,United Kingdom,2010-02-01 14:44:00,676,1,1,2,112,At Risk,Low Value/At Risk
13629,23,19,13370.86,United Kingdom,2011-11-16 13:21:00,666,4,5,5,455,Champions,High Value
13630,5,7,2031.78,United Kingdom,2011-12-04 15:16:00,286,5,4,4,544,Champions,High Value
13631,100,11,3070.42,United Kingdom,2011-09-01 09:57:00,267,3,5,5,355,Loyal,High Value
13632,25,8,3648.15,United Kingdom,2011-11-15 10:51:00,612,4,4,5,445,Champions,High Value
13634,33,16,5073.47,United Kingdom,2011-11-06 13:40:00,698,4,5,5,455,Champions,High Value
13635,68,4,2999.16,United Kingdom,2011-10-03 10:55:00,739,3,3,5,335,Loyal,High Value
13636,37,5,949.12,United Kingdom,2011-11-03 10:30:00,285,4,4,3,443,Loyal,High Value
13637,52,3,810.5,United Kingdom,2011-10-18 13:32:00,226,4,3,3,433,Loyal,High Value
13638,16,1,122.64,United Kingdom,2011-11-24 10:38:00,16,5,1,1,511,New Customers,Medium Value
13639,74,2,1346.27,United Kingdom,2011-09-26 13:36:00,437,3,2,4,324,Need Attention,Medium Value
13640,611,1,405.0,United Kingdom,2010-04-07 15:33:00,611,1,1,2,112,At Risk,Low Value/At Risk
13641,641,5,1016.47,United Kingdom,2010-03-09 07:37:00,734,1,4,3,143,At Risk,Low Value/At Risk
13642,216,4,514.72,United Kingdom,2011-05-08 12:34:00,433,2,3,2,232,At Risk,Low Value/At Risk
13643,31,10,2156.77,United Kingdom,2011-11-08 15:37:00,732,4,5,4,454,Champions,High Value
13644,16,4,2624.26,United Kingdom,2011-11-23 14:07:00,106,5,3,4,534,Loyal,High Value
13645,120,1,252.1,United Kingdom,2011-08-11 16:11:00,120,3,1,1,311,About to Sleep,Low Value/At Risk
13646,400,2,326.25,United Kingdom,2010-11-05 12:13:00,400,2,2,2,222,Need Attention,Medium Value
13647,10,8,3071.68,United Kingdom,2011-11-30 12:00:00,603,5,4,5,545,Champions,High Value
13648,400,8,1764.02,United Kingdom,2010-11-04 14:46:00,738,2,4,4,244,At Risk,Low Value/At Risk
13649,257,6,1678.88,United Kingdom,2011-03-28 11:51:00,527,2,4,4,244,At Risk,Low Value/At Risk
13650,17,10,3288.0,United Kingdom,2011-11-23 12:22:00,683,5,5,5,555,Champions,High Value
13651,35,3,226.85,United Kingdom,2011-11-04 14:59:00,382,4,3,1,431,Potential,High Value
13652,46,5,2570.85,United Kingdom,2011-10-25 08:51:00,652,4,4,4,444,Champions,High Value
13653,488,1,152.2,United Kingdom,2010-08-09 08:19:00,488,1,1,1,111,At Risk,Low Value/At Risk
13654,43,11,6308.0,United Kingdom,2011-10-27 16:24:00,738,4,5,5,455,Champions,High Value
13655,114,6,2280.51,United Kingdom,2011-08-17 14:25:00,592,3,4,4,344,Loyal,High Value
13656,165,4,1078.85,United Kingdom,2011-06-28 10:31:00,596,3,3,3,333,Loyal,High Value
13657,11,2,382.14,United Kingdom,2011-11-29 12:32:00,202,5,2,2,522,New Customers,Medium Value
13658,10,9,6025.5,United Kingdom,2011-11-30 10:13:00,672,5,5,5,555,Champions,High Value
13659,206,12,4894.88,United Kingdom,2011-05-18 12:37:00,661,2,5,5,255,At Risk,Low Value/At Risk
13660,400,1,314.59,United Kingdom,2010-11-04 16:10:00,400,2,1,2,212,About to Sleep,Low Value/At Risk
13661,603,1,325.24,United Kingdom,2010-04-15 14:58:00,603,1,1,2,112,At Risk,Low Value/At Risk
13662,86,11,2250.11,United Kingdom,2011-09-15 12:04:00,658,3,5,4,354,Loyal,High Value
13663,179,5,2047.51,United Kingdom,2011-06-13 15:44:00,647,3,4,4,344,Loyal,High Value
13665,386,3,1711.6599999999999,United Kingdom,2010-11-18 13:06:00,504,2,3,4,234,At Risk,Low Value/At Risk
13666,60,5,127.89999999999999,United Kingdom,2011-10-10 15:39:00,736,3,4,1,341,Potential,High Value
13667,149,1,305.02,United Kingdom,2011-07-13 15:42:00,149,3,1,2,312,About to Sleep,Low Value/At Risk
13668,3,35,13089.94,United Kingdom,2011-12-07 12:11:00,728,5,5,5,555,Champions,High Value
13669,51,3,413.55,United Kingdom,2011-10-20 09:32:00,407,4,3,2,432,Potential,High Value
13670,75,1,349.7,United Kingdom,2011-09-25 15:25:00,75,3,1,2,312,About to Sleep,Low Value/At Risk
13671,395,1,194.95,United Kingdom,2010-11-10 10:50:00,395,2,1,1,211,About to Sleep,Low Value/At Risk
13672,301,3,419.92,United Kingdom,2011-02-11 13:53:00,731,2,3,2,232,At Risk,Low Value/At Risk
13673,19,2,396.92,United Kingdom,2011-11-21 12:11:00,32,5,2,2,522,New Customers,Medium Value
13674,433,1,240.68,United Kingdom,2010-10-03 10:41:00,433,1,1,1,111,At Risk,Low Value/At Risk
13675,151,2,486.82000000000005,United Kingdom,2011-07-11 12:57:00,285,3,2,2,322,Need Attention,Medium Value
13676,539,2,243.9,United Kingdom,2010-06-18 17:30:00,619,1,2,1,121,At Risk,Low Value/At Risk
13677,405,2,556.1899999999999,United Kingdom,2010-10-31 11:32:00,520,2,2,2,222,Need Attention,Medium Value
13678,152,1,232.6,United Kingdom,2011-07-11 10:14:00,152,3,1,1,311,About to Sleep,Low Value/At Risk
13679,494,3,281.26,United Kingdom,2010-08-03 12:13:00,735,1,3,1,131,At Risk,Low Value/At Risk
13680,1,12,11435.67,United Kingdom,2011-12-08 13:47:00,735,5,5,5,555,Champions,High Value
13681,18,4,827.83,United Kingdom,2011-11-22 11:13:00,155,5,3,3,533,Loyal,High Value
13682,187,1,59.5,United Kingdom,2011-06-05 14:06:00,187,3,1,1,311,About to Sleep,Low Value/At Risk
13683,458,1,258.6,United Kingdom,2010-09-08 10:00:00,458,1,1,1,111,At Risk,Low Value/At Risk
13684,286,4,596.98,United Kingdom,2011-02-27 10:13:00,621,2,3,2,232,At Risk,Low Value/At Risk
13685,3,7,3119.44,United Kingdom,2011-12-07 11:41:00,60,5,4,5,545,Champions,High Value
13686,183,3,409.04,United Kingdom,2011-06-10 09:10:00,401,3,3,2,332,Potential,High Value
13687,438,1,11880.84,United Kingdom,2010-09-27 16:30:00,438,1,1,5,115,At Risk,Low Value/At Risk
13688,635,1,375.5,United Kingdom,2010-03-14 14:11:00,635,1,1,2,112,At Risk,Low Value/At Risk
13689,63,2,1259.5,United Kingdom,2011-10-07 13:21:00,445,3,2,4,324,Need Attention,Medium Value
13690,59,1,172.25,United Kingdom,2011-10-11 15:03:00,59,4,1,1,411,New Customers,Medium Value
13691,396,1,212.78,United Kingdom,2010-11-08 17:34:00,396,2,1,1,211,About to Sleep,Low Value/At Risk
13692,25,5,3114.4,United Kingdom,2011-11-15 11:17:00,420,4,4,5,445,Champions,High Value
13693,374,9,2011.82,United Kingdom,2010-11-30 18:21:00,733,2,5,4,254,At Risk,Low Value/At Risk
13694,4,143,196482.81,United Kingdom,2011-12-06 09:32:00,735,5,5,5,555,Champions,High Value
13695,31,16,2770.73,United Kingdom,2011-11-08 14:26:00,578,4,5,4,454,Champions,High Value
13696,422,3,2020.4,United Kingdom,2010-10-14 09:44:00,666,1,3,4,134,At Risk,Low Value/At Risk
13697,39,1,151.29999999999998,United Kingdom,2011-11-01 09:14:00,39,4,1,1,411,New Customers,Medium Value
13698,597,2,465.53000000000003,United Kingdom,2010-04-22 11:52:00,682,1,2,2,122,At Risk,Low Value/At Risk
13699,155,2,764.15,United Kingdom,2011-07-07 16:51:00,550,3,2,3,323,Need Attention,Medium Value
13700,26,13,2613.46,United Kingdom,2011-11-13 13:00:00,671,4,5,4,454,Champions,High Value
13701,447,1,161.0,United Kingdom,2010-09-19 12:39:00,447,1,1,1,111,At Risk,Low Value/At Risk
13702,446,1,135.18,United Kingdom,2010-09-20 11:40:00,446,1,1,1,111,At Risk,Low Value/At Risk
13703,318,2,425.56,United Kingdom,2011-01-25 13:10:00,415,2,2,2,222,Need Attention,Medium Value
13704,5,9,2308.06,United Kingdom,2011-12-04 15:13:00,88,5,5,4,554,Champions,High Value
13705,8,7,2035.33,United Kingdom,2011-12-02 12:32:00,624,5,4,4,544,Champions,High Value
13706,303,2,631.17,United Kingdom,2011-02-10 09:21:00,627,2,2,3,223,Need Attention,Medium Value
13707,267,5,3365.86,United Kingdom,2011-03-17 18:03:00,537,2,4,5,245,At Risk,Low Value/At Risk
13708,271,1,296.88,United Kingdom,2011-03-13 13:46:00,271,2,1,2,212,About to Sleep,Low Value/At Risk
13709,4,18,7591.75,United Kingdom,2011-12-06 10:28:00,698,5,5,5,555,Champions,High Value
13710,32,3,509.52,United Kingdom,2011-11-08 08:16:00,612,4,3,2,432,Potential,High Value
13711,219,9,1792.26,United Kingdom,2011-05-05 10:31:00,724,2,5,4,254,At Risk,Low Value/At Risk
13712,247,2,766.42,United Kingdom,2011-04-07 12:33:00,611,2,2,3,223,Need Attention,Medium Value
13713,408,3,743.26,United Kingdom,2010-10-27 16:18:00,583,2,3,3,233,At Risk,Low Value/At Risk
13714,465,1,161.35,United Kingdom,2010-08-31 13:57:00,465,1,1,1,111,At Risk,Low Value/At Risk
13715,281,17,8483.29,United Kingdom,2011-03-03 19:21:00,638,2,5,5,255,At Risk,Low Value/At Risk
13716,269,1,138.28,United Kingdom,2011-03-15 13:49:00,269,2,1,1,211,About to Sleep,Low Value/At Risk
13717,32,8,1763.3,United Kingdom,2011-11-07 14:13:00,486,4,4,4,444,Champions,High Value
13718,246,2,306.55,United Kingdom,2011-04-07 13:24:00,296,2,2,2,222,Need Attention,Medium Value
13719,15,11,2815.25,United Kingdom,2011-11-24 15:26:00,571,5,5,4,554,Champions,High Value
13720,117,4,799.9,United Kingdom,2011-08-15 12:46:00,255,3,3,3,333,Loyal,High Value
13721,36,2,741.54,United Kingdom,2011-11-03 14:05:00,395,4,2,3,423,New Customers,Medium Value
13722,132,10,5635.41,United Kingdom,2011-07-31 12:44:00,646,3,5,5,355,Loyal,High Value
13723,217,6,1209.2,United Kingdom,2011-05-06 17:04:00,611,2,4,3,243,At Risk,Low Value/At Risk
13724,637,1,213.01,United Kingdom,2010-03-12 15:28:00,637,1,1,1,111,At Risk,Low Value/At Risk
13725,50,8,1980.56,United Kingdom,2011-10-21 10:03:00,309,4,4,4,444,Champions,High Value
13726,39,2,1079.6599999999999,United Kingdom,2011-11-01 10:49:00,101,4,2,3,423,New Customers,Medium Value
13727,29,8,1080.05,United Kingdom,2011-11-11 09:46:00,730,4,4,3,443,Loyal,High Value
13728,37,16,2855.17,United Kingdom,2011-11-03 10:49:00,730,4,5,4,454,Champions,High Value
13729,436,3,724.73,United Kingdom,2010-09-30 10:44:00,684,1,3,3,133,At Risk,Low Value/At Risk
13730,136,2,752.6,United Kingdom,2011-07-27 08:35:00,162,3,2,3,323,Need Attention,Medium Value
13731,219,2,610.59,United Kingdom,2011-05-04 14:33:00,247,2,2,2,222,Need Attention,Medium Value
13732,28,1,491.86,United Kingdom,2011-11-11 15:49:00,28,4,1,2,412,New Customers,Medium Value
13733,411,2,487.03000000000003,United Kingdom,2010-10-25 12:18:00,735,1,2,2,122,At Risk,Low Value/At Risk
13734,509,4,6701.640000000001,United Kingdom,2010-07-19 12:04:00,603,1,3,5,135,At Risk,Low Value/At Risk
13735,25,13,9813.22,United Kingdom,2011-11-15 11:14:00,726,4,5,5,455,Champions,High Value
13736,5,7,2766.21,United Kingdom,2011-12-04 15:19:00,734,5,4,4,544,Champions,High Value
13737,200,1,339.59999999999997,United Kingdom,2011-05-23 16:32:00,200,2,1,2,212,About to Sleep,Low Value/At Risk
13738,396,1,440.93,United Kingdom,2010-11-08 15:23:00,396,2,1,2,212,About to Sleep,Low Value/At Risk
13739,18,2,292.2,United Kingdom,2011-11-21 13:35:00,528,5,2,2,522,New Customers,Medium Value
13740,241,5,1597.77,United Kingdom,2011-04-13 10:32:00,738,2,4,4,244,At Risk,Low Value/At Risk
13741,72,3,668.4300000000001,United Kingdom,2011-09-29 09:19:00,217,3,3,3,333,Loyal,High Value
13742,17,12,3131.02,United Kingdom,2011-11-23 11:07:00,320,5,5,5,555,Champions,High Value
13743,3,7,1341.6,United Kingdom,2011-12-07 10:09:00,259,5,4,4,544,Champions,High Value
13744,95,2,1156.36,United Kingdom,2011-09-05 15:19:00,292,3,2,3,323,Need Attention,Medium Value
13745,162,2,777.36,United Kingdom,2011-06-30 16:43:00,546,3,2,3,323,Need Attention,Medium Value
13746,414,1,176.69,United Kingdom,2010-10-22 11:55:00,414,1,1,1,111,At Risk,Low Value/At Risk
13747,374,2,249.39999999999998,United Kingdom,2010-12-01 10:37:00,425,2,2,1,221,Need Attention,Medium Value
13748,96,9,2268.35,United Kingdom,2011-09-05 09:45:00,738,3,5,4,354,Loyal,High Value
13750,54,11,3602.1800000000003,United Kingdom,2011-10-17 12:16:00,617,4,5,5,455,Champions,High Value
13751,288,1,296.25,United Kingdom,2011-02-24 15:56:00,288,2,1,2,212,About to Sleep,Low Value/At Risk
13752,124,7,1590.73,United Kingdom,2011-08-07 14:16:00,528,3,4,4,344,Loyal,High Value
13753,288,4,2094.57,United Kingdom,2011-02-25 12:48:00,737,2,3,4,234,At Risk,Low Value/At Risk
13754,152,3,447.05,United Kingdom,2011-07-11 11:51:00,437,3,3,2,332,Potential,High Value
13755,4,9,2161.35,United Kingdom,2011-12-06 12:26:00,63,5,5,4,554,Champions,High Value
13756,2,23,9207.5,United Kingdom,2011-12-07 16:44:00,724,5,5,5,555,Champions,High Value
13757,675,1,195.55,United Kingdom,2010-02-03 12:37:00,675,1,1,1,111,At Risk,Low Value/At Risk
13758,12,15,9416.98,United Kingdom,2011-11-28 11:11:00,739,5,5,5,555,Champions,High Value
13759,33,2,659.4100000000001,United Kingdom,2011-11-06 14:47:00,71,4,2,3,423,New Customers,Medium Value
13760,54,5,1363.6399999999999,United Kingdom,2011-10-16 16:13:00,593,4,4,4,444,Champions,High Value
13761,50,6,1952.17,United Kingdom,2011-10-20 14:01:00,657,4,4,4,444,Champions,High Value
13762,219,5,2472.48,United Kingdom,2011-05-05 09:15:00,699,2,4,4,244,At Risk,Low Value/At Risk
13763,63,3,5217.4400000000005,United Kingdom,2011-10-07 15:13:00,435,3,3,5,335,Loyal,High Value
13764,71,6,2953.26,United Kingdom,2011-09-30 12:03:00,642,3,4,4,344,Loyal,High Value
13765,653,1,352.821,United Kingdom,2010-02-24 13:46:00,653,1,1,2,112,At Risk,Low Value/At Risk
13766,495,1,190.35,United Kingdom,2010-08-01 14:25:00,495,1,1,1,111,At Risk,Low Value/At Risk
13767,2,73,35540.53,United Kingdom,2011-12-07 15:00:00,739,5,5,5,555,Champions,High Value
13768,727,2,875.97,United Kingdom,2009-12-13 10:41:00,731,1,2,3,123,At Risk,Low Value/At Risk
13769,2,20,5800.42,United Kingdom,2011-12-07 15:08:00,724,5,5,5,555,Champions,High Value
13770,422,4,785.37,United Kingdom,2010-10-13 15:10:00,730,1,3,3,133,At Risk,Low Value/At Risk
13771,64,9,5728.82,United Kingdom,2011-10-06 14:18:00,653,3,5,5,355,Loyal,High Value
13772,34,8,3114.22,United Kingdom,2011-11-06 11:43:00,654,4,4,5,445,Champions,High Value
13773,397,2,301.54,United Kingdom,2010-11-08 11:49:00,660,2,2,2,222,Need Attention,Medium Value
13774,82,1,345.0,United Kingdom,2011-09-19 12:06:00,82,3,1,2,312,About to Sleep,Low Value/At Risk
13775,591,1,1049.66,United Kingdom,2010-04-28 12:15:00,591,1,1,3,113,At Risk,Low Value/At Risk
13776,428,2,623.98,United Kingdom,2010-10-07 16:11:00,428,1,2,3,123,At Risk,Low Value/At Risk
13777,1,61,56478.42,United Kingdom,2011-12-09 12:25:00,738,5,5,5,555,Champions,High Value
13778,103,4,1124.49,United Kingdom,2011-08-28 15:25:00,565,3,3,3,333,Loyal,High Value
13779,516,1,161.13,United Kingdom,2010-07-12 11:24:00,516,1,1,1,111,At Risk,Low Value/At Risk
13780,7,3,735.82,United Kingdom,2011-12-02 13:49:00,407,5,3,3,533,Loyal,High Value
13781,251,3,778.83,United Kingdom,2011-04-03 12:08:00,721,2,3,3,233,At Risk,Low Value/At Risk
13782,13,13,1793.72,United Kingdom,2011-11-27 11:54:00,733,5,5,4,554,Champions,High Value
13783,488,4,1542.09,United Kingdom,2010-08-09 09:23:00,673,1,3,4,134,At Risk,Low Value/At Risk
13784,10,14,2910.23,United Kingdom,2011-11-30 09:33:00,451,5,5,4,554,Champions,High Value
13785,429,4,542.49,United Kingdom,2010-10-07 09:25:00,460,1,3,2,132,At Risk,Low Value/At Risk
13786,367,6,3358.94,United Kingdom,2010-12-07 13:53:00,736,2,4,5,245,At Risk,Low Value/At Risk
13787,76,6,1222.5,United Kingdom,2011-09-25 12:06:00,695,3,4,3,343,Loyal,High Value
13788,505,1,3.75,United Kingdom,2010-07-22 15:50:00,505,1,1,1,111,At Risk,Low Value/At Risk
13789,388,1,239.45999999999998,United Kingdom,2010-11-16 15:31:00,388,2,1,1,211,About to Sleep,Low Value/At Risk
13790,4,1,348.8,United Kingdom,2011-12-05 15:48:00,4,5,1,2,512,New Customers,Medium Value
13791,128,2,1516.0,United Kingdom,2011-08-04 11:44:00,168,3,2,4,324,Need Attention,Medium Value
13792,66,3,383.95,United Kingdom,2011-10-04 14:31:00,423,3,3,2,332,Potential,High Value
13793,647,1,96.0,United Kingdom,2010-03-03 08:25:00,647,1,1,1,111,At Risk,Low Value/At Risk
13794,547,1,126.03,United Kingdom,2010-06-11 12:30:00,547,1,1,1,111,At Risk,Low Value/At Risk
13795,388,4,836.3,United Kingdom,2010-11-16 17:25:00,638,2,3,3,233,At Risk,Low Value/At Risk
13796,499,1,289.7,United Kingdom,2010-07-28 14:45:00,499,1,1,1,111,At Risk,Low Value/At Risk
13797,437,3,1179.45,United Kingdom,2010-09-29 10:34:00,648,1,3,3,133,At Risk,Low Value/At Risk
13798,1,110,75836.87,United Kingdom,2011-12-08 15:51:00,731,5,5,5,555,Champions,High Value
13799,117,9,2803.57,United Kingdom,2011-08-15 12:07:00,644,3,5,4,354,Loyal,High Value
13800,310,3,1679.56,United Kingdom,2011-02-03 12:27:00,737,2,3,4,234,At Risk,Low Value/At Risk
13801,67,1,324.8,United Kingdom,2011-10-04 10:15:00,67,3,1,2,312,About to Sleep,Low Value/At Risk
13802,139,19,26259.11,United Kingdom,2011-07-24 10:54:00,662,3,5,5,355,Loyal,High Value
13803,255,3,1338.91,United Kingdom,2011-03-29 12:57:00,619,2,3,4,234,At Risk,Low Value/At Risk
13804,31,9,3208.52,United Kingdom,2011-11-09 12:32:00,437,4,5,5,455,Champions,High Value
13805,52,2,924.6,United Kingdom,2011-10-18 14:50:00,129,4,2,3,423,New Customers,Medium Value
13806,64,1,256.38,United Kingdom,2011-10-07 11:43:00,64,3,1,1,311,About to Sleep,Low Value/At Risk
13807,367,3,534.8,United Kingdom,2010-12-07 15:48:00,736,2,3,2,232,At Risk,Low Value/At Risk
13808,6,5,1747.66,United Kingdom,2011-12-04 12:18:00,97,5,4,4,544,Champions,High Value
13809,305,3,679.7,Cyprus,2011-02-07 13:15:00,461,2,3,3,233,At Risk,Low Value/At Risk
13810,29,3,1499.01,Germany,2011-11-11 08:33:00,56,4,3,4,434,Loyal,High Value
13811,184,3,814.5,Germany,2011-06-09 09:54:00,239,3,3,3,333,Loyal,High Value
13812,42,3,539.0,Germany,2011-10-28 14:27:00,105,4,3,2,432,Potential,High Value
13813,40,8,2765.47,Germany,2011-10-31 10:38:00,734,4,4,4,444,Champions,High Value
13814,92,3,2257.32,Germany,2011-09-08 13:48:00,527,3,3,4,334,Loyal,High Value
13815,22,8,7475.74,Germany,2011-11-17 14:19:00,666,4,4,5,445,Champions,High Value
13816,24,2,571.6700000000001,Germany,2011-11-16 08:38:00,64,4,2,2,422,New Customers,Medium Value
13817,29,2,382.98,Germany,2011-11-10 17:49:00,352,4,2,2,422,New Customers,Medium Value
13818,430,1,61.28,United Kingdom,2010-10-06 12:35:00,430,1,1,1,111,At Risk,Low Value/At Risk
13819,302,6,2642.35,United Kingdom,2011-02-11 10:38:00,738,2,4,4,244,At Risk,Low Value/At Risk
13820,418,3,660.65,United Kingdom,2010-10-17 13:46:00,681,1,3,3,133,At Risk,Low Value/At Risk
13821,145,6,1410.73,United Kingdom,2011-07-18 09:49:00,704,3,4,4,344,Loyal,High Value
13822,6,2,632.0,United Kingdom,2011-12-04 12:13:00,40,5,2,3,523,New Customers,Medium Value
13823,19,7,3403.4500000000003,United Kingdom,2011-11-21 10:22:00,724,5,4,5,545,Champions,High Value
13824,33,12,3314.76,United Kingdom,2011-11-07 12:41:00,637,4,5,5,455,Champions,High Value
13825,622,2,255.59,United Kingdom,2010-03-28 11:02:00,730,1,2,1,121,At Risk,Low Value/At Risk
13826,176,1,189.5,United Kingdom,2011-06-16 13:48:00,176,3,1,1,311,About to Sleep,Low Value/At Risk
13827,58,3,412.05,United Kingdom,2011-10-13 12:38:00,143,4,3,2,432,Potential,High Value
13828,22,1,209.49,United Kingdom,2011-11-17 16:02:00,22,4,1,1,411,New Customers,Medium Value
13829,421,1,102.0,United Kingdom,2010-10-14 18:19:00,421,1,1,1,111,At Risk,Low Value/At Risk
13830,582,1,156.85000000000002,United Kingdom,2010-05-07 12:24:00,582,1,1,1,111,At Risk,Low Value/At Risk
13831,16,18,7023.58,United Kingdom,2011-11-23 15:41:00,729,5,5,5,555,Champions,High Value
13832,19,2,613.6899999999999,United Kingdom,2011-11-20 15:36:00,422,5,2,2,522,New Customers,Medium Value
13833,159,2,701.36,United Kingdom,2011-07-03 13:27:00,404,3,2,3,323,Need Attention,Medium Value
13834,577,2,324.19,United Kingdom,2010-05-12 10:27:00,669,1,2,2,122,At Risk,Low Value/At Risk
13835,25,7,1095.27,United Kingdom,2011-11-14 15:37:00,646,4,4,3,443,Loyal,High Value
13836,399,2,620.37,United Kingdom,2010-11-05 13:31:00,414,2,2,3,223,Need Attention,Medium Value
13837,212,2,271.24,United Kingdom,2011-05-12 12:10:00,318,2,2,1,221,Need Attention,Medium Value
13838,6,10,1966.09,United Kingdom,2011-12-04 11:00:00,580,5,5,4,554,Champions,High Value
13839,486,1,139.95000000000002,United Kingdom,2010-08-10 13:52:00,486,1,1,1,111,At Risk,Low Value/At Risk
13840,416,1,651.4,United Kingdom,2010-10-19 13:34:00,416,1,1,3,113,At Risk,Low Value/At Risk
13841,253,1,85.0,United Kingdom,2011-04-01 12:10:00,253,2,1,1,211,About to Sleep,Low Value/At Risk
13842,59,18,5629.91,United Kingdom,2011-10-12 10:51:00,661,4,5,5,455,Champions,High Value
13843,381,1,319.75,United Kingdom,2010-11-23 17:48:00,381,2,1,2,212,About to Sleep,Low Value/At Risk
13844,11,1,361.62,United Kingdom,2011-11-28 13:21:00,11,5,1,2,512,New Customers,Medium Value
13845,65,1,312.98,United Kingdom,2011-10-06 08:25:00,65,3,1,2,312,About to Sleep,Low Value/At Risk
13846,25,4,1307.79,United Kingdom,2011-11-15 12:07:00,400,4,3,4,434,Loyal,High Value
13847,720,1,310.72,United Kingdom,2009-12-20 10:41:00,720,1,1,2,112,At Risk,Low Value/At Risk
13848,92,8,3335.0,United Kingdom,2011-09-08 12:58:00,730,3,4,5,345,Loyal,High Value
13849,52,5,3469.3,United Kingdom,2011-10-19 10:59:00,625,4,4,5,445,Champions,High Value
13850,129,1,1595.48,United Kingdom,2011-08-02 14:04:00,129,3,1,4,314,About to Sleep,Low Value/At Risk
13851,96,8,4606.46,United Kingdom,2011-09-05 12:36:00,680,3,4,5,345,Loyal,High Value
13852,611,1,187.35000000000002,United Kingdom,2010-04-08 09:06:00,611,1,1,1,111,At Risk,Low Value/At Risk
13853,57,1,1090.14,United Kingdom,2011-10-13 14:18:00,57,4,1,3,413,New Customers,Medium Value
13854,9,39,12253.96,United Kingdom,2011-12-01 09:06:00,701,5,5,5,555,Champions,High Value
13855,501,4,1310.3400000000001,United Kingdom,2010-07-27 09:53:00,731,1,3,4,134,At Risk,Low Value/At Risk
13856,169,11,1142.03,United Kingdom,2011-06-24 10:03:00,619,3,5,3,353,Loyal,High Value
13857,393,6,1001.01,United Kingdom,2010-11-11 12:54:00,571,2,4,3,243,At Risk,Low Value/At Risk
13858,57,1,216.17,United Kingdom,2011-10-13 16:17:00,57,4,1,1,411,New Customers,Medium Value
13859,326,2,515.86,United Kingdom,2011-01-17 16:14:00,529,2,2,2,222,Need Attention,Medium Value
13860,1,5,1245.9,United Kingdom,2011-12-08 12:57:00,87,5,4,3,543,Loyal,High Value
13861,429,2,273.26,United Kingdom,2010-10-06 14:20:00,531,1,2,1,121,At Risk,Low Value/At Risk
13862,18,9,2556.09,United Kingdom,2011-11-21 16:24:00,389,5,5,4,554,Champions,High Value
13863,248,4,1239.55,United Kingdom,2011-04-06 10:20:00,593,2,3,3,233,At Risk,Low Value/At Risk
13864,387,1,662.4000000000001,United Kingdom,2010-11-18 12:50:00,387,2,1,3,213,About to Sleep,Low Value/At Risk
13865,58,4,501.56,United Kingdom,2011-10-12 13:31:00,290,4,3,2,432,Potential,High Value
13866,74,1,145.67000000000002,United Kingdom,2011-09-26 14:54:00,74,3,1,1,311,About to Sleep,Low Value/At Risk
13867,31,3,1015.29,United Kingdom,2011-11-08 15:48:00,218,4,3,3,433,Loyal,High Value
13868,7,2,3192.54,United Kingdom,2011-12-02 16:32:00,39,5,2,5,525,New Customers,Medium Value
13869,123,10,8111.57,United Kingdom,2011-08-08 13:53:00,691,3,5,5,355,Loyal,High Value
13870,2,15,5712.08,United Kingdom,2011-12-07 13:23:00,670,5,5,5,555,Champions,High Value
13871,23,17,7885.85,United Kingdom,2011-11-17 10:49:00,719,4,5,5,455,Champions,High Value
13872,527,3,919.57,United Kingdom,2010-06-30 15:35:00,726,1,3,3,133,At Risk,Low Value/At Risk
13873,120,8,1038.92,United Kingdom,2011-08-12 10:08:00,647,3,4,3,343,Loyal,High Value
13874,358,7,2049.15,United Kingdom,2010-12-16 18:20:00,673,2,4,4,244,At Risk,Low Value/At Risk
13875,54,14,4814.37,United Kingdom,2011-10-17 09:36:00,723,4,5,5,455,Champions,High Value
13876,64,1,122.7,United Kingdom,2011-10-07 10:22:00,64,3,1,1,311,About to Sleep,Low Value/At Risk
13877,86,3,449.68,United Kingdom,2011-09-14 15:49:00,690,3,3,2,332,Potential,High Value
13878,55,4,2473.06,United Kingdom,2011-10-16 12:19:00,604,4,3,4,434,Loyal,High Value
13879,646,1,395.5,United Kingdom,2010-03-04 10:49:00,646,1,1,2,112,At Risk,Low Value/At Risk
13880,21,17,4391.66,United Kingdom,2011-11-18 13:44:00,562,4,5,5,455,Champions,High Value
13881,4,43,45179.1,United Kingdom,2011-12-06 12:50:00,645,5,5,5,555,Champions,High Value
13882,3,5,1191.13,United Kingdom,2011-12-07 11:16:00,64,5,4,3,543,Loyal,High Value
13883,11,15,6560.02,United Kingdom,2011-11-29 10:45:00,731,5,5,5,555,Champions,High Value
13884,7,10,1888.48,United Kingdom,2011-12-02 16:30:00,470,5,5,4,554,Champions,High Value
13885,189,2,506.8,United Kingdom,2011-06-03 15:07:00,201,3,2,2,322,Need Attention,Medium Value
13886,71,1,243.56,United Kingdom,2011-09-29 13:17:00,71,3,1,1,311,About to Sleep,Low Value/At Risk
13887,204,1,349.55,United Kingdom,2011-05-19 17:22:00,204,2,1,2,212,About to Sleep,Low Value/At Risk
13888,120,7,2169.05,United Kingdom,2011-08-12 10:13:00,576,3,4,4,344,Loyal,High Value
13889,93,6,1991.23,United Kingdom,2011-09-08 09:13:00,686,3,4,4,344,Loyal,High Value
13890,1,14,2927.38,United Kingdom,2011-12-08 15:36:00,733,5,5,4,554,Champions,High Value
13891,378,3,863.5600000000001,United Kingdom,2010-11-26 15:57:00,582,2,3,3,233,At Risk,Low Value/At Risk
13892,27,6,1267.6499999999999,United Kingdom,2011-11-13 11:50:00,576,4,4,4,444,Champions,High Value
13893,298,1,821.1,United Kingdom,2011-02-15 11:30:00,298,2,1,3,213,About to Sleep,Low Value/At Risk
13894,24,3,564.62,United Kingdom,2011-11-16 09:44:00,310,4,3,2,432,Potential,High Value
13895,28,6,4008.52,United Kingdom,2011-11-11 16:57:00,736,4,4,5,445,Champions,High Value
13896,626,1,388.55,United Kingdom,2010-03-24 08:55:00,626,1,1,2,112,At Risk,Low Value/At Risk
13897,50,3,1160.72,United Kingdom,2011-10-20 14:30:00,677,4,3,3,433,Loyal,High Value
13898,326,2,686.4,United Kingdom,2011-01-18 10:28:00,411,2,2,3,223,Need Attention,Medium Value
13899,16,2,388.52,United Kingdom,2011-11-23 13:40:00,275,5,2,2,522,New Customers,Medium Value
13900,183,6,1610.59,United Kingdom,2011-06-09 19:26:00,624,3,4,4,344,Loyal,High Value
13901,72,15,5676.34,United Kingdom,2011-09-28 14:48:00,704,3,5,5,355,Loyal,High Value
13902,632,5,34095.26,Denmark,2010-03-17 13:09:00,725,1,4,5,145,At Risk,Low Value/At Risk
13903,400,1,165.45000000000002,United Kingdom,2010-11-04 17:44:00,400,2,1,1,211,About to Sleep,Low Value/At Risk
13904,37,2,332.64,United Kingdom,2011-11-02 13:41:00,295,4,2,2,422,New Customers,Medium Value
13905,733,1,312.65,United Kingdom,2009-12-07 11:41:00,733,1,1,2,112,At Risk,Low Value/At Risk
13906,409,1,42.0,United Kingdom,2010-10-26 15:00:00,409,2,1,1,211,About to Sleep,Low Value/At Risk
13907,692,1,136.8,United Kingdom,2010-01-17 12:22:00,692,1,1,1,111,At Risk,Low Value/At Risk
13908,80,4,2369.55,United Kingdom,2011-09-21 11:49:00,277,3,3,4,334,Loyal,High Value
13909,423,2,286.6,United Kingdom,2010-10-12 17:22:00,521,1,2,1,121,At Risk,Low Value/At Risk
13911,57,20,4234.99,United Kingdom,2011-10-13 15:43:00,648,4,5,5,455,Champions,High Value
13912,424,1,124.95,United Kingdom,2010-10-12 08:43:00,424,1,1,1,111,At Risk,Low Value/At Risk
13913,507,1,42.22,United Kingdom,2010-07-21 10:11:00,507,1,1,1,111,At Risk,Low Value/At Risk
13914,12,2,626.45,United Kingdom,2011-11-28 10:35:00,36,5,2,3,523,New Customers,Medium Value
13915,394,1,70.80000000000001,United Kingdom,2010-11-10 15:17:00,394,2,1,1,211,About to Sleep,Low Value/At Risk
13916,464,4,1275.81,United Kingdom,2010-09-02 10:04:00,676,1,3,4,134,At Risk,Low Value/At Risk
13917,50,2,272.04,United Kingdom,2011-10-21 09:56:00,192,4,2,1,421,New Customers,Medium Value
13918,50,2,1212.8400000000001,United Kingdom,2011-10-21 12:25:00,253,4,2,3,423,New Customers,Medium Value
13919,59,4,1360.68,Denmark,2011-10-11 14:24:00,541,4,3,4,434,Loyal,High Value
13920,432,4,1774.68,United Kingdom,2010-10-04 12:37:00,562,1,3,4,134,At Risk,Low Value/At Risk
13921,402,4,730.7,United Kingdom,2010-11-02 16:32:00,722,2,3,3,233,At Risk,Low Value/At Risk
13922,352,3,865.2,United Kingdom,2010-12-23 10:38:00,467,2,3,3,233,At Risk,Low Value/At Risk
13923,54,1,351.13,United Kingdom,2011-10-17 12:33:00,54,4,1,2,412,New Customers,Medium Value
13924,2,6,1838.8500000000001,United Kingdom,2011-12-08 09:39:00,72,5,4,4,544,Champions,High Value
13925,93,4,678.25,United Kingdom,2011-09-08 12:47:00,135,3,3,3,333,Loyal,High Value
13926,23,1,223.85000000000002,United Kingdom,2011-11-16 13:16:00,23,4,1,1,411,New Customers,Medium Value
13927,75,2,708.26,United Kingdom,2011-09-26 12:00:00,437,3,2,3,323,Need Attention,Medium Value
13928,11,4,464.57,United Kingdom,2011-11-29 10:33:00,133,5,3,2,532,Potential,High Value
13929,169,11,3494.1,United Kingdom,2011-06-23 15:26:00,695,3,5,5,355,Loyal,High Value
13930,58,2,337.34,United Kingdom,2011-10-13 09:45:00,137,4,2,2,422,New Customers,Medium Value
13931,96,11,5257.38,United Kingdom,2011-09-05 10:12:00,737,3,5,5,355,Loyal,High Value
13932,295,1,307.4,United Kingdom,2011-02-18 12:02:00,295,2,1,2,212,About to Sleep,Low Value/At Risk
13933,109,2,608.7900000000001,United Kingdom,2011-08-22 14:03:00,148,3,2,2,322,Need Attention,Medium Value
13934,264,1,922.1,United Kingdom,2011-03-21 08:39:00,264,2,1,3,213,About to Sleep,Low Value/At Risk
13935,597,3,6116.92,United Kingdom,2010-04-22 11:21:00,652,1,3,5,135,At Risk,Low Value/At Risk
13936,180,3,939.66,United Kingdom,2011-06-13 08:47:00,414,3,3,3,333,Loyal,High Value
13937,169,2,880.13,United Kingdom,2011-06-23 16:35:00,403,3,2,3,323,Need Attention,Medium Value
13938,35,1,71.66,United Kingdom,2011-11-04 14:37:00,35,4,1,1,411,New Customers,Medium Value
13939,23,7,1560.96,United Kingdom,2011-11-16 13:33:00,613,4,4,4,444,Champions,High Value
13940,17,4,839.14,United Kingdom,2011-11-22 15:15:00,144,5,3,3,533,Loyal,High Value
13941,22,15,11122.300000000001,United Kingdom,2011-11-18 09:43:00,723,4,5,5,455,Champions,High Value
13942,535,1,320.0,United Kingdom,2010-06-23 12:35:00,535,1,1,2,112,At Risk,Low Value/At Risk
13943,578,1,246.54,United Kingdom,2010-05-11 11:30:00,578,1,1,1,111,At Risk,Low Value/At Risk
13944,653,1,200.43,United Kingdom,2010-02-24 15:02:00,653,1,1,1,111,At Risk,Low Value/At Risk
13945,395,2,854.15,United Kingdom,2010-11-10 10:00:00,480,2,2,3,223,Need Attention,Medium Value
13946,79,6,1876.23,United Kingdom,2011-09-21 13:33:00,736,3,4,4,344,Loyal,High Value
13947,65,1,90.6,United Kingdom,2011-10-05 14:42:00,65,3,1,1,311,About to Sleep,Low Value/At Risk
13948,361,4,548.76,United Kingdom,2010-12-14 10:18:00,736,2,3,2,232,At Risk,Low Value/At Risk
13949,3,6,2427.32,United Kingdom,2011-12-07 09:35:00,95,5,4,4,544,Champions,High Value
13950,11,4,745.06,United Kingdom,2011-11-28 14:44:00,247,5,3,3,533,Loyal,High Value
13951,176,3,674.45,United Kingdom,2011-06-16 16:43:00,294,3,3,3,333,Loyal,High Value
13952,218,14,12823.521,United Kingdom,2011-05-06 09:00:00,724,2,5,5,255,At Risk,Low Value/At Risk
13953,7,12,6640.68,United Kingdom,2011-12-02 16:04:00,728,5,5,5,555,Champions,High Value
13954,2,2,439.92,United Kingdom,2011-12-08 12:50:00,71,5,2,2,522,New Customers,Medium Value
13955,154,3,545.17,United Kingdom,2011-07-08 17:19:00,375,3,3,2,332,Potential,High Value
13956,5,5,1026.42,United Kingdom,2011-12-04 13:20:00,271,5,4,3,543,Loyal,High Value
13957,418,3,458.25,United Kingdom,2010-10-18 10:02:00,659,1,3,2,132,At Risk,Low Value/At Risk
13958,380,8,4709.2300000000005,United Kingdom,2010-11-25 10:11:00,734,2,4,5,245,At Risk,Low Value/At Risk
13959,79,6,1076.18,United Kingdom,2011-09-21 15:06:00,511,3,4,3,343,Loyal,High Value
13960,21,2,230.22,United Kingdom,2011-11-18 15:27:00,72,4,2,1,421,New Customers,Medium Value
13961,392,1,538.4,United Kingdom,2010-11-12 14:40:00,392,2,1,2,212,About to Sleep,Low Value/At Risk
13962,22,3,362.8,United Kingdom,2011-11-18 08:47:00,436,4,3,2,432,Potential,High Value
13963,308,17,3011.87,United Kingdom,2011-02-04 14:43:00,597,2,5,5,255,At Risk,Low Value/At Risk
13964,387,2,438.9,United Kingdom,2010-11-17 13:53:00,431,2,2,2,222,Need Attention,Medium Value
13965,477,3,996.61,United Kingdom,2010-08-20 10:40:00,703,1,3,3,133,At Risk,Low Value/At Risk
13966,435,1,390.86,United Kingdom,2010-09-30 13:08:00,435,1,1,2,112,At Risk,Low Value/At Risk
13967,146,2,166.3,United Kingdom,2011-07-17 12:02:00,396,3,2,1,321,Need Attention,Medium Value
13968,423,1,123.66,United Kingdom,2010-10-12 13:22:00,423,1,1,1,111,At Risk,Low Value/At Risk
13969,7,35,13365.87,United Kingdom,2011-12-02 15:11:00,624,5,5,5,555,Champions,High Value
13970,386,2,846.55,United Kingdom,2010-11-18 13:21:00,438,2,2,3,223,Need Attention,Medium Value
13971,19,14,4667.57,United Kingdom,2011-11-21 12:06:00,683,5,5,5,555,Champions,High Value
13972,71,2,190.25,United Kingdom,2011-09-30 11:54:00,202,3,2,1,321,Need Attention,Medium Value
13973,287,1,264.7,United Kingdom,2011-02-25 15:21:00,287,2,1,1,211,About to Sleep,Low Value/At Risk
13974,49,2,677.72,United Kingdom,2011-10-21 14:41:00,582,4,2,3,423,New Customers,Medium Value
13975,31,12,5358.84,United Kingdom,2011-11-08 13:19:00,675,4,5,5,455,Champions,High Value
13976,207,4,1192.36,United Kingdom,2011-05-17 09:13:00,668,2,3,3,233,At Risk,Low Value/At Risk
13977,411,1,519.8100000000001,United Kingdom,2010-10-24 14:08:00,411,1,1,2,112,At Risk,Low Value/At Risk
13978,15,2,196.79000000000002,United Kingdom,2011-11-25 11:36:00,45,5,2,1,521,New Customers,Medium Value
13979,73,7,3416.23,United Kingdom,2011-09-27 13:32:00,737,3,4,5,345,Loyal,High Value
13980,60,5,799.92,United Kingdom,2011-10-10 13:34:00,656,3,4,3,343,Loyal,High Value
13981,416,1,331.14,United Kingdom,2010-10-20 10:03:00,416,1,1,2,112,At Risk,Low Value/At Risk
13982,39,9,4445.59,United Kingdom,2011-10-31 16:24:00,688,4,5,5,455,Champions,High Value
13983,30,21,7108.45,United Kingdom,2011-11-10 11:06:00,730,4,5,5,455,Champions,High Value
13984,27,12,2048.6,United Kingdom,2011-11-13 12:38:00,733,4,5,4,454,Champions,High Value
13985,4,22,10020.86,United Kingdom,2011-12-05 17:06:00,668,5,5,5,555,Champions,High Value
13986,17,1,320.46,United Kingdom,2011-11-22 15:00:00,17,5,1,2,512,New Customers,Medium Value
13987,380,2,682.54,United Kingdom,2010-11-25 10:20:00,401,2,2,3,223,Need Attention,Medium Value
13988,20,8,4757.8,United Kingdom,2011-11-20 10:15:00,626,4,4,5,445,Champions,High Value
13989,66,5,2026.06,United Kingdom,2011-10-05 09:47:00,564,3,4,4,344,Loyal,High Value
13990,213,1,311.3,United Kingdom,2011-05-10 15:19:00,213,2,1,2,212,About to Sleep,Low Value/At Risk
13991,12,6,855.97,United Kingdom,2011-11-27 16:18:00,143,5,4,3,543,Loyal,High Value
13992,30,3,219.5,United Kingdom,2011-11-09 15:23:00,463,4,3,1,431,Potential,High Value
13993,43,19,6775.71,United Kingdom,2011-10-28 09:06:00,737,4,5,5,455,Champions,High Value
13994,4,6,2313.14,United Kingdom,2011-12-06 11:05:00,148,5,4,4,544,Champions,High Value
13995,15,14,3902.01,United Kingdom,2011-11-24 14:22:00,722,5,5,5,555,Champions,High Value
13996,386,2,895.76,United Kingdom,2010-11-18 16:27:00,399,2,2,3,223,Need Attention,Medium Value
13997,519,3,382.31,United Kingdom,2010-07-08 18:06:00,550,1,3,2,132,At Risk,Low Value/At Risk
13998,447,3,566.7,United Kingdom,2010-09-19 10:20:00,576,1,3,2,132,At Risk,Low Value/At Risk
13999,10,29,9502.26,United Kingdom,2011-11-29 13:40:00,735,5,5,5,555,Champions,High Value
14000,211,5,2046.3400000000001,United Kingdom,2011-05-12 16:50:00,738,2,4,4,244,At Risk,Low Value/At Risk
14001,46,9,4530.09,United Kingdom,2011-10-25 10:31:00,494,4,5,5,455,Champions,High Value
14002,134,2,529.73,United Kingdom,2011-07-28 15:55:00,156,3,2,2,322,Need Attention,Medium Value
14003,733,1,209.41,United Kingdom,2009-12-07 08:53:00,733,1,1,1,111,At Risk,Low Value/At Risk
14004,43,11,6258.45,United Kingdom,2011-10-27 14:40:00,436,4,5,5,455,Champions,High Value
14005,10,5,2874.72,United Kingdom,2011-11-30 12:41:00,216,5,4,4,544,Champions,High Value
14006,116,7,2196.67,United Kingdom,2011-08-16 09:39:00,653,3,4,4,344,Loyal,High Value
14007,513,1,79.48,United Kingdom,2010-07-15 09:06:00,513,1,1,1,111,At Risk,Low Value/At Risk
14008,432,1,509.04,United Kingdom,2010-10-03 13:09:00,432,1,1,2,112,At Risk,Low Value/At Risk
14009,198,3,1099.91,United Kingdom,2011-05-25 15:47:00,463,2,3,3,233,At Risk,Low Value/At Risk
14010,565,2,445.15,United Kingdom,2010-05-23 13:00:00,566,1,2,2,122,At Risk,Low Value/At Risk
14011,480,2,457.82,United Kingdom,2010-08-16 15:31:00,607,1,2,2,122,At Risk,Low Value/At Risk
14012,278,1,328.8,United Kingdom,2011-03-07 12:26:00,278,2,1,2,212,About to Sleep,Low Value/At Risk
14013,110,5,1084.57,United Kingdom,2011-08-21 15:01:00,624,3,4,3,343,Loyal,High Value
14014,77,3,1948.21,United Kingdom,2011-09-23 13:18:00,577,3,3,4,334,Loyal,High Value
14015,53,1,917.34,United Kingdom,2011-10-18 10:02:00,53,4,1,3,413,New Customers,Medium Value
14016,162,11,11403.41,EIRE,2011-07-01 11:29:00,700,3,5,5,355,Loyal,High Value
14017,571,1,229.75,United Kingdom,2010-05-17 14:52:00,571,1,1,1,111,At Risk,Low Value/At Risk
14018,645,1,367.15000000000003,United Kingdom,2010-03-04 14:23:00,645,1,1,2,112,At Risk,Low Value/At Risk
14019,47,3,1421.61,United Kingdom,2011-10-24 10:13:00,138,4,3,4,434,Loyal,High Value
14020,17,4,1249.01,United Kingdom,2011-11-23 09:22:00,529,5,3,4,534,Loyal,High Value
14021,155,7,1716.58,United Kingdom,2011-07-07 15:46:00,593,3,4,4,344,Loyal,High Value
14022,225,2,792.15,United Kingdom,2011-04-28 14:39:00,487,2,2,3,223,Need Attention,Medium Value
14023,7,2,584.07,United Kingdom,2011-12-02 13:58:00,250,5,2,2,522,New Customers,Medium Value
14024,122,3,645.74,United Kingdom,2011-08-10 11:30:00,391,3,3,3,333,Loyal,High Value
14025,465,8,4057.9,United Kingdom,2010-09-01 10:11:00,584,1,4,5,145,At Risk,Low Value/At Risk
14026,471,2,713.11,United Kingdom,2010-08-26 10:31:00,625,1,2,3,123,At Risk,Low Value/At Risk
14027,61,1,104.82,United Kingdom,2011-10-10 09:01:00,61,3,1,1,311,About to Sleep,Low Value/At Risk
14028,550,3,10396.5,United Kingdom,2010-06-07 13:33:00,551,1,3,5,135,At Risk,Low Value/At Risk
14029,63,2,467.66,United Kingdom,2011-10-07 14:46:00,144,3,2,2,322,Need Attention,Medium Value
14030,18,20,8262.29,United Kingdom,2011-11-21 16:48:00,729,5,5,5,555,Champions,High Value
14031,7,44,40999.17,United Kingdom,2011-12-02 17:13:00,736,5,5,5,555,Champions,High Value
14032,2,16,4850.2699999999995,United Kingdom,2011-12-07 15:23:00,726,5,5,5,555,Champions,High Value
14033,555,1,109.44,United Kingdom,2010-06-02 15:10:00,555,1,1,1,111,At Risk,Low Value/At Risk
14034,22,3,651.8199999999999,United Kingdom,2011-11-17 14:02:00,157,4,3,3,433,Loyal,High Value
14035,29,9,2856.72,United Kingdom,2011-11-11 10:03:00,613,4,5,4,454,Champions,High Value
14036,285,1,626.65,United Kingdom,2011-02-28 09:26:00,285,2,1,3,213,About to Sleep,Low Value/At Risk
14037,176,6,836.95,United Kingdom,2011-06-16 13:57:00,733,3,4,3,343,Loyal,High Value
14038,78,5,3069.88,United Kingdom,2011-09-22 13:37:00,674,3,4,5,345,Loyal,High Value
14039,33,2,267.28000000000003,United Kingdom,2011-11-06 13:48:00,576,4,2,1,421,New Customers,Medium Value
14040,41,35,12645.57,United Kingdom,2011-10-30 12:42:00,739,4,5,5,455,Champions,High Value
14041,266,1,141.41,United Kingdom,2011-03-18 13:25:00,266,2,1,1,211,About to Sleep,Low Value/At Risk
14042,725,1,431.98,United Kingdom,2009-12-14 15:07:00,725,1,1,2,112,At Risk,Low Value/At Risk
14043,491,2,304.25,United Kingdom,2010-08-05 18:18:00,729,1,2,2,122,At Risk,Low Value/At Risk
14044,27,10,3123.1,United Kingdom,2011-11-13 12:05:00,684,4,5,5,455,Champions,High Value
14045,109,16,11313.029999999999,United Kingdom,2011-08-22 15:27:00,701,3,5,5,355,Loyal,High Value
14046,284,1,154.99,United Kingdom,2011-02-28 14:48:00,284,2,1,1,211,About to Sleep,Low Value/At Risk
14047,9,14,4255.03,United Kingdom,2011-12-01 11:43:00,677,5,5,5,555,Champions,High Value
14048,305,3,748.69,United Kingdom,2011-02-07 14:53:00,382,2,3,3,233,At Risk,Low Value/At Risk
14049,17,13,13239.03,United Kingdom,2011-11-23 12:20:00,617,5,5,5,555,Champions,High Value
14050,32,2,746.36,United Kingdom,2011-11-08 10:00:00,106,4,2,3,423,New Customers,Medium Value
14051,1,37,22434.0,United Kingdom,2011-12-09 10:20:00,737,5,5,5,555,Champions,High Value
14052,20,2,480.81,United Kingdom,2011-11-20 12:30:00,391,4,2,2,422,New Customers,Medium Value
14053,124,4,572.3,United Kingdom,2011-08-07 14:27:00,487,3,3,2,332,Potential,High Value
14054,65,1,92.46,United Kingdom,2011-10-05 15:49:00,65,3,1,1,311,About to Sleep,Low Value/At Risk
14055,106,3,1520.96,United Kingdom,2011-08-25 15:04:00,723,3,3,4,334,Loyal,High Value
14056,1,23,8214.65,United Kingdom,2011-12-08 13:36:00,284,5,5,5,555,Champions,High Value
14057,24,22,8408.84,United Kingdom,2011-11-16 10:32:00,736,4,5,5,455,Champions,High Value
14058,463,2,469.19,United Kingdom,2010-09-03 09:31:00,531,1,2,2,122,At Risk,Low Value/At Risk
14059,267,1,183.6,United Kingdom,2011-03-18 10:06:00,267,2,1,1,211,About to Sleep,Low Value/At Risk
14060,5,30,9519.08,United Kingdom,2011-12-05 12:29:00,639,5,5,5,555,Champions,High Value
14061,507,3,917.4300000000001,United Kingdom,2010-07-20 17:22:00,738,1,3,3,133,At Risk,Low Value/At Risk
14062,10,24,25604.2,United Kingdom,2011-11-30 10:04:00,729,5,5,5,555,Champions,High Value
14063,438,9,22710.2,United Kingdom,2010-09-27 16:18:00,731,1,5,5,155,At Risk,Low Value/At Risk
14064,29,15,3332.42,United Kingdom,2011-11-10 13:14:00,687,4,5,5,455,Champions,High Value
14065,389,3,891.02,United Kingdom,2010-11-15 16:13:00,432,2,3,3,233,At Risk,Low Value/At Risk
14066,267,1,152.55,United Kingdom,2011-03-18 12:21:00,267,2,1,1,211,About to Sleep,Low Value/At Risk
14067,64,2,374.7,United Kingdom,2011-10-07 10:21:00,97,3,2,2,322,Need Attention,Medium Value
14068,320,4,1528.3700000000001,United Kingdom,2011-01-23 16:02:00,678,2,3,4,234,At Risk,Low Value/At Risk
14069,515,2,230.06,United Kingdom,2010-07-13 12:12:00,562,1,2,1,121,At Risk,Low Value/At Risk
14070,685,1,326.55,United Kingdom,2010-01-24 12:27:00,685,1,1,2,112,At Risk,Low Value/At Risk
14071,4,8,1438.82,United Kingdom,2011-12-06 12:27:00,265,5,4,4,544,Champions,High Value
14072,667,1,390.85,United Kingdom,2010-02-11 12:31:00,667,1,1,2,112,At Risk,Low Value/At Risk
14073,32,1,151.04,United Kingdom,2011-11-07 15:49:00,32,4,1,1,411,New Customers,Medium Value
14074,623,1,219.39999999999998,United Kingdom,2010-03-26 13:55:00,623,1,1,1,111,At Risk,Low Value/At Risk
14075,5,6,1734.87,United Kingdom,2011-12-05 08:38:00,541,5,4,4,544,Champions,High Value
14076,129,1,122.47,United Kingdom,2011-08-02 15:19:00,129,3,1,1,311,About to Sleep,Low Value/At Risk
14077,41,6,615.0799999999999,United Kingdom,2011-10-30 12:35:00,395,4,4,2,442,Potential,High Value
14078,102,9,1692.6299999999999,United Kingdom,2011-08-30 12:16:00,621,3,5,4,354,Loyal,High Value
14079,125,2,618.73,United Kingdom,2011-08-07 12:10:00,682,3,2,3,323,Need Attention,Medium Value
14080,33,5,1115.68,United Kingdom,2011-11-07 11:09:00,737,4,4,3,443,Loyal,High Value
14081,302,10,5370.1,United Kingdom,2011-02-10 16:17:00,729,2,5,5,255,At Risk,Low Value/At Risk
14082,365,2,413.36,United Kingdom,2010-12-10 11:02:00,393,2,2,2,222,Need Attention,Medium Value
14083,4,11,1407.26,United Kingdom,2011-12-05 13:14:00,722,5,5,4,554,Champions,High Value
14084,512,1,150.5,United Kingdom,2010-07-15 14:36:00,512,1,1,1,111,At Risk,Low Value/At Risk
14085,2,33,10104.97,United Kingdom,2011-12-07 13:46:00,731,5,5,5,555,Champions,High Value
14086,463,1,39.95,United Kingdom,2010-09-03 10:52:00,463,1,1,1,111,At Risk,Low Value/At Risk
14087,3,3,846.22,United Kingdom,2011-12-07 12:41:00,735,5,3,3,533,Loyal,High Value
14088,10,16,64036.8,United Kingdom,2011-11-29 16:16:00,421,5,5,5,555,Champions,High Value
14089,57,1,161.0,United Kingdom,2011-10-14 10:38:00,57,4,1,1,411,New Customers,Medium Value
14090,325,1,76.32000000000001,United Kingdom,2011-01-19 10:51:00,325,2,1,1,211,About to Sleep,Low Value/At Risk
14091,654,2,9530.08,United Kingdom,2010-02-23 15:17:00,698,1,2,5,125,At Risk,Low Value/At Risk
14092,8,24,7229.45,United Kingdom,2011-12-02 12:13:00,723,5,5,5,555,Champions,High Value
14093,12,1,442.85,United Kingdom,2011-11-27 16:27:00,12,5,1,2,512,New Customers,Medium Value
14094,440,1,335.22,United Kingdom,2010-09-26 11:58:00,440,1,1,2,112,At Risk,Low Value/At Risk
14095,723,1,2.95,United Kingdom,2009-12-17 12:49:00,723,1,1,1,111,At Risk,Low Value/At Risk
14096,4,17,65164.79,United Kingdom,2011-12-05 17:17:00,102,5,5,5,555,Champions,High Value
14097,481,2,422.85999999999996,United Kingdom,2010-08-15 14:20:00,646,1,2,2,122,At Risk,Low Value/At Risk
14098,37,1,147.35,United Kingdom,2011-11-03 10:13:00,37,4,1,1,411,New Customers,Medium Value
14099,16,20,5765.71,United Kingdom,2011-11-23 13:53:00,730,5,5,5,555,Champions,High Value
14100,138,1,194.9,United Kingdom,2011-07-25 11:01:00,138,3,1,1,311,About to Sleep,Low Value/At Risk
14101,74,13,9961.93,United Kingdom,2011-09-27 12:28:00,621,3,5,5,355,Loyal,High Value
14102,5,5,1360.28,United Kingdom,2011-12-04 15:38:00,45,5,4,4,544,Champions,High Value
14104,155,5,771.5799999999999,United Kingdom,2011-07-08 12:50:00,560,3,4,3,343,Loyal,High Value
14105,239,5,5988.83,United Kingdom,2011-04-14 17:58:00,721,2,4,5,245,At Risk,Low Value/At Risk
14106,737,1,214.79999999999998,United Kingdom,2009-12-02 14:09:00,737,1,1,1,111,At Risk,Low Value/At Risk
14107,52,11,4877.3,United Kingdom,2011-10-19 12:12:00,730,4,5,5,455,Champions,High Value
14108,31,4,1044.96,United Kingdom,2011-11-09 10:41:00,738,4,3,3,433,Loyal,High Value
14109,73,1,144.2,United Kingdom,2011-09-28 10:18:00,73,3,1,1,311,About to Sleep,Low Value/At Risk
14110,4,33,12987.95,United Kingdom,2011-12-06 12:26:00,739,5,5,5,555,Champions,High Value
14111,14,4,692.85,United Kingdom,2011-11-25 13:44:00,242,5,3,3,533,Loyal,High Value
14112,23,13,5834.59,United Kingdom,2011-11-17 12:30:00,654,4,5,5,455,Champions,High Value
14113,4,16,7092.610000000001,United Kingdom,2011-12-06 12:18:00,732,5,5,5,555,Champions,High Value
14114,274,7,1364.09,United Kingdom,2011-03-11 09:42:00,607,2,4,4,244,At Risk,Low Value/At Risk
14115,502,2,622.6700000000001,United Kingdom,2010-07-26 12:36:00,667,1,2,3,123,At Risk,Low Value/At Risk
14116,20,5,1382.74,United Kingdom,2011-11-20 10:29:00,122,4,4,4,444,Champions,High Value
14117,144,1,90.0,United Kingdom,2011-07-19 09:49:00,144,3,1,1,311,About to Sleep,Low Value/At Risk
14118,429,1,458.45,United Kingdom,2010-10-07 11:59:00,429,1,1,2,112,At Risk,Low Value/At Risk
14119,376,2,183.37,United Kingdom,2010-11-29 10:33:00,718,2,2,1,221,Need Attention,Medium Value
14121,4,4,2780.15,United Kingdom,2011-12-06 12:19:00,60,5,3,4,534,Loyal,High Value
14122,406,3,362.42,United Kingdom,2010-10-29 15:11:00,737,2,3,2,232,At Risk,Low Value/At Risk
14123,733,1,436.18,United Kingdom,2009-12-06 15:35:00,733,1,1,2,112,At Risk,Low Value/At Risk
14124,84,1,419.58000000000004,United Kingdom,2011-09-16 13:32:00,84,3,1,2,312,About to Sleep,Low Value/At Risk
14125,11,3,2740.43,United Kingdom,2011-11-29 12:47:00,78,5,3,4,534,Loyal,High Value
14126,8,4,1172.46,United Kingdom,2011-12-02 11:45:00,444,5,3,3,533,Loyal,High Value
14127,123,6,1900.0800000000002,United Kingdom,2011-08-09 10:49:00,426,3,4,4,344,Loyal,High Value
14128,61,3,924.21,United Kingdom,2011-10-10 12:00:00,551,3,3,3,333,Loyal,High Value
14129,2,9,2591.34,United Kingdom,2011-12-08 11:02:00,579,5,5,4,554,Champions,High Value
14130,319,4,1882.67,United Kingdom,2011-01-24 16:05:00,728,2,3,4,234,At Risk,Low Value/At Risk
14131,649,1,187.87,United Kingdom,2010-03-01 11:59:00,649,1,1,1,111,At Risk,Low Value/At Risk
14132,2,11,3586.0299999999997,United Kingdom,2011-12-07 13:35:00,184,5,5,5,555,Champions,High Value
14133,130,4,911.14,United Kingdom,2011-08-02 11:34:00,734,3,3,3,333,Loyal,High Value
14134,383,15,11123.35,United Kingdom,2010-11-22 12:26:00,730,2,5,5,255,At Risk,Low Value/At Risk
14135,2,24,9643.92,United Kingdom,2011-12-08 11:38:00,738,5,5,5,555,Champions,High Value
14136,401,5,1570.81,United Kingdom,2010-11-04 11:53:00,732,2,4,4,244,At Risk,Low Value/At Risk
14137,696,1,332.7,United Kingdom,2010-01-13 12:30:00,696,1,1,2,112,At Risk,Low Value/At Risk
14138,2,2,982.3800000000001,United Kingdom,2011-12-08 12:44:00,64,5,2,3,523,New Customers,Medium Value
14139,46,4,1086.8,United Kingdom,2011-10-24 13:34:00,543,4,3,3,433,Loyal,High Value
14140,4,2,935.05,United Kingdom,2011-12-06 09:05:00,32,5,2,3,523,New Customers,Medium Value
14141,3,4,915.13,United Kingdom,2011-12-07 09:53:00,105,5,3,3,533,Loyal,High Value
14142,373,2,983.15,United Kingdom,2010-12-01 16:33:00,646,2,2,3,223,Need Attention,Medium Value
14143,134,1,115.8,United Kingdom,2011-07-29 09:48:00,134,3,1,1,311,About to Sleep,Low Value/At Risk
14144,486,1,30.599999999999998,United Kingdom,2010-08-10 15:17:00,486,1,1,1,111,At Risk,Low Value/At Risk
14145,47,7,7600.05,United Kingdom,2011-10-24 12:10:00,611,4,4,5,445,Champions,High Value
14146,9,12,9450.3,United Kingdom,2011-12-01 10:18:00,695,5,5,5,555,Champions,High Value
14147,78,9,2590.2,United Kingdom,2011-09-22 18:10:00,640,3,5,4,354,Loyal,High Value
14148,234,2,466.29,United Kingdom,2011-04-20 12:02:00,414,2,2,2,222,Need Attention,Medium Value
14149,221,1,446.62,United Kingdom,2011-05-03 09:44:00,221,2,1,2,212,About to Sleep,Low Value/At Risk
14150,36,2,658.64,United Kingdom,2011-11-04 10:05:00,360,4,2,3,423,New Customers,Medium Value
14151,673,2,679.45,United Kingdom,2010-02-04 15:35:00,717,1,2,3,123,At Risk,Low Value/At Risk
14152,75,7,1997.3400000000001,United Kingdom,2011-09-25 12:54:00,659,3,4,4,344,Loyal,High Value
14153,483,1,233.4,United Kingdom,2010-08-13 14:35:00,483,1,1,1,111,At Risk,Low Value/At Risk
14154,239,8,6460.7,United Kingdom,2011-04-14 16:26:00,696,2,4,5,245,At Risk,Low Value/At Risk
14155,266,1,118.75,United Kingdom,2011-03-18 14:13:00,266,2,1,1,211,About to Sleep,Low Value/At Risk
14156,10,156,313946.37,EIRE,2011-11-30 10:54:00,739,5,5,5,555,Champions,High Value
14157,20,5,1002.78,United Kingdom,2011-11-20 11:32:00,646,4,4,3,443,Loyal,High Value
14158,40,1,507.66,United Kingdom,2011-10-30 15:08:00,40,4,1,2,412,New Customers,Medium Value
14159,20,20,7938.01,United Kingdom,2011-11-20 12:36:00,737,4,5,5,455,Champions,High Value
14160,610,7,8421.47,United Kingdom,2010-04-08 14:30:00,699,1,4,5,145,At Risk,Low Value/At Risk
14161,216,7,3318.88,United Kingdom,2011-05-08 11:41:00,727,2,4,5,245,At Risk,Low Value/At Risk
14162,174,2,289.36,United Kingdom,2011-06-19 11:36:00,293,3,2,1,321,Need Attention,Medium Value
14163,87,5,2594.62,United Kingdom,2011-09-13 15:18:00,462,3,4,4,344,Loyal,High Value
14164,71,2,1631.77,United Kingdom,2011-09-30 12:24:00,81,3,2,4,324,Need Attention,Medium Value
14165,276,1,122.53999999999999,United Kingdom,2011-03-09 12:39:00,276,2,1,1,211,About to Sleep,Low Value/At Risk
14166,505,2,256.85,United Kingdom,2010-07-22 19:42:00,626,1,2,1,121,At Risk,Low Value/At Risk
14167,39,8,1296.49,United Kingdom,2011-10-31 14:29:00,681,4,4,4,444,Champions,High Value
14168,421,2,370.45,United Kingdom,2010-10-15 10:49:00,565,1,2,2,122,At Risk,Low Value/At Risk
14169,431,2,624.4300000000001,United Kingdom,2010-10-05 08:45:00,444,1,2,3,123,At Risk,Low Value/At Risk
14170,375,3,597.33,United Kingdom,2010-11-29 13:10:00,395,2,3,2,232,At Risk,Low Value/At Risk
14171,98,2,498.79,United Kingdom,2011-09-02 16:43:00,730,3,2,2,322,Need Attention,Medium Value
14172,605,3,402.72,United Kingdom,2010-04-13 13:26:00,643,1,3,2,132,At Risk,Low Value/At Risk
14173,11,6,586.0,United Kingdom,2011-11-29 11:54:00,731,5,4,2,542,Potential,High Value
14174,33,1,134.46,United Kingdom,2011-11-06 13:17:00,33,4,1,1,411,New Customers,Medium Value
14175,60,8,7678.88,United Kingdom,2011-10-11 11:55:00,628,3,4,5,345,Loyal,High Value
14176,297,5,916.01,United Kingdom,2011-02-15 13:12:00,381,2,4,3,243,At Risk,Low Value/At Risk
14177,86,13,2229.34,United Kingdom,2011-09-14 15:11:00,652,3,5,4,354,Loyal,High Value
14178,9,7,1620.93,United Kingdom,2011-12-01 12:01:00,182,5,4,4,544,Champions,High Value
14179,41,2,719.78,United Kingdom,2011-10-30 12:07:00,52,4,2,3,423,New Customers,Medium Value
14180,11,33,6319.25,United Kingdom,2011-11-29 10:56:00,548,5,5,5,555,Champions,High Value
14181,411,2,310.55,United Kingdom,2010-10-25 08:27:00,563,1,2,2,122,At Risk,Low Value/At Risk
14182,444,4,678.77,United Kingdom,2010-09-22 11:45:00,596,1,3,3,133,At Risk,Low Value/At Risk
14183,411,2,286.29,United Kingdom,2010-10-24 14:45:00,481,1,2,1,121,At Risk,Low Value/At Risk
14184,67,1,452.89,United Kingdom,2011-10-04 12:43:00,67,3,1,2,312,About to Sleep,Low Value/At Risk
14185,331,1,197.65,United Kingdom,2011-01-12 13:52:00,331,2,1,1,211,About to Sleep,Low Value/At Risk
14186,427,5,1550.63,United Kingdom,2010-10-08 13:30:00,645,1,4,4,144,At Risk,Low Value/At Risk
14187,474,1,123.5,United Kingdom,2010-08-23 12:06:00,474,1,1,1,111,At Risk,Low Value/At Risk
14188,31,6,2054.36,United Kingdom,2011-11-09 12:45:00,310,4,4,4,444,Champions,High Value
14189,2,16,5814.39,United Kingdom,2011-12-07 15:55:00,389,5,5,5,555,Champions,High Value
14190,666,1,79.9,United Kingdom,2010-02-11 14:27:00,666,1,1,1,111,At Risk,Low Value/At Risk
14191,2,15,4817.66,United Kingdom,2011-12-08 09:23:00,729,5,5,5,555,Champions,High Value
14192,388,1,293.74,United Kingdom,2010-11-16 17:44:00,388,2,1,2,212,About to Sleep,Low Value/At Risk
14193,68,3,1210.19,United Kingdom,2011-10-03 09:34:00,397,3,3,3,333,Loyal,High Value
14194,5,36,18670.59,United Kingdom,2011-12-05 10:38:00,703,5,5,5,555,Champions,High Value
14195,202,6,2615.6,United Kingdom,2011-05-22 10:29:00,634,2,4,4,244,At Risk,Low Value/At Risk
14196,107,1,335.52,United Kingdom,2011-08-25 10:25:00,107,3,1,2,312,About to Sleep,Low Value/At Risk
14197,411,1,390.05,United Kingdom,2010-10-25 10:01:00,411,1,1,2,112,At Risk,Low Value/At Risk
14198,18,9,1569.73,United Kingdom,2011-11-21 16:35:00,704,5,5,4,554,Champions,High Value
14199,218,4,1091.7,United Kingdom,2011-05-05 13:44:00,531,2,3,3,233,At Risk,Low Value/At Risk
14200,617,1,379.2,United Kingdom,2010-04-01 13:01:00,617,1,1,2,112,At Risk,Low Value/At Risk
14201,60,10,1193.54,United Kingdom,2011-10-10 13:27:00,588,3,5,3,353,Loyal,High Value
14202,381,3,847.76,United Kingdom,2010-11-23 17:13:00,625,2,3,3,233,At Risk,Low Value/At Risk
14203,397,1,339.34,United Kingdom,2010-11-07 13:35:00,397,2,1,2,212,About to Sleep,Low Value/At Risk
14204,2,4,1062.96,United Kingdom,2011-12-07 13:38:00,737,5,3,3,533,Loyal,High Value
14205,17,9,2414.2,United Kingdom,2011-11-23 10:55:00,643,5,5,4,554,Champions,High Value
14206,239,3,1185.01,United Kingdom,2011-04-14 16:38:00,403,2,3,3,233,At Risk,Low Value/At Risk
14207,688,1,157.8,United Kingdom,2010-01-21 09:33:00,688,1,1,1,111,At Risk,Low Value/At Risk
14208,95,2,567.05,United Kingdom,2011-09-06 12:48:00,551,3,2,2,322,Need Attention,Medium Value
14209,11,15,4993.27,United Kingdom,2011-11-29 10:18:00,687,5,5,5,555,Champions,High Value
14210,106,16,5861.52,United Kingdom,2011-08-26 12:36:00,703,3,5,5,355,Loyal,High Value
14211,53,18,4402.29,United Kingdom,2011-10-17 13:23:00,731,4,5,5,455,Champions,High Value
14212,90,2,2190.14,United Kingdom,2011-09-11 12:45:00,446,3,2,4,324,Need Attention,Medium Value
14213,405,1,1192.2,United Kingdom,2010-10-31 10:37:00,405,2,1,3,213,About to Sleep,Low Value/At Risk
14214,31,5,1004.38,United Kingdom,2011-11-09 10:31:00,278,4,4,3,443,Loyal,High Value
14215,12,9,3416.33,United Kingdom,2011-11-28 12:19:00,732,5,5,5,555,Champions,High Value
14216,3,5,2150.04,United Kingdom,2011-12-06 14:56:00,414,5,4,4,544,Champions,High Value
14217,2,23,3416.89,United Kingdom,2011-12-08 11:53:00,527,5,5,5,555,Champions,High Value
14218,43,1,169.48000000000002,United Kingdom,2011-10-28 10:00:00,43,4,1,1,411,New Customers,Medium Value
14219,4,3,633.83,United Kingdom,2011-12-05 16:23:00,493,5,3,3,533,Loyal,High Value
14220,247,4,1515.0,United Kingdom,2011-04-06 13:23:00,569,2,3,4,234,At Risk,Low Value/At Risk
14221,42,17,6517.49,United Kingdom,2011-10-28 13:42:00,612,4,5,5,455,Champions,High Value
14222,177,1,683.17,United Kingdom,2011-06-15 16:42:00,177,3,1,3,313,About to Sleep,Low Value/At Risk
14223,92,3,991.13,United Kingdom,2011-09-08 13:38:00,264,3,3,3,333,Loyal,High Value
14224,110,9,1897.9,United Kingdom,2011-08-21 13:24:00,544,3,5,4,354,Loyal,High Value
14225,435,4,2037.02,United Kingdom,2010-10-01 10:32:00,696,1,3,4,134,At Risk,Low Value/At Risk
14226,29,6,3002.53,United Kingdom,2011-11-11 11:34:00,441,4,4,5,445,Champions,High Value
14227,26,15,6368.71,United Kingdom,2011-11-13 15:48:00,670,4,5,5,455,Champions,High Value
14228,438,3,745.5,United Kingdom,2010-09-28 09:45:00,547,1,3,3,133,At Risk,Low Value/At Risk
14229,52,7,2594.04,United Kingdom,2011-10-19 10:04:00,472,4,4,4,444,Champions,High Value
14230,436,3,979.8000000000001,United Kingdom,2010-09-30 09:07:00,548,1,3,3,133,At Risk,Low Value/At Risk
14231,184,4,1235.6200000000001,United Kingdom,2011-06-09 11:05:00,451,3,3,3,333,Loyal,High Value
14232,43,5,2048.07,United Kingdom,2011-10-28 11:09:00,265,4,4,4,444,Champions,High Value
14233,49,7,2904.27,United Kingdom,2011-10-21 15:54:00,644,4,4,4,444,Champions,High Value
14234,22,4,775.46,United Kingdom,2011-11-17 17:53:00,57,4,3,3,433,Loyal,High Value
14235,75,9,4717.99,United Kingdom,2011-09-25 14:37:00,619,3,5,5,355,Loyal,High Value
14236,81,5,1744.64,United Kingdom,2011-09-20 09:13:00,505,3,4,4,344,Loyal,High Value
14237,373,2,632.14,United Kingdom,2010-12-01 13:20:00,591,2,2,3,223,Need Attention,Medium Value
14238,326,3,434.23,United Kingdom,2011-01-17 14:40:00,735,2,3,2,232,At Risk,Low Value/At Risk
14239,43,21,4263.17,United Kingdom,2011-10-27 14:40:00,735,4,5,5,455,Champions,High Value
14240,30,3,1247.49,United Kingdom,2011-11-09 13:45:00,424,4,3,3,433,Loyal,High Value
14241,184,2,333.70000000000005,United Kingdom,2011-06-09 11:46:00,696,3,2,2,322,Need Attention,Medium Value
14242,235,2,280.55,United Kingdom,2011-04-19 11:46:00,326,2,2,1,221,Need Attention,Medium Value
14243,9,17,7431.05,United Kingdom,2011-12-01 11:12:00,476,5,5,5,555,Champions,High Value
14244,661,1,366.41999999999996,United Kingdom,2010-02-17 11:40:00,661,1,1,2,112,At Risk,Low Value/At Risk
14245,220,2,1693.45,United Kingdom,2011-05-04 08:40:00,264,2,2,4,224,Need Attention,Medium Value
14246,111,3,1474.06,United Kingdom,2011-08-21 11:50:00,246,3,3,4,334,Loyal,High Value
14247,278,5,772.66,United Kingdom,2011-03-06 15:21:00,551,2,4,3,243,At Risk,Low Value/At Risk
14248,318,3,1032.95,United Kingdom,2011-01-25 14:45:00,515,2,3,3,233,At Risk,Low Value/At Risk
14249,411,12,5625.461,United Kingdom,2010-10-25 12:34:00,679,1,5,5,155,At Risk,Low Value/At Risk
14250,7,3,1904.05,United Kingdom,2011-12-02 14:30:00,89,5,3,4,534,Loyal,High Value
14251,2,5,2879.7000000000003,United Kingdom,2011-12-08 08:32:00,58,5,4,4,544,Champions,High Value
14252,381,1,350.99,United Kingdom,2010-11-23 13:36:00,381,2,1,2,212,About to Sleep,Low Value/At Risk
14253,493,2,363.40000000000003,United Kingdom,2010-08-03 14:55:00,623,1,2,2,122,At Risk,Low Value/At Risk
14254,433,1,601.03,United Kingdom,2010-10-03 11:52:00,433,1,1,2,112,At Risk,Low Value/At Risk
14255,546,1,1000.63,United Kingdom,2010-06-11 15:54:00,546,1,1,3,113,At Risk,Low Value/At Risk
14256,260,5,2473.9900000000002,United Kingdom,2011-03-24 13:17:00,695,2,4,4,244,At Risk,Low Value/At Risk
14257,64,9,5954.45,United Kingdom,2011-10-06 16:54:00,648,3,5,5,355,Loyal,High Value
14258,9,25,32051.34,United Kingdom,2011-11-30 15:27:00,736,5,5,5,555,Champions,High Value
14259,142,1,120.0,United Kingdom,2011-07-21 10:44:00,142,3,1,1,311,About to Sleep,Low Value/At Risk
14260,471,3,824.28,United Kingdom,2010-08-25 14:55:00,549,1,3,3,133,At Risk,Low Value/At Risk
14261,51,2,1163.45,United Kingdom,2011-10-20 10:04:00,79,4,2,3,423,New Customers,Medium Value
14262,8,8,2618.23,United Kingdom,2011-12-01 14:17:00,241,5,4,4,544,Champions,High Value
14263,423,1,322.93,United Kingdom,2010-10-12 14:09:00,423,1,1,2,112,At Risk,Low Value/At Risk
14264,155,6,1517.3600000000001,United Kingdom,2011-07-08 10:20:00,611,3,4,4,344,Loyal,High Value
14265,109,4,1373.35,Unspecified,2011-08-22 13:32:00,612,3,3,4,334,Loyal,High Value
14266,428,1,40.56,United Kingdom,2010-10-07 13:32:00,428,1,1,1,111,At Risk,Low Value/At Risk
14267,163,3,1516.24,United Kingdom,2011-06-30 10:09:00,261,3,3,4,334,Loyal,High Value
14268,471,1,354.85,United Kingdom,2010-08-26 10:45:00,471,1,1,2,112,At Risk,Low Value/At Risk
14269,439,1,295.73,United Kingdom,2010-09-26 12:53:00,439,1,1,2,112,At Risk,Low Value/At Risk
14270,332,1,492.65000000000003,United Kingdom,2011-01-12 09:33:00,332,2,1,2,212,About to Sleep,Low Value/At Risk
14271,226,2,219.13,United Kingdom,2011-04-28 12:47:00,409,2,2,1,221,Need Attention,Medium Value
14272,74,4,920.81,United Kingdom,2011-09-27 10:08:00,582,3,3,3,333,Loyal,High Value
14273,51,4,559.97,United Kingdom,2011-10-19 13:20:00,242,4,3,2,432,Potential,High Value
14274,686,1,256.6,United Kingdom,2010-01-22 12:51:00,686,1,1,1,111,At Risk,Low Value/At Risk
14275,396,6,1189.3799999999999,United Kingdom,2010-11-09 09:06:00,608,2,4,3,243,At Risk,Low Value/At Risk
14276,99,7,2102.68,United Kingdom,2011-09-02 09:45:00,660,3,4,4,344,Loyal,High Value
14277,15,9,17225.81,France,2011-11-24 15:01:00,726,5,5,5,555,Champions,High Value
14278,410,1,205.83,United Kingdom,2010-10-26 12:07:00,410,2,1,1,211,About to Sleep,Low Value/At Risk
14279,521,2,191.86,United Kingdom,2010-07-07 08:42:00,681,1,2,1,121,At Risk,Low Value/At Risk
14280,197,1,134.04,United Kingdom,2011-05-27 10:37:00,197,2,1,1,211,About to Sleep,Low Value/At Risk
14281,408,1,245.15,United Kingdom,2010-10-27 14:45:00,408,2,1,1,211,About to Sleep,Low Value/At Risk
14282,3,25,7849.66,United Kingdom,2011-12-06 17:04:00,663,5,5,5,555,Champions,High Value
14283,463,4,628.4399999999999,United Kingdom,2010-09-02 14:46:00,570,1,3,3,133,At Risk,Low Value/At Risk
14284,31,3,1299.65,United Kingdom,2011-11-09 08:11:00,654,4,3,4,434,Loyal,High Value
14285,21,8,3284.42,United Kingdom,2011-11-18 14:50:00,731,4,4,5,445,Champions,High Value
14286,24,7,8479.76,United Kingdom,2011-11-16 10:34:00,736,4,4,5,445,Champions,High Value
14287,8,3,176.63,United Kingdom,2011-12-01 13:25:00,199,5,3,1,531,Potential,High Value
14288,213,1,426.6,United Kingdom,2011-05-10 13:22:00,213,2,1,2,212,About to Sleep,Low Value/At Risk
14289,9,6,911.26,United Kingdom,2011-12-01 11:44:00,290,5,4,3,543,Loyal,High Value
14290,11,8,4516.56,United Kingdom,2011-11-28 14:02:00,732,5,4,5,545,Champions,High Value
14291,2,23,7904.1,United Kingdom,2011-12-08 10:26:00,731,5,5,5,555,Champions,High Value
14292,8,16,9226.25,United Kingdom,2011-12-02 11:50:00,631,5,5,5,555,Champions,High Value
14293,3,9,3267.9300000000003,United Kingdom,2011-12-06 15:17:00,730,5,5,5,555,Champions,High Value
14294,407,1,375.34,United Kingdom,2010-10-28 16:25:00,407,2,1,2,212,About to Sleep,Low Value/At Risk
14295,40,5,2362.91,United Kingdom,2011-10-30 15:50:00,732,4,4,4,444,Champions,High Value
14296,421,2,456.40000000000003,United Kingdom,2010-10-14 14:14:00,574,1,2,2,122,At Risk,Low Value/At Risk
14297,18,4,1305.33,United Kingdom,2011-11-22 09:06:00,275,5,3,4,534,Loyal,High Value
14298,8,82,91194.49,United Kingdom,2011-12-01 13:12:00,728,5,5,5,555,Champions,High Value
14299,8,27,14499.49,United Kingdom,2011-12-01 16:05:00,738,5,5,5,555,Champions,High Value
14300,19,1,43.2,United Kingdom,2011-11-21 08:57:00,19,5,1,1,511,New Customers,Medium Value
14301,117,4,1992.18,United Kingdom,2011-08-14 15:33:00,666,3,3,4,334,Loyal,High Value
14302,431,3,742.9000000000001,United Kingdom,2010-10-05 08:10:00,738,1,3,3,133,At Risk,Low Value/At Risk
14303,407,2,277.94,United Kingdom,2010-10-28 15:37:00,435,2,2,1,221,Need Attention,Medium Value
14304,223,3,1725.01,United Kingdom,2011-05-01 11:50:00,571,2,3,4,234,At Risk,Low Value/At Risk
14305,71,3,1858.96,United Kingdom,2011-09-29 15:29:00,135,3,3,4,334,Loyal,High Value
14306,51,6,3151.4,United Kingdom,2011-10-19 13:23:00,677,4,4,5,445,Champions,High Value
14307,89,10,5071.03,United Kingdom,2011-09-12 09:38:00,732,3,5,5,355,Loyal,High Value
14308,549,2,1147.02,United Kingdom,2010-06-08 16:48:00,549,1,2,3,123,At Risk,Low Value/At Risk
14309,8,11,3780.81,United Kingdom,2011-12-01 13:33:00,551,5,5,5,555,Champions,High Value
14310,433,1,492.1,United Kingdom,2010-10-03 12:34:00,433,1,1,2,112,At Risk,Low Value/At Risk
14311,243,2,516.45,United Kingdom,2011-04-11 10:14:00,568,2,2,2,222,Need Attention,Medium Value
14312,47,11,3090.29,United Kingdom,2011-10-24 09:46:00,504,4,5,5,455,Champions,High Value
14314,107,2,229.8,United Kingdom,2011-08-25 10:39:00,431,3,2,1,321,Need Attention,Medium Value
14315,45,8,3197.82,United Kingdom,2011-10-26 12:06:00,635,4,4,5,445,Champions,High Value
14316,422,5,1370.34,United Kingdom,2010-10-13 16:31:00,630,1,4,4,144,At Risk,Low Value/At Risk
14317,65,1,508.58000000000004,United Kingdom,2011-10-06 10:44:00,65,3,1,2,312,About to Sleep,Low Value/At Risk
14318,460,1,158.02,United Kingdom,2010-09-05 15:32:00,460,1,1,1,111,At Risk,Low Value/At Risk
14319,424,1,494.85,United Kingdom,2010-10-11 13:38:00,424,1,1,2,112,At Risk,Low Value/At Risk
14320,207,5,1346.75,United Kingdom,2011-05-17 09:24:00,688,2,4,4,244,At Risk,Low Value/At Risk
14321,11,7,2218.06,United Kingdom,2011-11-29 09:47:00,473,5,4,4,544,Champions,High Value
14322,429,4,474.1,United Kingdom,2010-10-06 15:17:00,660,1,3,2,132,At Risk,Low Value/At Risk
14323,115,2,605.0600000000001,United Kingdom,2011-08-17 11:37:00,239,3,2,2,322,Need Attention,Medium Value
14324,410,2,701.61,United Kingdom,2010-10-26 11:44:00,693,2,2,3,223,Need Attention,Medium Value
14325,570,1,245.48000000000002,United Kingdom,2010-05-19 09:20:00,570,1,1,1,111,At Risk,Low Value/At Risk
14326,242,3,940.98,United Kingdom,2011-04-11 15:04:00,533,2,3,3,233,At Risk,Low Value/At Risk
14327,163,6,1894.93,United Kingdom,2011-06-29 13:58:00,700,3,4,4,344,Loyal,High Value
14328,438,1,445.05,United Kingdom,2010-09-27 16:01:00,438,1,1,2,112,At Risk,Low Value/At Risk
14329,17,15,9927.22,United Kingdom,2011-11-22 15:50:00,723,5,5,5,555,Champions,High Value
14330,624,1,200.63,United Kingdom,2010-03-26 09:10:00,624,1,1,1,111,At Risk,Low Value/At Risk
14331,124,2,462.65999999999997,United Kingdom,2011-08-07 13:17:00,135,3,2,2,322,Need Attention,Medium Value
14332,23,5,1943.51,United Kingdom,2011-11-17 11:54:00,416,4,4,4,444,Champions,High Value
14333,68,1,415.2,United Kingdom,2011-10-03 10:38:00,68,3,1,2,312,About to Sleep,Low Value/At Risk
14334,17,12,4318.48,United Kingdom,2011-11-23 10:01:00,569,5,5,5,555,Champions,High Value
14335,16,2,468.26,Germany,2011-11-23 13:41:00,96,5,2,2,522,New Customers,Medium Value
14336,17,4,1614.91,United Kingdom,2011-11-23 11:40:00,276,5,3,4,534,Loyal,High Value
14338,161,3,928.1,United Kingdom,2011-07-01 14:08:00,537,3,3,3,333,Loyal,High Value
14339,243,2,620.27,United Kingdom,2011-04-11 11:06:00,429,2,2,3,223,Need Attention,Medium Value
14340,219,1,134.7,United Kingdom,2011-05-05 09:44:00,219,2,1,1,211,About to Sleep,Low Value/At Risk
14341,45,18,4467.32,United Kingdom,2011-10-25 15:48:00,739,4,5,5,455,Champions,High Value
14342,21,6,918.44,United Kingdom,2011-11-18 13:21:00,472,4,4,3,443,Loyal,High Value
14343,421,4,1088.91,United Kingdom,2010-10-14 13:05:00,690,1,3,3,133,At Risk,Low Value/At Risk
14344,127,20,3333.7000000000003,United Kingdom,2011-08-04 13:51:00,626,3,5,5,355,Loyal,High Value
14345,39,1,108.97999999999999,United Kingdom,2011-11-01 09:51:00,39,4,1,1,411,New Customers,Medium Value
14346,121,5,2315.75,United Kingdom,2011-08-11 09:47:00,498,3,4,4,344,Loyal,High Value
14347,737,1,82.6,United Kingdom,2009-12-03 10:49:00,737,1,1,1,111,At Risk,Low Value/At Risk
14348,260,1,409.57,United Kingdom,2011-03-24 16:23:00,260,2,1,2,212,About to Sleep,Low Value/At Risk
14349,10,1,133.5,United Kingdom,2011-11-29 15:39:00,10,5,1,1,511,New Customers,Medium Value
14350,274,3,972.03,United Kingdom,2011-03-10 14:14:00,430,2,3,3,233,At Risk,Low Value/At Risk
14351,165,1,51.0,United Kingdom,2011-06-28 11:56:00,165,3,1,1,311,About to Sleep,Low Value/At Risk
14352,157,4,1078.96,United Kingdom,2011-07-05 15:41:00,273,3,3,3,333,Loyal,High Value
14353,215,3,376.5,United Kingdom,2011-05-08 16:06:00,432,2,3,2,232,At Risk,Low Value/At Risk
14354,6,2,163.62,United Kingdom,2011-12-04 11:32:00,30,5,2,1,521,New Customers,Medium Value
14355,366,3,1014.45,United Kingdom,2010-12-09 12:16:00,627,2,3,3,233,At Risk,Low Value/At Risk
14356,80,2,701.23,United Kingdom,2011-09-21 09:18:00,81,3,2,3,323,Need Attention,Medium Value
14357,43,1,225.77,United Kingdom,2011-10-27 16:23:00,43,4,1,1,411,New Customers,Medium Value
14358,389,2,400.06,United Kingdom,2010-11-15 15:51:00,428,2,2,2,222,Need Attention,Medium Value
14359,19,3,912.18,United Kingdom,2011-11-20 13:17:00,88,5,3,3,533,Loyal,High Value
14360,32,4,2128.23,United Kingdom,2011-11-08 09:12:00,95,4,3,4,434,Loyal,High Value
14361,579,1,214.70999999999998,United Kingdom,2010-05-10 12:29:00,579,1,1,1,111,At Risk,Low Value/At Risk
14362,22,1,161.2,United Kingdom,2011-11-17 15:08:00,22,4,1,1,411,New Customers,Medium Value
14363,402,2,227.47000000000003,United Kingdom,2010-11-02 17:01:00,451,2,2,1,221,Need Attention,Medium Value
14364,109,8,3717.35,United Kingdom,2011-08-23 11:01:00,211,3,4,5,345,Loyal,High Value
14365,395,2,634.68,United Kingdom,2010-11-10 09:52:00,682,2,2,3,223,Need Attention,Medium Value
14366,525,1,136.0,United Kingdom,2010-07-02 17:23:00,525,1,1,1,111,At Risk,Low Value/At Risk
14367,8,16,9261.52,United Kingdom,2011-12-01 13:19:00,276,5,5,5,555,Champions,High Value
14368,320,1,155.0,United Kingdom,2011-01-24 09:52:00,320,2,1,1,211,About to Sleep,Low Value/At Risk
14369,642,2,469.13,United Kingdom,2010-03-07 15:47:00,662,1,2,2,122,At Risk,Low Value/At Risk
14370,451,6,1175.78,United Kingdom,2010-09-15 10:53:00,677,1,4,3,143,At Risk,Low Value/At Risk
14371,295,1,100.5,United Kingdom,2011-02-17 16:35:00,295,2,1,1,211,About to Sleep,Low Value/At Risk
14372,443,2,860.08,United Kingdom,2010-09-22 16:17:00,599,1,2,3,123,At Risk,Low Value/At Risk
14373,358,1,76.55,United Kingdom,2010-12-16 15:40:00,358,2,1,1,211,About to Sleep,Low Value/At Risk
14374,541,1,108.0,United Kingdom,2010-06-16 14:25:00,541,1,1,1,111,At Risk,Low Value/At Risk
14375,185,3,1132.99,United Kingdom,2011-06-07 13:44:00,541,3,3,3,333,Loyal,High Value
14376,683,1,215.46,United Kingdom,2010-01-25 15:36:00,683,1,1,1,111,At Risk,Low Value/At Risk
14377,191,2,617.05,United Kingdom,2011-06-01 13:32:00,262,2,2,2,222,Need Attention,Medium Value
14378,622,1,131.25,United Kingdom,2010-03-28 12:22:00,622,1,1,1,111,At Risk,Low Value/At Risk
14379,44,4,1268.91,United Kingdom,2011-10-26 16:43:00,480,4,3,4,434,Loyal,High Value
14380,682,1,48.96,United Kingdom,2010-01-26 17:11:00,682,1,1,1,111,At Risk,Low Value/At Risk
14381,52,2,631.34,United Kingdom,2011-10-18 17:10:00,451,4,2,3,423,New Customers,Medium Value
14382,26,2,1246.8,United Kingdom,2011-11-13 16:18:00,390,4,2,3,423,New Customers,Medium Value
14383,38,3,1247.69,United Kingdom,2011-11-01 15:53:00,164,4,3,3,433,Loyal,High Value
14384,501,1,58.5,United Kingdom,2010-07-27 09:53:00,501,1,1,1,111,At Risk,Low Value/At Risk
14385,9,3,202.11,United Kingdom,2011-11-30 15:36:00,24,5,3,1,531,Potential,High Value
14386,297,1,142.4,United Kingdom,2011-02-16 09:45:00,297,2,1,1,211,About to Sleep,Low Value/At Risk
14387,33,3,1770.56,United Kingdom,2011-11-07 12:29:00,109,4,3,4,434,Loyal,High Value
14388,10,16,6701.0,United Kingdom,2011-11-29 13:32:00,689,5,5,5,555,Champions,High Value
14389,65,5,1898.01,United Kingdom,2011-10-05 15:17:00,590,3,4,4,344,Loyal,High Value
14390,10,13,6399.83,United Kingdom,2011-11-29 13:49:00,425,5,5,5,555,Champions,High Value
14391,577,1,135.6,United Kingdom,2010-05-12 09:42:00,577,1,1,1,111,At Risk,Low Value/At Risk
14392,432,1,266.4,United Kingdom,2010-10-03 12:56:00,432,1,1,1,111,At Risk,Low Value/At Risk
14393,218,1,67.95,United Kingdom,2011-05-05 18:16:00,218,2,1,1,211,About to Sleep,Low Value/At Risk
14394,565,1,93.8,United Kingdom,2010-05-24 10:43:00,565,1,1,1,111,At Risk,Low Value/At Risk
14395,2,20,8208.01,United Kingdom,2011-12-07 14:34:00,600,5,5,5,555,Champions,High Value
14396,65,7,2121.93,United Kingdom,2011-10-05 16:09:00,737,3,4,4,344,Loyal,High Value
14397,3,19,2612.96,United Kingdom,2011-12-07 09:22:00,214,5,5,4,554,Champions,High Value
14398,401,2,707.79,United Kingdom,2010-11-03 13:46:00,528,2,2,3,223,Need Attention,Medium Value
14399,394,8,2113.16,United Kingdom,2010-11-10 13:23:00,674,2,4,4,244,At Risk,Low Value/At Risk
14400,149,3,1732.47,United Kingdom,2011-07-13 15:50:00,632,3,3,4,334,Loyal,High Value
14401,4,22,6795.9,United Kingdom,2011-12-05 13:30:00,725,5,5,5,555,Champions,High Value
14402,652,1,285.6,United Kingdom,2010-02-25 13:20:00,652,1,1,1,111,At Risk,Low Value/At Risk
14403,130,6,1880.51,United Kingdom,2011-08-01 12:57:00,639,3,4,4,344,Loyal,High Value
14404,34,13,2899.11,United Kingdom,2011-11-06 12:30:00,719,4,5,4,454,Champions,High Value
14405,387,1,195.0,United Kingdom,2010-11-18 11:40:00,387,2,1,1,211,About to Sleep,Low Value/At Risk
14406,119,1,156.75,United Kingdom,2011-08-12 16:54:00,119,3,1,1,311,About to Sleep,Low Value/At Risk
14407,107,6,2157.73,United Kingdom,2011-08-24 14:02:00,277,3,4,4,344,Loyal,High Value
14408,11,11,4109.77,United Kingdom,2011-11-29 11:41:00,733,5,5,5,555,Champions,High Value
14409,71,9,3756.09,United Kingdom,2011-09-29 18:18:00,567,3,5,5,355,Loyal,High Value
14410,92,11,2651.14,United Kingdom,2011-09-08 15:08:00,437,3,5,4,354,Loyal,High Value
14411,311,1,1063.0,United Kingdom,2011-02-02 10:56:00,311,2,1,3,213,About to Sleep,Low Value/At Risk
14412,43,3,1426.19,United Kingdom,2011-10-28 10:45:00,425,4,3,4,434,Loyal,High Value
14413,362,4,770.37,United Kingdom,2010-12-12 13:37:00,689,2,3,3,233,At Risk,Low Value/At Risk
14414,92,8,2399.33,United Kingdom,2011-09-09 12:09:00,375,3,4,4,344,Loyal,High Value
14415,1,23,12091.6,United Kingdom,2011-12-08 14:38:00,723,5,5,5,555,Champions,High Value
14416,22,2,490.22,United Kingdom,2011-11-17 15:22:00,42,4,2,2,422,New Customers,Medium Value
14417,388,1,604.2,United Kingdom,2010-11-17 10:55:00,388,2,1,2,212,About to Sleep,Low Value/At Risk
14418,4,3,1937.25,United Kingdom,2011-12-06 11:39:00,108,5,3,4,534,Loyal,High Value
14419,11,7,1260.91,United Kingdom,2011-11-29 11:22:00,383,5,4,4,544,Champions,High Value
14420,99,4,1639.17,United Kingdom,2011-09-01 18:07:00,692,3,3,4,334,Loyal,High Value
14421,57,6,2469.37,United Kingdom,2011-10-13 13:24:00,692,4,4,4,444,Champions,High Value
14422,1,19,10271.52,United Kingdom,2011-12-09 11:26:00,723,5,5,5,555,Champions,High Value
14423,218,3,916.6099999999999,United Kingdom,2011-05-05 15:12:00,695,2,3,3,233,At Risk,Low Value/At Risk
14424,18,1,322.08,United Kingdom,2011-11-22 11:48:00,18,5,1,2,512,New Customers,Medium Value
14425,435,3,661.39,United Kingdom,2010-10-01 10:24:00,738,1,3,3,133,At Risk,Low Value/At Risk
14426,24,17,11727.94,United Kingdom,2011-11-16 12:25:00,645,4,5,5,455,Champions,High Value
14427,50,4,1263.52,United Kingdom,2011-10-20 14:23:00,632,4,3,4,434,Loyal,High Value
14428,7,5,1244.83,United Kingdom,2011-12-02 13:17:00,325,5,4,3,543,Loyal,High Value
14429,404,1,516.28,United Kingdom,2010-11-01 10:08:00,404,2,1,2,212,About to Sleep,Low Value/At Risk
14430,512,3,1220.9,United Kingdom,2010-07-16 11:35:00,607,1,3,3,133,At Risk,Low Value/At Risk
14431,303,4,2614.2,United Kingdom,2011-02-10 10:40:00,688,2,3,4,234,At Risk,Low Value/At Risk
14432,10,6,2255.51,United Kingdom,2011-11-30 08:04:00,89,5,4,4,544,Champions,High Value
14433,466,1,289.6,United Kingdom,2010-08-31 12:35:00,466,1,1,1,111,At Risk,Low Value/At Risk
14434,22,6,1372.8,United Kingdom,2011-11-18 08:56:00,72,4,4,4,444,Champions,High Value
14435,502,1,90.42,United Kingdom,2010-07-26 12:33:00,502,1,1,1,111,At Risk,Low Value/At Risk
14436,99,2,271.70000000000005,United Kingdom,2011-09-02 10:13:00,554,3,2,1,321,Need Attention,Medium Value
14437,366,5,958.84,United Kingdom,2010-12-09 09:27:00,584,2,4,3,243,At Risk,Low Value/At Risk
14438,306,1,131.9,United Kingdom,2011-02-06 14:56:00,306,2,1,1,211,About to Sleep,Low Value/At Risk
14439,320,5,9443.04,Greece,2011-01-24 11:39:00,687,2,4,5,245,At Risk,Low Value/At Risk
14440,8,13,6638.7300000000005,United Kingdom,2011-12-01 15:42:00,738,5,5,5,555,Champions,High Value
14441,1,11,4611.6900000000005,United Kingdom,2011-12-09 09:07:00,691,5,5,5,555,Champions,High Value
14442,205,7,5367.0199999999995,Channel Islands,2011-05-19 11:36:00,690,2,4,5,245,At Risk,Low Value/At Risk
14443,54,5,2386.47,United Kingdom,2011-10-17 10:10:00,379,4,4,4,444,Champions,High Value
14444,456,1,132.04,United Kingdom,2010-09-09 18:56:00,456,1,1,1,111,At Risk,Low Value/At Risk
14445,456,1,221.65,United Kingdom,2010-09-10 11:09:00,456,1,1,1,111,At Risk,Low Value/At Risk
14446,1,5,1241.31,United Kingdom,2011-12-09 11:34:00,387,5,4,3,543,Loyal,High Value
14447,19,6,1711.73,United Kingdom,2011-11-21 08:28:00,400,5,4,4,544,Champions,High Value
14448,9,2,375.35,United Kingdom,2011-11-30 13:50:00,364,5,2,2,522,New Customers,Medium Value
14449,19,8,2482.8,United Kingdom,2011-11-21 12:06:00,436,5,4,4,544,Champions,High Value
14450,181,7,1128.44,United Kingdom,2011-06-12 10:46:00,611,3,4,3,343,Loyal,High Value
14451,60,12,3308.77,United Kingdom,2011-10-10 13:38:00,692,3,5,5,355,Loyal,High Value
14452,11,4,665.59,United Kingdom,2011-11-29 12:06:00,521,5,3,3,533,Loyal,High Value
14453,190,1,119.93,United Kingdom,2011-06-02 14:15:00,190,2,1,1,211,About to Sleep,Low Value/At Risk
14454,376,5,977.3,United Kingdom,2010-11-28 13:26:00,733,2,4,3,243,At Risk,Low Value/At Risk
14455,432,4,628.21,United Kingdom,2010-10-03 15:48:00,495,1,3,3,133,At Risk,Low Value/At Risk
14456,5,9,3062.4,United Kingdom,2011-12-04 13:59:00,142,5,5,5,555,Champions,High Value
14457,311,1,113.64,United Kingdom,2011-02-02 09:39:00,311,2,1,1,211,About to Sleep,Low Value/At Risk
14458,381,1,237.42,United Kingdom,2010-11-24 12:43:00,381,2,1,1,211,About to Sleep,Low Value/At Risk
14459,155,2,5375.741,United Kingdom,2011-07-07 13:35:00,651,3,2,5,325,Need Attention,Medium Value
14460,110,9,1093.5,United Kingdom,2011-08-21 14:19:00,724,3,5,3,353,Loyal,High Value
14461,148,13,6713.5,United Kingdom,2011-07-14 17:11:00,691,3,5,5,355,Loyal,High Value
14462,66,12,2270.01,United Kingdom,2011-10-04 15:55:00,432,3,5,4,354,Loyal,High Value
14463,98,4,786.5699999999999,United Kingdom,2011-09-02 15:20:00,500,3,3,3,333,Loyal,High Value
14464,568,2,111.0,United Kingdom,2010-05-20 18:00:00,627,1,2,1,121,At Risk,Low Value/At Risk
14465,247,11,3946.03,United Kingdom,2011-04-07 12:38:00,701,2,5,5,255,At Risk,Low Value/At Risk
14466,29,13,4646.9,United Kingdom,2011-11-10 14:07:00,726,4,5,5,455,Champions,High Value
14467,18,12,2220.9900000000002,United Kingdom,2011-11-22 12:48:00,738,5,5,4,554,Champions,High Value
14468,734,1,204.24,United Kingdom,2009-12-06 12:21:00,734,1,1,1,111,At Risk,Low Value/At Risk
14469,416,4,2112.21,United Kingdom,2010-10-19 14:30:00,680,1,3,4,134,At Risk,Low Value/At Risk
14470,12,3,712.04,United Kingdom,2011-11-28 10:31:00,431,5,3,3,533,Loyal,High Value
14471,591,2,400.95,United Kingdom,2010-04-27 17:12:00,733,1,2,2,122,At Risk,Low Value/At Risk
14472,104,9,2228.22,United Kingdom,2011-08-28 11:01:00,689,3,5,4,354,Loyal,High Value
14473,74,2,234.34000000000003,United Kingdom,2011-09-26 15:10:00,282,3,2,1,321,Need Attention,Medium Value
14474,46,2,1278.08,United Kingdom,2011-10-24 13:26:00,580,4,2,4,424,New Customers,Medium Value
14475,72,4,1151.15,United Kingdom,2011-09-29 10:46:00,409,3,3,3,333,Loyal,High Value
14476,257,1,215.7,United Kingdom,2011-03-27 15:39:00,257,2,1,1,211,About to Sleep,Low Value/At Risk
14477,20,7,1969.6,United Kingdom,2011-11-20 11:11:00,704,4,4,4,444,Champions,High Value
14478,382,4,1276.66,United Kingdom,2010-11-22 15:29:00,738,2,3,4,234,At Risk,Low Value/At Risk
14479,254,4,1299.11,United Kingdom,2011-03-31 09:07:00,733,2,3,4,234,At Risk,Low Value/At Risk
14480,11,4,1299.52,United Kingdom,2011-11-28 16:35:00,718,5,3,4,534,Loyal,High Value
14481,165,5,2311.4900000000002,United Kingdom,2011-06-28 10:38:00,678,3,4,4,344,Loyal,High Value
14482,18,12,4357.91,United Kingdom,2011-11-21 13:14:00,470,5,5,5,555,Champions,High Value
14483,282,2,257.1,United Kingdom,2011-03-03 10:26:00,737,2,2,1,221,Need Attention,Medium Value
14484,50,4,1070.98,United Kingdom,2011-10-20 14:11:00,723,4,3,3,433,Loyal,High Value
14485,39,1,165.75,United Kingdom,2011-11-01 12:25:00,39,4,1,1,411,New Customers,Medium Value
14486,512,2,175.5,United Kingdom,2010-07-16 09:42:00,554,1,2,1,121,At Risk,Low Value/At Risk
14487,27,7,1453.61,United Kingdom,2011-11-13 12:17:00,379,4,4,4,444,Champions,High Value
14488,68,1,1064.28,United Kingdom,2011-10-03 09:30:00,68,3,1,3,313,About to Sleep,Low Value/At Risk
14489,207,4,1574.93,United Kingdom,2011-05-16 14:51:00,613,2,3,4,234,At Risk,Low Value/At Risk
14490,406,2,1273.47,United Kingdom,2010-10-29 15:04:00,429,2,2,4,224,Need Attention,Medium Value
14491,175,2,468.13,United Kingdom,2011-06-17 15:22:00,373,3,2,2,322,Need Attention,Medium Value
14492,430,7,1921.91,United Kingdom,2010-10-05 13:21:00,619,1,4,4,144,At Risk,Low Value/At Risk
14493,7,10,5130.15,United Kingdom,2011-12-02 16:14:00,642,5,5,5,555,Champions,High Value
14494,26,3,401.46,United Kingdom,2011-11-14 09:21:00,731,4,3,2,432,Potential,High Value
14495,51,3,174.8,United Kingdom,2011-10-20 12:28:00,660,4,3,1,431,Potential,High Value
14496,312,7,2668.23,United Kingdom,2011-02-01 09:01:00,633,2,4,4,244,At Risk,Low Value/At Risk
14497,309,2,697.0600000000001,United Kingdom,2011-02-03 17:01:00,674,2,2,3,223,Need Attention,Medium Value
14498,43,10,3911.27,United Kingdom,2011-10-28 12:09:00,550,4,5,5,455,Champions,High Value
14499,26,7,2138.9700000000003,United Kingdom,2011-11-13 13:01:00,470,4,4,4,444,Champions,High Value
14500,88,3,356.85,United Kingdom,2011-09-12 16:45:00,190,3,3,2,332,Potential,High Value
14501,184,2,251.21,United Kingdom,2011-06-09 12:02:00,320,3,2,1,321,Need Attention,Medium Value
14502,20,11,2470.67,United Kingdom,2011-11-20 11:50:00,313,4,5,4,454,Champions,High Value
14503,3,6,3543.26,United Kingdom,2011-12-06 13:30:00,179,5,4,5,545,Champions,High Value
14504,47,4,673.26,United Kingdom,2011-10-23 16:00:00,278,4,3,3,433,Loyal,High Value
14505,17,19,12001.84,United Kingdom,2011-11-22 15:45:00,730,5,5,5,555,Champions,High Value
14506,17,7,3290.67,United Kingdom,2011-11-22 13:02:00,600,5,4,5,545,Champions,High Value
14507,24,11,3284.43,United Kingdom,2011-11-16 12:21:00,729,4,5,5,455,Champions,High Value
14508,22,5,874.94,United Kingdom,2011-11-17 19:48:00,540,4,4,3,443,Loyal,High Value
14509,534,1,110.95,United Kingdom,2010-06-23 13:21:00,534,1,1,1,111,At Risk,Low Value/At Risk
14510,376,3,1007.28,United Kingdom,2010-11-29 12:46:00,436,2,3,3,233,At Risk,Low Value/At Risk
14511,11,5,1314.81,United Kingdom,2011-11-28 17:05:00,134,5,4,4,544,Champions,High Value
14512,188,7,1223.47,United Kingdom,2011-06-05 12:39:00,732,3,4,3,343,Loyal,High Value
14513,101,6,788.01,United Kingdom,2011-08-31 11:25:00,568,3,4,3,343,Loyal,High Value
14514,61,9,4598.9800000000005,United Kingdom,2011-10-09 16:05:00,726,3,5,5,355,Loyal,High Value
14515,18,12,3749.2599999999998,United Kingdom,2011-11-22 11:37:00,551,5,5,5,555,Champions,High Value
14516,516,1,163.92,United Kingdom,2010-07-11 14:07:00,516,1,1,1,111,At Risk,Low Value/At Risk
14517,33,2,330.45,United Kingdom,2011-11-06 14:20:00,142,4,2,2,422,New Customers,Medium Value
14518,64,1,174.37,United Kingdom,2011-10-06 14:43:00,64,3,1,1,311,About to Sleep,Low Value/At Risk
14519,684,2,206.09,United Kingdom,2010-01-25 11:18:00,729,1,2,1,121,At Risk,Low Value/At Risk
14520,2,2,270.6,United Kingdom,2011-12-08 09:46:00,291,5,2,1,521,New Customers,Medium Value
14521,491,1,199.45000000000002,United Kingdom,2010-08-05 16:35:00,491,1,1,1,111,At Risk,Low Value/At Risk
14522,24,8,1758.6200000000001,United Kingdom,2011-11-15 13:24:00,684,4,4,4,444,Champions,High Value
14523,108,1,241.09,United Kingdom,2011-08-23 13:13:00,108,3,1,1,311,About to Sleep,Low Value/At Risk
14524,32,13,2933.71,United Kingdom,2011-11-08 12:29:00,417,4,5,4,454,Champions,High Value
14525,20,17,8240.64,United Kingdom,2011-11-20 11:37:00,726,4,5,5,455,Champions,High Value
14526,389,1,262.4,United Kingdom,2010-11-15 13:32:00,389,2,1,1,211,About to Sleep,Low Value/At Risk
14527,3,122,27792.3,United Kingdom,2011-12-07 12:19:00,738,5,5,5,555,Champions,High Value
14528,37,1,364.21999999999997,United Kingdom,2011-11-02 17:09:00,37,4,1,2,412,New Customers,Medium Value
14529,60,3,620.04,United Kingdom,2011-10-10 15:27:00,110,3,3,3,333,Loyal,High Value
14530,26,16,6197.4,United Kingdom,2011-11-14 10:38:00,688,4,5,5,455,Champions,High Value
14531,480,1,376.34,United Kingdom,2010-08-17 10:16:00,480,1,1,2,112,At Risk,Low Value/At Risk
14532,236,11,3859.1800000000003,United Kingdom,2011-04-17 13:05:00,699,2,5,5,255,At Risk,Low Value/At Risk
14533,25,11,3466.37,United Kingdom,2011-11-15 12:05:00,611,4,5,5,455,Champions,High Value
14534,3,26,6271.11,United Kingdom,2011-12-07 12:19:00,634,5,5,5,555,Champions,High Value
14535,60,9,6030.7300000000005,United Kingdom,2011-10-10 15:39:00,653,3,5,5,355,Loyal,High Value
14536,260,1,171.8,United Kingdom,2011-03-25 12:21:00,260,2,1,1,211,About to Sleep,Low Value/At Risk
14537,58,2,641.4,United Kingdom,2011-10-13 10:54:00,623,4,2,3,423,New Customers,Medium Value
14538,65,5,1370.8400000000001,United Kingdom,2011-10-06 10:31:00,683,3,4,4,344,Loyal,High Value
14539,16,2,537.48,United Kingdom,2011-11-24 09:50:00,45,5,2,2,522,New Customers,Medium Value
14540,10,11,3795.34,United Kingdom,2011-11-30 10:15:00,732,5,5,5,555,Champions,High Value
14541,59,14,2499.68,United Kingdom,2011-10-12 10:08:00,702,4,5,4,454,Champions,High Value
14542,186,1,103.25,United Kingdom,2011-06-07 08:19:00,186,3,1,1,311,About to Sleep,Low Value/At Risk
14543,29,39,14906.77,United Kingdom,2011-11-11 12:45:00,738,4,5,5,455,Champions,High Value
14544,24,3,2982.43,United Kingdom,2011-11-15 15:06:00,470,4,3,5,435,Loyal,High Value
14545,674,1,349.25,United Kingdom,2010-02-03 15:23:00,674,1,1,2,112,At Risk,Low Value/At Risk
14546,5,11,5197.9,United Kingdom,2011-12-04 13:00:00,733,5,5,5,555,Champions,High Value
14547,4,8,4007.54,United Kingdom,2011-12-06 11:06:00,54,5,4,5,545,Champions,High Value
14548,151,9,2627.49,United Kingdom,2011-07-12 12:19:00,733,3,5,4,354,Loyal,High Value
14549,311,4,916.5500000000001,United Kingdom,2011-02-01 13:47:00,737,2,3,3,233,At Risk,Low Value/At Risk
14550,11,4,1353.31,United Kingdom,2011-11-29 12:12:00,484,5,3,4,534,Loyal,High Value
14551,18,7,880.04,United Kingdom,2011-11-21 13:36:00,682,5,4,3,543,Loyal,High Value
14552,152,3,511.28000000000003,United Kingdom,2011-07-11 12:49:00,592,3,3,2,332,Potential,High Value
14553,19,9,1841.54,United Kingdom,2011-11-20 13:20:00,510,5,5,4,554,Champions,High Value
14554,10,4,2381.04,United Kingdom,2011-11-29 16:44:00,52,5,3,4,534,Loyal,High Value
14555,57,6,2315.63,United Kingdom,2011-10-13 16:24:00,722,4,4,4,444,Champions,High Value
14556,596,3,835.34,United Kingdom,2010-04-22 14:57:00,689,1,3,3,133,At Risk,Low Value/At Risk
14557,85,1,788.38,United Kingdom,2011-09-15 15:48:00,85,3,1,3,313,About to Sleep,Low Value/At Risk
14558,654,3,655.5,United Kingdom,2010-02-23 12:51:00,732,1,3,3,133,At Risk,Low Value/At Risk
14559,390,1,75.6,United Kingdom,2010-11-14 16:05:00,390,2,1,1,211,About to Sleep,Low Value/At Risk
14560,7,44,6114.03,United Kingdom,2011-12-02 15:22:00,738,5,5,5,555,Champions,High Value
14561,76,3,1080.76,United Kingdom,2011-09-25 12:39:00,184,3,3,3,333,Loyal,High Value
14562,4,26,6729.400000000001,United Kingdom,2011-12-06 11:05:00,670,5,5,5,555,Champions,High Value
14563,510,2,679.44,United Kingdom,2010-07-18 12:01:00,592,1,2,3,123,At Risk,Low Value/At Risk
14564,435,2,2605.62,Channel Islands,2010-10-01 09:02:00,736,1,2,4,124,At Risk,Low Value/At Risk
14565,96,5,3859.2200000000003,United Kingdom,2011-09-05 09:07:00,474,3,4,5,345,Loyal,High Value
14566,111,4,4092.0,Channel Islands,2011-08-21 11:05:00,534,3,3,5,335,Loyal,High Value
14567,57,2,1530.3600000000001,United Kingdom,2011-10-14 10:21:00,130,4,2,4,424,New Customers,Medium Value
14568,435,1,919.7,Channel Islands,2010-09-30 17:15:00,435,1,1,3,113,At Risk,Low Value/At Risk
14569,1,4,598.98,United Kingdom,2011-12-08 14:58:00,604,5,3,2,532,Potential,High Value
14570,281,3,613.75,United Kingdom,2011-03-04 10:58:00,443,2,3,2,232,At Risk,Low Value/At Risk
14571,425,1,161.65,United Kingdom,2010-10-10 15:06:00,425,1,1,1,111,At Risk,Low Value/At Risk
14572,3,11,5615.18,United Kingdom,2011-12-06 14:40:00,621,5,5,5,555,Champions,High Value
14573,180,13,2621.42,United Kingdom,2011-06-13 11:15:00,700,3,5,4,354,Loyal,High Value
14574,733,1,143.70000000000002,United Kingdom,2009-12-07 12:42:00,733,1,1,1,111,At Risk,Low Value/At Risk
14575,488,1,460.71,United Kingdom,2010-08-08 14:51:00,488,1,1,2,112,At Risk,Low Value/At Risk
14576,372,1,70.80000000000001,United Kingdom,2010-12-02 17:51:00,372,2,1,1,211,About to Sleep,Low Value/At Risk
14577,13,7,1374.25,United Kingdom,2011-11-27 12:47:00,729,5,4,4,544,Champions,High Value
14578,3,1,168.63,United Kingdom,2011-12-06 17:18:00,3,5,1,1,511,New Customers,Medium Value
14579,432,1,105.56,United Kingdom,2010-10-03 14:36:00,432,1,1,1,111,At Risk,Low Value/At Risk
14580,518,1,14.850000000000001,United Kingdom,2010-07-09 15:20:00,518,1,1,1,111,At Risk,Low Value/At Risk
14581,17,2,433.8,United Kingdom,2011-11-23 12:39:00,544,5,2,2,522,New Customers,Medium Value
14582,41,1,114.11,United Kingdom,2011-10-30 11:56:00,41,4,1,1,411,New Customers,Medium Value
14583,6,8,1781.03,United Kingdom,2011-12-04 12:32:00,621,5,4,4,544,Champions,High Value
14584,169,8,1747.91,United Kingdom,2011-06-23 18:33:00,660,3,4,4,344,Loyal,High Value
14585,50,5,1143.27,United Kingdom,2011-10-20 14:33:00,417,4,4,3,443,Loyal,High Value
14586,277,1,237.36,United Kingdom,2011-03-08 10:04:00,277,2,1,1,211,About to Sleep,Low Value/At Risk
14587,19,9,1601.14,United Kingdom,2011-11-21 11:34:00,331,5,5,4,554,Champions,High Value
14588,578,1,135.39,United Kingdom,2010-05-10 15:08:00,578,1,1,1,111,At Risk,Low Value/At Risk
14589,372,1,79.5,United Kingdom,2010-12-03 11:42:00,372,2,1,1,211,About to Sleep,Low Value/At Risk
14590,425,20,3006.62,United Kingdom,2010-10-11 12:06:00,732,1,5,5,155,At Risk,Low Value/At Risk
14591,15,4,1447.14,United Kingdom,2011-11-24 13:57:00,213,5,3,4,534,Loyal,High Value
14592,35,3,570.46,United Kingdom,2011-11-04 16:35:00,64,4,3,2,432,Potential,High Value
14593,22,12,3712.0099999999998,United Kingdom,2011-11-18 12:48:00,730,4,5,5,455,Champions,High Value
14594,7,2,634.83,United Kingdom,2011-12-02 13:28:00,373,5,2,3,523,New Customers,Medium Value
14595,20,8,2164.45,United Kingdom,2011-11-20 12:12:00,688,4,4,4,444,Champions,High Value
14596,627,1,229.47,United Kingdom,2010-03-23 12:13:00,627,1,1,1,111,At Risk,Low Value/At Risk
14597,11,6,2201.54,United Kingdom,2011-11-28 13:13:00,437,5,4,4,544,Champions,High Value
14598,44,2,384.04,United Kingdom,2011-10-26 13:19:00,569,4,2,2,422,New Customers,Medium Value
14599,390,2,474.54,United Kingdom,2010-11-14 14:49:00,509,2,2,2,222,Need Attention,Medium Value
14600,306,2,865.1700000000001,United Kingdom,2011-02-07 09:48:00,393,2,2,3,223,Need Attention,Medium Value
14601,11,1,213.96,United Kingdom,2011-11-29 09:48:00,11,5,1,1,511,New Customers,Medium Value
14602,656,1,205.35999999999999,United Kingdom,2010-02-21 15:47:00,656,1,1,1,111,At Risk,Low Value/At Risk
14603,275,1,660.0,United Kingdom,2011-03-10 10:27:00,275,2,1,3,213,About to Sleep,Low Value/At Risk
14604,633,1,143.85999999999999,United Kingdom,2010-03-16 13:00:00,633,1,1,1,111,At Risk,Low Value/At Risk
14605,374,4,937.16,United Kingdom,2010-11-30 14:07:00,731,2,3,3,233,At Risk,Low Value/At Risk
14606,1,192,30861.06,United Kingdom,2011-12-08 19:28:00,737,5,5,5,555,Champions,High Value
14607,16,22,24137.63,United Kingdom,2011-11-24 10:35:00,725,5,5,5,555,Champions,High Value
14608,4,11,3352.94,United Kingdom,2011-12-05 16:52:00,734,5,5,5,555,Champions,High Value
14609,72,10,1486.2,United Kingdom,2011-09-28 12:54:00,669,3,5,4,354,Loyal,High Value
14610,396,2,24.35,United Kingdom,2010-11-09 10:58:00,514,2,2,1,221,Need Attention,Medium Value
14611,444,2,604.3299999999999,United Kingdom,2010-09-22 09:19:00,599,1,2,2,122,At Risk,Low Value/At Risk
14612,415,1,877.7,United Kingdom,2010-10-20 16:01:00,415,1,1,3,113,At Risk,Low Value/At Risk
14613,680,1,76.32000000000001,United Kingdom,2010-01-28 13:02:00,680,1,1,1,111,At Risk,Low Value/At Risk
14614,386,1,295.13,United Kingdom,2010-11-18 13:04:00,386,2,1,2,212,About to Sleep,Low Value/At Risk
14615,394,5,951.76,United Kingdom,2010-11-10 13:36:00,548,2,4,3,243,At Risk,Low Value/At Risk
14616,243,5,527.78,United Kingdom,2011-04-11 09:54:00,549,2,4,2,242,At Risk,Low Value/At Risk
14617,403,2,190.47000000000003,United Kingdom,2010-11-02 11:41:00,416,2,2,1,221,Need Attention,Medium Value
14618,9,7,1342.32,United Kingdom,2011-11-30 13:45:00,547,5,4,4,544,Champions,High Value
14619,246,2,1291.24,United Kingdom,2011-04-08 07:37:00,541,2,2,4,224,Need Attention,Medium Value
14620,206,2,412.78000000000003,United Kingdom,2011-05-18 11:58:00,284,2,2,2,222,Need Attention,Medium Value
14621,1,9,3000.57,United Kingdom,2011-12-08 16:22:00,684,5,5,5,555,Champions,High Value
14622,185,1,320.58000000000004,United Kingdom,2011-06-08 12:42:00,185,3,1,2,312,About to Sleep,Low Value/At Risk
14623,32,10,2059.58,United Kingdom,2011-11-07 13:56:00,602,4,5,4,454,Champions,High Value
14624,57,6,814.07,United Kingdom,2011-10-13 13:44:00,605,4,4,3,443,Loyal,High Value
14625,196,11,4497.88,United Kingdom,2011-05-27 15:32:00,723,2,5,5,255,At Risk,Low Value/At Risk
14626,24,11,5410.92,United Kingdom,2011-11-16 10:37:00,729,4,5,5,455,Champions,High Value
14627,379,1,462.75,United Kingdom,2010-11-25 16:32:00,379,2,1,2,212,About to Sleep,Low Value/At Risk
14628,91,5,1998.0,United Kingdom,2011-09-09 14:58:00,683,3,4,4,344,Loyal,High Value
14629,4,2,959.01,United Kingdom,2011-12-05 16:55:00,47,5,2,3,523,New Customers,Medium Value
14630,484,1,338.65,United Kingdom,2010-08-12 16:38:00,484,1,1,2,112,At Risk,Low Value/At Risk
14631,51,6,2025.69,United Kingdom,2011-10-20 11:17:00,487,4,4,4,444,Champions,High Value
14632,263,1,114.56,United Kingdom,2011-03-22 08:49:00,263,2,1,1,211,About to Sleep,Low Value/At Risk
14633,266,1,344.90000000000003,United Kingdom,2011-03-18 17:07:00,266,2,1,2,212,About to Sleep,Low Value/At Risk
14634,438,4,2124.46,United Kingdom,2010-09-28 10:40:00,542,1,3,4,134,At Risk,Low Value/At Risk
14635,454,1,215.22,United Kingdom,2010-09-12 10:47:00,454,1,1,1,111,At Risk,Low Value/At Risk
14636,36,2,609.85,United Kingdom,2011-11-03 16:12:00,269,4,2,2,422,New Customers,Medium Value
14637,677,1,106.67999999999999,United Kingdom,2010-01-31 15:52:00,677,1,1,1,111,At Risk,Low Value/At Risk
14638,51,1,443.6,United Kingdom,2011-10-20 10:10:00,51,4,1,2,412,New Customers,Medium Value
14639,52,9,4978.96,United Kingdom,2011-10-18 15:06:00,662,4,5,5,455,Champions,High Value
14640,24,10,3667.06,United Kingdom,2011-11-15 13:07:00,686,4,5,5,455,Champions,High Value
14641,22,1,110.46,United Kingdom,2011-11-18 10:42:00,22,4,1,1,411,New Customers,Medium Value
14642,59,1,96.12,United Kingdom,2011-10-12 11:08:00,59,4,1,1,411,New Customers,Medium Value
14643,170,5,1679.89,United Kingdom,2011-06-22 14:41:00,729,3,4,4,344,Loyal,High Value
14644,68,7,2247.72,United Kingdom,2011-10-03 08:30:00,736,3,4,4,344,Loyal,High Value
14645,157,3,876.89,United Kingdom,2011-07-06 09:15:00,635,3,3,3,333,Loyal,High Value
14646,2,151,528602.52,Netherlands,2011-12-08 12:12:00,737,5,5,5,555,Champions,High Value
14647,201,2,519.97,United Kingdom,2011-05-22 13:40:00,523,2,2,2,222,Need Attention,Medium Value
14648,416,15,4546.86,United Kingdom,2010-10-19 13:12:00,729,1,5,5,155,At Risk,Low Value/At Risk
14649,5,9,3775.31,United Kingdom,2011-12-05 12:30:00,688,5,5,5,555,Champions,High Value
14650,589,1,62.5,United Kingdom,2010-04-29 20:27:00,589,1,1,1,111,At Risk,Low Value/At Risk
14651,67,9,2034.1200000000001,United Kingdom,2011-10-03 15:52:00,632,3,5,4,354,Loyal,High Value
14652,77,1,114.18,United Kingdom,2011-09-23 14:21:00,77,3,1,1,311,About to Sleep,Low Value/At Risk
14653,1,12,3614.54,United Kingdom,2011-12-08 13:45:00,738,5,5,5,555,Champions,High Value
14654,738,1,246.86,United Kingdom,2009-12-01 12:57:00,738,1,1,1,111,At Risk,Low Value/At Risk
14655,8,7,3878.51,United Kingdom,2011-12-01 16:28:00,596,5,4,5,545,Champions,High Value
14656,169,5,814.65,United Kingdom,2011-06-23 13:51:00,604,3,4,3,343,Loyal,High Value
14657,18,6,1460.8700000000001,United Kingdom,2011-11-22 12:47:00,435,5,4,4,544,Champions,High Value
14658,5,2,247.15,United Kingdom,2011-12-04 15:35:00,117,5,2,1,521,New Customers,Medium Value
14659,9,9,2529.93,United Kingdom,2011-12-01 12:17:00,316,5,5,4,554,Champions,High Value
14660,87,2,285.74,United Kingdom,2011-09-14 11:34:00,101,3,2,1,321,Need Attention,Medium Value
14661,27,1,107.95,United Kingdom,2011-11-13 11:51:00,27,4,1,1,411,New Customers,Medium Value
14662,29,7,1416.33,United Kingdom,2011-11-11 12:13:00,736,4,4,4,444,Champions,High Value
14663,430,2,490.6,United Kingdom,2010-10-05 13:21:00,430,1,2,2,122,At Risk,Low Value/At Risk
14664,20,2,637.89,United Kingdom,2011-11-20 10:59:00,33,4,2,3,423,New Customers,Medium Value
14665,61,7,2749.65,United Kingdom,2011-10-10 09:14:00,593,3,4,4,344,Loyal,High Value
14666,24,1,195.25,United Kingdom,2011-11-15 12:57:00,24,4,1,1,411,New Customers,Medium Value
14667,11,54,21927.14,United Kingdom,2011-11-29 11:30:00,738,5,5,5,555,Champions,High Value
14668,445,1,111.63,United Kingdom,2010-09-20 15:03:00,445,1,1,1,111,At Risk,Low Value/At Risk
14669,242,7,3243.93,United Kingdom,2011-04-12 11:43:00,737,2,4,5,245,At Risk,Low Value/At Risk
14670,280,3,602.0,United Kingdom,2011-03-04 14:13:00,732,2,3,2,232,At Risk,Low Value/At Risk
14671,549,2,1127.45,United Kingdom,2010-06-08 13:39:00,568,1,2,3,123,At Risk,Low Value/At Risk
14672,235,4,1113.14,United Kingdom,2011-04-19 10:19:00,681,2,3,3,233,At Risk,Low Value/At Risk
14673,3,7,3410.81,United Kingdom,2011-12-06 14:31:00,410,5,4,5,545,Champions,High Value
14674,509,1,173.66,United Kingdom,2010-07-18 14:25:00,509,1,1,1,111,At Risk,Low Value/At Risk
14675,16,2,1066.9,United Kingdom,2011-11-23 12:58:00,389,5,2,3,523,New Customers,Medium Value
14676,31,12,8356.79,United Kingdom,2011-11-08 13:29:00,640,4,5,5,455,Champions,High Value
14677,593,1,184.91,United Kingdom,2010-04-26 09:48:00,593,1,1,1,111,At Risk,Low Value/At Risk
14678,579,1,403.39,United Kingdom,2010-05-09 14:32:00,579,1,1,2,112,At Risk,Low Value/At Risk
14679,382,3,1289.44,United Kingdom,2010-11-23 11:51:00,731,2,3,4,234,At Risk,Low Value/At Risk
14680,25,58,57412.77,United Kingdom,2011-11-14 16:59:00,736,4,5,5,455,Champions,High Value
14681,71,6,875.1500000000001,United Kingdom,2011-09-29 15:52:00,654,3,4,3,343,Loyal,High Value
14682,188,6,1514.81,United Kingdom,2011-06-05 12:12:00,672,3,4,4,344,Loyal,High Value
14683,588,1,146.56,United Kingdom,2010-04-30 17:18:00,588,1,1,1,111,At Risk,Low Value/At Risk
14684,26,6,1468.55,United Kingdom,2011-11-14 11:33:00,390,4,4,4,444,Champions,High Value
14685,576,8,4619.79,United Kingdom,2010-05-12 13:08:00,727,1,4,5,145,At Risk,Low Value/At Risk
14686,414,5,885.83,United Kingdom,2010-10-21 18:31:00,659,1,4,3,143,At Risk,Low Value/At Risk
14687,107,3,1402.06,United Kingdom,2011-08-25 11:59:00,552,3,3,4,334,Loyal,High Value
14688,8,28,7713.57,United Kingdom,2011-12-02 12:26:00,457,5,5,5,555,Champions,High Value
14689,209,1,112.8,United Kingdom,2011-05-15 11:22:00,209,2,1,1,211,About to Sleep,Low Value/At Risk
14690,44,4,794.33,United Kingdom,2011-10-26 15:39:00,411,4,3,3,433,Loyal,High Value
14691,31,5,2114.33,United Kingdom,2011-11-09 12:30:00,213,4,4,4,444,Champions,High Value
14692,137,12,1745.09,United Kingdom,2011-07-25 15:08:00,617,3,5,4,354,Loyal,High Value
14693,265,7,1165.36,United Kingdom,2011-03-20 12:50:00,526,2,4,3,243,At Risk,Low Value/At Risk
14694,617,1,244.31,United Kingdom,2010-04-01 19:46:00,617,1,1,1,111,At Risk,Low Value/At Risk
14695,519,3,1620.07,United Kingdom,2010-07-08 14:18:00,733,1,3,4,134,At Risk,Low Value/At Risk
14696,4,8,2767.9,United Kingdom,2011-12-05 13:43:00,422,5,4,4,544,Champions,High Value
14697,218,2,188.60999999999999,United Kingdom,2011-05-05 15:39:00,218,2,2,1,221,Need Attention,Medium Value
14698,2,5,1250.76,United Kingdom,2011-12-08 12:26:00,51,5,4,4,544,Champions,High Value
14699,214,4,702.6,United Kingdom,2011-05-09 14:54:00,526,2,3,3,233,At Risk,Low Value/At Risk
14700,32,5,3116.26,United Kingdom,2011-11-07 14:40:00,486,4,4,5,445,Champions,High Value
14701,11,15,4562.09,United Kingdom,2011-11-29 12:38:00,685,5,5,5,555,Champions,High Value
14702,1,29,6754.22,United Kingdom,2011-12-08 19:29:00,729,5,5,5,555,Champions,High Value
14703,15,1,318.17,United Kingdom,2011-11-25 09:23:00,15,5,1,2,512,New Customers,Medium Value
14704,11,11,1813.57,United Kingdom,2011-11-28 12:51:00,624,5,5,4,554,Champions,High Value
14705,199,1,179.0,United Kingdom,2011-05-25 12:39:00,199,2,1,1,211,About to Sleep,Low Value/At Risk
14706,619,1,390.69,United Kingdom,2010-03-31 11:09:00,619,1,1,2,112,At Risk,Low Value/At Risk
14707,436,2,139.2,United Kingdom,2010-09-30 11:37:00,577,1,2,1,121,At Risk,Low Value/At Risk
14708,3,5,2212.2799999999997,United Kingdom,2011-12-07 08:21:00,456,5,4,4,544,Champions,High Value
14709,15,25,8886.33,United Kingdom,2011-11-24 15:41:00,734,5,5,5,555,Champions,High Value
14710,14,13,1922.59,United Kingdom,2011-11-25 14:53:00,736,5,5,4,554,Champions,High Value
14711,10,11,2868.8,United Kingdom,2011-11-29 14:58:00,262,5,5,4,554,Champions,High Value
14712,29,4,1328.0700000000002,United Kingdom,2011-11-10 12:59:00,418,4,3,4,434,Loyal,High Value
14713,9,21,5418.87,United Kingdom,2011-11-30 16:26:00,736,5,5,5,555,Champions,High Value
14714,24,4,906.24,United Kingdom,2011-11-15 13:07:00,688,4,3,3,433,Loyal,High Value
14715,25,8,1840.45,United Kingdom,2011-11-15 12:10:00,690,4,4,4,444,Champions,High Value
14716,43,3,565.45,United Kingdom,2011-10-27 17:29:00,445,4,3,2,432,Potential,High Value
14717,733,1,81.3,United Kingdom,2009-12-06 13:05:00,733,1,1,1,111,At Risk,Low Value/At Risk
14718,410,1,226.42,United Kingdom,2010-10-25 13:07:00,410,2,1,1,211,About to Sleep,Low Value/At Risk
14719,2,5,1602.13,United Kingdom,2011-12-08 12:43:00,249,5,4,4,544,Champions,High Value
14720,6,3,663.81,United Kingdom,2011-12-04 12:02:00,127,5,3,3,533,Loyal,High Value
14721,379,1,115.77,United Kingdom,2010-11-25 13:08:00,379,2,1,1,211,About to Sleep,Low Value/At Risk
14722,147,3,513.37,United Kingdom,2011-07-15 14:58:00,486,3,3,2,332,Potential,High Value
14723,10,11,2093.06,United Kingdom,2011-11-29 15:23:00,736,5,5,4,554,Champions,High Value
14724,590,1,345.25,United Kingdom,2010-04-28 13:26:00,590,1,1,2,112,At Risk,Low Value/At Risk
14725,25,4,1315.24,United Kingdom,2011-11-15 12:42:00,535,4,3,4,434,Loyal,High Value
14726,655,1,124.75,United Kingdom,2010-02-23 12:35:00,655,1,1,1,111,At Risk,Low Value/At Risk
14727,274,3,467.92999999999995,United Kingdom,2011-03-10 14:45:00,546,2,3,2,232,At Risk,Low Value/At Risk
14728,413,1,190.58,United Kingdom,2010-10-22 15:57:00,413,1,1,1,111,At Risk,Low Value/At Risk
14729,374,3,907.38,United Kingdom,2010-12-01 12:43:00,625,2,3,3,233,At Risk,Low Value/At Risk
14730,1,8,2005.06,United Kingdom,2011-12-08 14:39:00,277,5,4,4,544,Champions,High Value
14731,47,3,380.02,United Kingdom,2011-10-23 15:54:00,212,4,3,2,432,Potential,High Value
14732,8,19,5517.07,United Kingdom,2011-12-01 14:34:00,731,5,5,5,555,Champions,High Value
14733,16,15,16184.97,United Kingdom,2011-11-23 15:39:00,402,5,5,5,555,Champions,High Value
14734,426,4,1056.42,United Kingdom,2010-10-10 12:04:00,551,1,3,3,133,At Risk,Low Value/At Risk
14735,4,56,12240.16,United Kingdom,2011-12-06 12:09:00,736,5,5,5,555,Champions,High Value
14736,485,2,401.08,United Kingdom,2010-08-11 15:21:00,485,1,2,2,122,At Risk,Low Value/At Risk
14737,4,4,3554.17,United Kingdom,2011-12-06 10:16:00,401,5,3,5,535,Loyal,High Value
14738,43,9,1821.9,United Kingdom,2011-10-28 08:56:00,733,4,5,4,454,Champions,High Value
14739,4,25,12287.5,United Kingdom,2011-12-05 16:54:00,737,5,5,5,555,Champions,High Value
14740,197,11,4161.06,United Kingdom,2011-05-26 18:17:00,653,2,5,5,255,At Risk,Low Value/At Risk
14741,12,7,1897.59,United Kingdom,2011-11-28 08:48:00,418,5,4,4,544,Champions,High Value
14742,435,1,579.85,United Kingdom,2010-09-30 14:07:00,435,1,1,2,112,At Risk,Low Value/At Risk
14743,593,1,50.48,United Kingdom,2010-04-26 10:26:00,593,1,1,1,111,At Risk,Low Value/At Risk
14744,16,14,3885.08,United Kingdom,2011-11-23 12:51:00,570,5,5,5,555,Champions,High Value
14745,113,12,2571.81,United Kingdom,2011-08-19 10:05:00,638,3,5,4,354,Loyal,High Value
14746,406,4,593.5,United Kingdom,2010-10-29 14:44:00,424,2,3,2,232,At Risk,Low Value/At Risk
14747,249,1,328.2,United Kingdom,2011-04-04 14:09:00,249,2,1,2,212,About to Sleep,Low Value/At Risk
14748,29,10,3152.32,United Kingdom,2011-11-10 18:33:00,645,4,5,5,455,Champions,High Value
14749,480,1,310.15,United Kingdom,2010-08-17 12:36:00,480,1,1,2,112,At Risk,Low Value/At Risk
14750,736,1,112.03,United Kingdom,2009-12-03 17:57:00,736,1,1,1,111,At Risk,Low Value/At Risk
14751,684,2,126.45,United Kingdom,2010-01-24 13:37:00,726,1,2,1,121,At Risk,Low Value/At Risk
14752,44,1,389.64,United Kingdom,2011-10-27 11:55:00,44,4,1,2,412,New Customers,Medium Value
14753,87,2,869.51,United Kingdom,2011-09-13 14:50:00,461,3,2,3,323,Need Attention,Medium Value
14754,45,6,1550.48,United Kingdom,2011-10-26 12:01:00,691,4,4,4,444,Champions,High Value
14755,10,25,9972.550000000001,United Kingdom,2011-11-30 11:24:00,736,5,5,5,555,Champions,High Value
14756,15,3,2653.76,United Kingdom,2011-11-24 18:13:00,425,5,3,4,534,Loyal,High Value
14757,75,1,420.5,United Kingdom,2011-09-25 14:36:00,75,3,1,2,312,About to Sleep,Low Value/At Risk
14758,145,7,2864.97,United Kingdom,2011-07-18 08:21:00,611,3,4,4,344,Loyal,High Value
14759,5,3,1625.97,United Kingdom,2011-12-05 12:03:00,233,5,3,4,534,Loyal,High Value
14760,297,1,89.2,United Kingdom,2011-02-15 16:27:00,297,2,1,1,211,About to Sleep,Low Value/At Risk
14761,59,3,447.92,United Kingdom,2011-10-12 12:10:00,444,4,3,2,432,Potential,High Value
14762,264,2,417.57,United Kingdom,2011-03-21 08:20:00,626,2,2,2,222,Need Attention,Medium Value
14764,47,1,278.3,United Kingdom,2011-10-24 11:54:00,47,4,1,1,411,New Customers,Medium Value
14765,29,3,254.11,United Kingdom,2011-11-10 19:53:00,176,4,3,1,431,Potential,High Value
14766,8,11,6556.13,United Kingdom,2011-12-01 16:05:00,552,5,5,5,555,Champions,High Value
14767,474,1,382.81,United Kingdom,2010-08-22 14:54:00,474,1,1,2,112,At Risk,Low Value/At Risk
14768,17,2,192.60000000000002,United Kingdom,2011-11-22 12:54:00,127,5,2,1,521,New Customers,Medium Value
14769,3,17,15771.88,United Kingdom,2011-12-07 10:24:00,724,5,5,5,555,Champions,High Value
14770,232,8,3637.64,United Kingdom,2011-04-21 14:21:00,652,2,4,5,245,At Risk,Low Value/At Risk
14771,621,2,594.62,United Kingdom,2010-03-28 12:52:00,737,1,2,2,122,At Risk,Low Value/At Risk
14772,112,1,139.26,United Kingdom,2011-08-19 15:04:00,112,3,1,1,311,About to Sleep,Low Value/At Risk
14773,593,1,140.55,United Kingdom,2010-04-26 10:29:00,593,1,1,1,111,At Risk,Low Value/At Risk
14774,529,1,241.45,United Kingdom,2010-06-29 12:26:00,529,1,1,1,111,At Risk,Low Value/At Risk
14775,58,3,1418.46,United Kingdom,2011-10-12 15:27:00,372,4,3,4,434,Loyal,High Value
14776,51,15,3708.3,United Kingdom,2011-10-19 15:34:00,446,4,5,5,455,Champions,High Value
14777,404,1,307.56,United Kingdom,2010-11-01 12:50:00,404,2,1,2,212,About to Sleep,Low Value/At Risk
14778,127,2,730.86,United Kingdom,2011-08-04 15:23:00,309,3,2,3,323,Need Attention,Medium Value
14779,281,3,386.15,United Kingdom,2011-03-04 12:42:00,324,2,3,2,232,At Risk,Low Value/At Risk
14780,55,2,447.68,United Kingdom,2011-10-16 12:46:00,79,4,2,2,422,New Customers,Medium Value
14782,320,1,200.10000000000002,United Kingdom,2011-01-24 11:12:00,320,2,1,1,211,About to Sleep,Low Value/At Risk
14783,659,1,307.3,United Kingdom,2010-02-18 16:16:00,659,1,1,2,112,At Risk,Low Value/At Risk
14784,26,3,449.93,United Kingdom,2011-11-13 13:30:00,390,4,3,2,432,Potential,High Value
14785,10,2,77.4,United Kingdom,2011-11-29 13:21:00,15,5,2,1,521,New Customers,Medium Value
14786,550,1,90.96,United Kingdom,2010-06-07 13:42:00,550,1,1,1,111,At Risk,Low Value/At Risk
14787,471,1,110.65,United Kingdom,2010-08-25 14:38:00,471,1,1,1,111,At Risk,Low Value/At Risk
14788,7,3,1156.32,United Kingdom,2011-12-02 17:06:00,596,5,3,3,533,Loyal,High Value
14789,29,1,197.64,United Kingdom,2011-11-11 08:59:00,29,4,1,1,411,New Customers,Medium Value
14790,17,10,2526.62,United Kingdom,2011-11-23 09:28:00,728,5,5,4,554,Champions,High Value
14791,607,1,303.63,United Kingdom,2010-04-12 10:24:00,607,1,1,2,112,At Risk,Low Value/At Risk
14792,64,1,6.2,United Kingdom,2011-10-07 09:19:00,64,3,1,1,311,About to Sleep,Low Value/At Risk
14793,21,2,625.9,United Kingdom,2011-11-18 14:50:00,535,4,2,3,423,New Customers,Medium Value
14794,3,10,1953.9,United Kingdom,2011-12-07 10:11:00,487,5,5,4,554,Champions,High Value
14795,166,1,131.45000000000002,United Kingdom,2011-06-26 13:04:00,166,3,1,1,311,About to Sleep,Low Value/At Risk
14796,1,27,10889.64,United Kingdom,2011-12-08 15:31:00,725,5,5,5,555,Champions,High Value
14797,507,1,300.31,United Kingdom,2010-07-20 14:07:00,507,1,1,2,112,At Risk,Low Value/At Risk
14798,53,8,724.31,United Kingdom,2011-10-18 10:58:00,649,4,4,3,443,Loyal,High Value
14799,51,2,338.15,United Kingdom,2011-10-19 16:16:00,738,4,2,2,422,New Customers,Medium Value
14800,48,17,7774.32,United Kingdom,2011-10-23 12:46:00,435,4,5,5,455,Champions,High Value
14801,61,1,193.14,United Kingdom,2011-10-09 15:24:00,61,3,1,1,311,About to Sleep,Low Value/At Risk
14802,438,2,1502.98,United Kingdom,2010-09-27 16:34:00,438,1,2,4,124,At Risk,Low Value/At Risk
14803,162,3,845.55,United Kingdom,2011-06-30 13:58:00,292,3,3,3,333,Loyal,High Value
14804,9,1,353.27,United Kingdom,2011-12-01 11:20:00,9,5,1,2,512,New Customers,Medium Value
14805,15,7,1104.64,United Kingdom,2011-11-24 16:20:00,622,5,4,3,543,Loyal,High Value
14806,75,2,303.43,United Kingdom,2011-09-25 15:32:00,439,3,2,2,322,Need Attention,Medium Value
14807,391,2,519.29,United Kingdom,2010-11-14 12:47:00,650,2,2,2,222,Need Attention,Medium Value
14808,40,8,2741.17,United Kingdom,2011-10-31 12:21:00,172,4,4,4,444,Champions,High Value
14809,621,2,686.76,United Kingdom,2010-03-28 15:44:00,621,1,2,3,123,At Risk,Low Value/At Risk
14810,41,13,2537.02,United Kingdom,2011-10-30 11:19:00,429,4,5,4,454,Champions,High Value
14811,387,1,170.5,United Kingdom,2010-11-17 13:09:00,387,2,1,1,211,About to Sleep,Low Value/At Risk
14812,599,1,185.8,United Kingdom,2010-04-20 12:13:00,599,1,1,1,111,At Risk,Low Value/At Risk
14813,370,4,1090.87,United Kingdom,2010-12-05 11:57:00,611,2,3,3,233,At Risk,Low Value/At Risk
14814,581,1,160.46,United Kingdom,2010-05-07 14:10:00,581,1,1,1,111,At Risk,Low Value/At Risk
14815,37,2,778.5,United Kingdom,2011-11-03 11:36:00,68,4,2,3,423,New Customers,Medium Value
14816,197,1,271.85,United Kingdom,2011-05-26 13:16:00,197,2,1,1,211,About to Sleep,Low Value/At Risk
14817,200,7,3959.86,United Kingdom,2011-05-23 13:35:00,628,2,4,5,245,At Risk,Low Value/At Risk
14818,74,6,1170.41,United Kingdom,2011-09-27 11:01:00,648,3,4,3,343,Loyal,High Value
14819,64,4,470.16,United Kingdom,2011-10-06 13:41:00,718,3,3,2,332,Potential,High Value
14820,21,9,1274.76,United Kingdom,2011-11-18 15:41:00,678,4,5,4,454,Champions,High Value
14821,367,7,1286.45,United Kingdom,2010-12-08 08:43:00,676,2,4,4,244,At Risk,Low Value/At Risk
14822,485,1,157.70000000000002,United Kingdom,2010-08-11 12:52:00,485,1,1,1,111,At Risk,Low Value/At Risk
14823,180,3,321.43,United Kingdom,2011-06-12 13:12:00,195,3,3,2,332,Potential,High Value
14824,10,10,4022.9100000000003,United Kingdom,2011-11-29 14:20:00,637,5,5,5,555,Champions,High Value
14825,4,24,4925.08,United Kingdom,2011-12-06 11:38:00,612,5,5,5,555,Champions,High Value
14826,582,2,385.2,United Kingdom,2010-05-07 09:00:00,695,1,2,2,122,At Risk,Low Value/At Risk
14828,197,13,9839.460000000001,United Kingdom,2011-05-27 10:16:00,733,2,5,5,255,At Risk,Low Value/At Risk
14829,29,7,1692.84,United Kingdom,2011-11-10 16:16:00,436,4,4,4,444,Champions,High Value
14830,53,1,197.13,United Kingdom,2011-10-17 14:29:00,53,4,1,1,411,New Customers,Medium Value
14831,680,3,1676.57,United Kingdom,2010-01-28 14:31:00,738,1,3,4,134,At Risk,Low Value/At Risk
14832,630,1,322.69,United Kingdom,2010-03-19 15:14:00,630,1,1,2,112,At Risk,Low Value/At Risk
14833,499,1,94.8,United Kingdom,2010-07-29 10:06:00,499,1,1,1,111,At Risk,Low Value/At Risk
14834,18,7,2206.16,United Kingdom,2011-11-22 10:30:00,407,5,4,4,544,Champions,High Value
14835,529,2,297.0,United Kingdom,2010-06-29 10:08:00,617,1,2,2,122,At Risk,Low Value/At Risk
14836,10,3,102.44999999999999,United Kingdom,2011-11-29 16:45:00,30,5,3,1,531,Potential,High Value
14837,90,9,3460.32,United Kingdom,2011-09-11 10:58:00,685,3,5,5,355,Loyal,High Value
14838,423,2,773.6700000000001,United Kingdom,2010-10-12 15:46:00,737,1,2,3,123,At Risk,Low Value/At Risk
14839,418,3,915.28,United Kingdom,2010-10-17 13:01:00,704,1,3,3,133,At Risk,Low Value/At Risk
14840,268,2,362.71,United Kingdom,2011-03-17 12:00:00,539,2,2,2,222,Need Attention,Medium Value
14841,53,14,7163.0,United Kingdom,2011-10-17 15:03:00,737,4,5,5,455,Champions,High Value
14842,44,4,2824.69,United Kingdom,2011-10-27 12:37:00,308,4,3,4,434,Loyal,High Value
14843,437,1,211.79999999999998,United Kingdom,2010-09-29 12:39:00,437,1,1,1,111,At Risk,Low Value/At Risk
14844,64,10,6702.43,United Kingdom,2011-10-07 10:41:00,607,3,5,5,355,Loyal,High Value
14845,600,1,150.0,United Kingdom,2010-04-19 10:19:00,600,1,1,1,111,At Risk,Low Value/At Risk
14846,427,1,437.4,United Kingdom,2010-10-08 17:07:00,427,1,1,2,112,At Risk,Low Value/At Risk
14847,149,3,1348.95,United Kingdom,2011-07-14 10:52:00,565,3,3,4,334,Loyal,High Value
14848,405,1,310.56,United Kingdom,2010-10-31 12:22:00,405,2,1,2,212,About to Sleep,Low Value/At Risk
14849,22,43,15763.45,United Kingdom,2011-11-18 10:58:00,699,4,5,5,455,Champions,High Value
14850,312,7,1794.01,United Kingdom,2011-02-01 11:21:00,568,2,4,4,244,At Risk,Low Value/At Risk
14851,23,3,829.4100000000001,United Kingdom,2011-11-16 14:20:00,631,4,3,3,433,Loyal,High Value
14852,58,18,6147.18,United Kingdom,2011-10-12 13:20:00,644,4,5,5,455,Champions,High Value
14853,24,5,1376.87,United Kingdom,2011-11-15 16:56:00,606,4,4,4,444,Champions,High Value
14854,78,11,4322.86,United Kingdom,2011-09-22 17:00:00,687,3,5,5,355,Loyal,High Value
14855,119,7,6520.3,United Kingdom,2011-08-12 14:02:00,611,3,4,5,345,Loyal,High Value
14856,36,3,1311.3799999999999,United Kingdom,2011-11-03 14:53:00,57,4,3,4,434,Loyal,High Value
14857,60,7,3651.851,United Kingdom,2011-10-11 09:23:00,635,3,4,5,345,Loyal,High Value
14858,506,1,180.75,United Kingdom,2010-07-22 10:51:00,506,1,1,1,111,At Risk,Low Value/At Risk
14859,13,5,1705.64,United Kingdom,2011-11-27 11:18:00,555,5,4,4,544,Champions,High Value
14860,19,1,170.32,United Kingdom,2011-11-20 14:17:00,19,5,1,1,511,New Customers,Medium Value
14861,52,10,1380.73,United Kingdom,2011-10-18 12:54:00,732,4,5,4,454,Champions,High Value
14862,26,2,841.1999999999999,United Kingdom,2011-11-14 10:01:00,149,4,2,3,423,New Customers,Medium Value
14863,29,1,266.76,United Kingdom,2011-11-10 15:04:00,29,4,1,1,411,New Customers,Medium Value
14865,7,4,129.72,United Kingdom,2011-12-02 16:25:00,738,5,3,1,531,Potential,High Value
14866,11,19,20850.22,United Kingdom,2011-11-29 11:45:00,471,5,5,5,555,Champions,High Value
14867,186,16,2952.06,United Kingdom,2011-06-07 11:39:00,734,3,5,4,354,Loyal,High Value
14868,3,12,4184.01,United Kingdom,2011-12-06 14:49:00,420,5,5,5,555,Champions,High Value
14869,9,6,2804.24,United Kingdom,2011-12-01 12:36:00,724,5,4,4,544,Champions,High Value
14870,262,6,1838.95,United Kingdom,2011-03-23 10:51:00,684,2,4,4,244,At Risk,Low Value/At Risk
14871,3,9,1258.97,United Kingdom,2011-12-06 13:42:00,739,5,5,4,554,Champions,High Value
14872,484,3,816.6,United Kingdom,2010-08-13 12:34:00,633,1,3,3,133,At Risk,Low Value/At Risk
14873,210,2,854.13,United Kingdom,2011-05-13 13:52:00,634,2,2,3,223,Need Attention,Medium Value
14874,535,1,116.18,United Kingdom,2010-06-22 14:58:00,535,1,1,1,111,At Risk,Low Value/At Risk
14875,108,3,2862.4,United Kingdom,2011-08-24 12:20:00,442,3,3,4,334,Loyal,High Value
14876,521,2,256.7,United Kingdom,2010-07-06 14:57:00,561,1,2,1,121,At Risk,Low Value/At Risk
14877,418,2,437.0,United Kingdom,2010-10-17 13:09:00,643,1,2,2,122,At Risk,Low Value/At Risk
14878,13,25,4105.24,United Kingdom,2011-11-27 11:15:00,657,5,5,5,555,Champions,High Value
14879,685,1,185.06,United Kingdom,2010-01-24 11:35:00,685,1,1,1,111,At Risk,Low Value/At Risk
14880,77,3,706.19,United Kingdom,2011-09-23 13:42:00,289,3,3,3,333,Loyal,High Value
14881,20,1,255.4,United Kingdom,2011-11-20 11:06:00,20,4,1,1,411,New Customers,Medium Value
14882,27,14,3628.15,United Kingdom,2011-11-13 12:47:00,619,4,5,5,455,Champions,High Value
14883,19,6,761.59,United Kingdom,2011-11-21 10:23:00,212,5,4,3,543,Loyal,High Value
14884,669,1,120.6,United Kingdom,2010-02-08 12:56:00,669,1,1,1,111,At Risk,Low Value/At Risk
14885,132,3,1598.12,United Kingdom,2011-07-31 12:05:00,466,3,3,4,334,Loyal,High Value
14886,253,1,364.8,United Kingdom,2011-04-01 08:56:00,253,2,1,2,212,About to Sleep,Low Value/At Risk
14887,79,1,1862.0,United Kingdom,2011-09-21 15:32:00,79,3,1,4,314,About to Sleep,Low Value/At Risk
14888,207,1,369.2,United Kingdom,2011-05-16 14:58:00,207,2,1,2,212,About to Sleep,Low Value/At Risk
14889,336,1,135.9,United Kingdom,2011-01-07 15:19:00,336,2,1,1,211,About to Sleep,Low Value/At Risk
14890,254,3,817.25,United Kingdom,2011-03-31 11:57:00,660,2,3,3,233,At Risk,Low Value/At Risk
14891,148,4,1106.73,United Kingdom,2011-07-14 18:08:00,437,3,3,3,333,Loyal,High Value
14892,691,1,202.35000000000002,United Kingdom,2010-01-18 08:58:00,691,1,1,1,111,At Risk,Low Value/At Risk
14893,10,3,1809.6100000000001,United Kingdom,2011-11-30 12:31:00,618,5,3,4,534,Loyal,High Value
14894,85,3,1492.81,United Kingdom,2011-09-15 13:51:00,738,3,3,4,334,Loyal,High Value
14895,8,38,25119.54,United Kingdom,2011-12-02 09:23:00,729,5,5,5,555,Champions,High Value
14896,205,8,2092.42,United Kingdom,2011-05-19 10:20:00,734,2,4,4,244,At Risk,Low Value/At Risk
14897,8,8,3140.54,United Kingdom,2011-12-02 10:32:00,724,5,4,5,545,Champions,High Value
14898,23,14,3507.81,United Kingdom,2011-11-16 14:54:00,736,4,5,5,455,Champions,High Value
14899,395,1,1384.88,United Kingdom,2010-11-09 15:20:00,395,2,1,4,214,About to Sleep,Low Value/At Risk
14900,522,1,13.919999999999998,United Kingdom,2010-07-05 15:09:00,522,1,1,1,111,At Risk,Low Value/At Risk
14901,11,12,2289.65,United Kingdom,2011-11-28 17:09:00,499,5,5,4,554,Champions,High Value
14902,26,3,1035.6200000000001,United Kingdom,2011-11-14 10:34:00,554,4,3,3,433,Loyal,High Value
14903,21,5,2810.63,United Kingdom,2011-11-18 16:07:00,279,4,4,4,444,Champions,High Value
14904,2,4,1640.64,United Kingdom,2011-12-07 12:55:00,428,5,3,4,534,Loyal,High Value
14905,158,8,1971.39,United Kingdom,2011-07-05 12:41:00,736,3,4,4,344,Loyal,High Value
14906,445,1,68.44,United Kingdom,2010-09-20 16:30:00,445,1,1,1,111,At Risk,Low Value/At Risk
14907,3,16,6165.79,United Kingdom,2011-12-06 14:14:00,602,5,5,5,555,Champions,High Value
14908,74,2,381.9,United Kingdom,2011-09-26 12:56:00,463,3,2,2,322,Need Attention,Medium Value
14909,437,3,1404.68,United Kingdom,2010-09-28 16:56:00,663,1,3,4,134,At Risk,Low Value/At Risk
14910,3,4,434.35,United Kingdom,2011-12-07 10:06:00,55,5,3,2,532,Potential,High Value
14911,1,398,295972.63,EIRE,2011-12-08 15:54:00,739,5,5,5,555,Champions,High Value
14912,17,6,1889.25,Italy,2011-11-23 09:20:00,682,5,4,4,544,Champions,High Value
14913,36,8,4073.13,United Kingdom,2011-11-04 08:29:00,486,4,4,5,445,Champions,High Value
14915,91,11,1811.25,United Kingdom,2011-09-09 13:34:00,737,3,5,4,354,Loyal,High Value
14916,71,8,3042.95,United Kingdom,2011-09-30 09:20:00,618,3,4,5,345,Loyal,High Value
14917,597,2,1123.75,United Kingdom,2010-04-22 11:28:00,597,1,2,3,123,At Risk,Low Value/At Risk
14918,116,9,5955.81,United Kingdom,2011-08-16 11:50:00,611,3,5,5,355,Loyal,High Value
14919,539,1,359.35,United Kingdom,2010-06-18 13:06:00,539,1,1,2,112,At Risk,Low Value/At Risk
14920,213,3,1607.17,United Kingdom,2011-05-11 10:32:00,565,2,3,4,234,At Risk,Low Value/At Risk
14921,30,2,1316.07,United Kingdom,2011-11-09 13:17:00,201,4,2,4,424,New Customers,Medium Value
14922,394,2,843.74,United Kingdom,2010-11-11 11:14:00,508,2,2,3,223,Need Attention,Medium Value
14923,51,1,749.1,United Kingdom,2011-10-20 11:51:00,51,4,1,3,413,New Customers,Medium Value
14924,246,3,931.01,United Kingdom,2011-04-08 09:25:00,639,2,3,3,233,At Risk,Low Value/At Risk
14926,382,2,359.4,United Kingdom,2010-11-23 07:13:00,599,2,2,2,222,Need Attention,Medium Value
14927,397,1,308.2,United Kingdom,2010-11-08 12:30:00,397,2,1,2,212,About to Sleep,Low Value/At Risk
14928,628,1,223.91000000000003,United Kingdom,2010-03-22 09:14:00,628,1,1,1,111,At Risk,Low Value/At Risk
14929,32,2,836.69,United Kingdom,2011-11-07 17:21:00,422,4,2,3,423,New Customers,Medium Value
14930,109,6,5246.63,Channel Islands,2011-08-23 10:31:00,607,3,4,5,345,Loyal,High Value
14931,5,5,1257.68,Channel Islands,2011-12-05 10:19:00,241,5,4,4,544,Champions,High Value
14932,366,2,1029.66,Channel Islands,2010-12-09 11:48:00,386,2,2,3,223,Need Attention,Medium Value
14933,444,4,1770.0,Channel Islands,2010-09-22 10:47:00,444,1,3,4,134,At Risk,Low Value/At Risk
14934,82,5,3503.5,Channel Islands,2011-09-19 10:10:00,442,3,4,5,345,Loyal,High Value
14935,297,2,2849.83,Channel Islands,2011-02-15 14:44:00,620,2,2,4,224,Need Attention,Medium Value
14936,34,12,12410.81,Channel Islands,2011-11-06 10:30:00,584,4,5,5,455,Champions,High Value
14937,57,3,1621.88,Channel Islands,2011-10-14 12:29:00,130,4,3,4,434,Loyal,High Value
14938,562,2,2322.43,Channel Islands,2010-05-26 13:38:00,562,1,2,4,124,At Risk,Low Value/At Risk
14940,418,2,531.49,United Kingdom,2010-10-18 10:47:00,733,1,2,2,122,At Risk,Low Value/At Risk
14941,579,1,182.1,United Kingdom,2010-05-10 11:30:00,579,1,1,1,111,At Risk,Low Value/At Risk
14942,402,4,746.56,United Kingdom,2010-11-03 10:51:00,730,2,3,3,233,At Risk,Low Value/At Risk
14943,663,1,107.62,United Kingdom,2010-02-14 16:04:00,663,1,1,1,111,At Risk,Low Value/At Risk
14944,30,19,9784.67,United Kingdom,2011-11-10 09:10:00,661,4,5,5,455,Champions,High Value
14945,414,1,179.4,United Kingdom,2010-10-22 11:26:00,414,1,1,1,111,At Risk,Low Value/At Risk
14946,14,1,100.9,United Kingdom,2011-11-25 13:33:00,14,5,1,1,511,New Customers,Medium Value
14947,72,6,1049.79,United Kingdom,2011-09-28 15:48:00,625,3,4,3,343,Loyal,High Value
14948,23,6,1101.97,United Kingdom,2011-11-16 17:16:00,219,4,4,3,443,Loyal,High Value
14949,469,4,515.0,United Kingdom,2010-08-27 15:38:00,721,1,3,2,132,At Risk,Low Value/At Risk
14950,19,1,371.2,United Kingdom,2011-11-20 13:48:00,19,5,1,2,512,New Customers,Medium Value
14951,79,1,311.69,United Kingdom,2011-09-21 15:15:00,79,3,1,2,312,About to Sleep,Low Value/At Risk
14952,60,32,17629.35,United Kingdom,2011-10-11 10:33:00,736,3,5,5,355,Loyal,High Value
14953,25,4,1013.77,United Kingdom,2011-11-14 14:59:00,436,4,3,3,433,Loyal,High Value
14954,12,2,503.44,United Kingdom,2011-11-27 14:30:00,703,5,2,2,522,New Customers,Medium Value
14955,733,1,163.77,United Kingdom,2009-12-07 11:35:00,733,1,1,1,111,At Risk,Low Value/At Risk
14956,421,1,1325.0,United Kingdom,2010-10-14 16:40:00,421,1,1,4,114,At Risk,Low Value/At Risk
14957,253,2,333.29,United Kingdom,2011-03-31 17:59:00,645,2,2,2,222,Need Attention,Medium Value
14958,147,6,957.9399999999999,United Kingdom,2011-07-15 14:20:00,736,3,4,3,343,Loyal,High Value
14959,64,4,695.42,United Kingdom,2011-10-06 18:23:00,296,3,3,3,333,Loyal,High Value
14960,8,2,221.27,United Kingdom,2011-12-01 12:54:00,171,5,2,1,521,New Customers,Medium Value
14961,11,22,16410.15,United Kingdom,2011-11-29 09:42:00,736,5,5,5,555,Champions,High Value
14962,271,4,366.91,United Kingdom,2011-03-14 09:42:00,584,2,3,2,232,At Risk,Low Value/At Risk
14963,10,12,3164.48,United Kingdom,2011-11-30 12:16:00,526,5,5,5,555,Champions,High Value
14964,247,1,206.21,United Kingdom,2011-04-06 14:13:00,247,2,1,1,211,About to Sleep,Low Value/At Risk
14965,96,2,599.0,United Kingdom,2011-09-04 13:20:00,96,3,2,2,322,Need Attention,Medium Value
14966,15,6,1115.8400000000001,United Kingdom,2011-11-25 12:20:00,724,5,4,3,543,Loyal,High Value
14967,50,6,1982.6100000000001,United Kingdom,2011-10-21 11:06:00,736,4,4,4,444,Champions,High Value
14968,30,2,504.99,United Kingdom,2011-11-09 13:58:00,458,4,2,2,422,New Customers,Medium Value
14969,704,1,906.23,United Kingdom,2010-01-05 12:43:00,704,1,1,3,113,At Risk,Low Value/At Risk
14970,68,12,4919.35,United Kingdom,2011-10-02 13:44:00,663,3,5,5,355,Loyal,High Value
14971,35,3,1116.57,United Kingdom,2011-11-04 17:07:00,43,4,3,3,433,Loyal,High Value
14972,128,2,145.07,United Kingdom,2011-08-03 14:54:00,381,3,2,1,321,Need Attention,Medium Value
14973,107,3,1314.45,United Kingdom,2011-08-24 15:51:00,226,3,3,4,334,Loyal,High Value
14974,37,1,114.39,United Kingdom,2011-11-02 13:01:00,37,4,1,1,411,New Customers,Medium Value
14975,57,2,472.39,United Kingdom,2011-10-13 14:08:00,421,4,2,2,422,New Customers,Medium Value
14976,57,7,790.86,United Kingdom,2011-10-13 16:37:00,327,4,4,3,443,Loyal,High Value
14977,726,1,31.929999999999996,United Kingdom,2009-12-14 10:37:00,726,1,1,1,111,At Risk,Low Value/At Risk
14978,72,10,3142.14,United Kingdom,2011-09-28 13:07:00,591,3,5,5,355,Loyal,High Value
14979,735,1,439.46,United Kingdom,2009-12-04 12:54:00,735,1,1,2,112,At Risk,Low Value/At Risk
14980,737,1,150.68,United Kingdom,2009-12-02 14:09:00,737,1,1,1,111,At Risk,Low Value/At Risk
14981,246,2,372.92,United Kingdom,2011-04-07 13:45:00,424,2,2,2,222,Need Attention,Medium Value
14982,572,1,237.78,United Kingdom,2010-05-16 15:52:00,572,1,1,1,111,At Risk,Low Value/At Risk
14983,689,1,183.20000000000002,United Kingdom,2010-01-19 17:32:00,689,1,1,1,111,At Risk,Low Value/At Risk
14984,19,6,1271.41,United Kingdom,2011-11-20 14:28:00,697,5,4,4,544,Champions,High Value
14985,198,2,296.75,United Kingdom,2011-05-25 14:29:00,358,2,2,2,222,Need Attention,Medium Value
14986,376,2,566.9,United Kingdom,2010-11-28 15:25:00,684,2,2,2,222,Need Attention,Medium Value
14987,16,8,1713.85,United Kingdom,2011-11-24 09:59:00,737,5,4,4,544,Champions,High Value
14988,212,7,2066.6,United Kingdom,2011-05-12 12:05:00,602,2,4,4,244,At Risk,Low Value/At Risk
14989,662,1,342.4,United Kingdom,2010-02-16 10:40:00,662,1,1,2,112,At Risk,Low Value/At Risk
14990,612,2,305.42,United Kingdom,2010-04-06 13:54:00,730,1,2,2,122,At Risk,Low Value/At Risk
14991,430,1,314.67,United Kingdom,2010-10-05 13:01:00,430,1,1,2,112,At Risk,Low Value/At Risk
14992,442,1,210.5,United Kingdom,2010-09-23 17:48:00,442,1,1,1,111,At Risk,Low Value/At Risk
14993,564,1,36.13,United Kingdom,2010-05-25 12:47:00,564,1,1,1,111,At Risk,Low Value/At Risk
14994,382,5,960.63,United Kingdom,2010-11-22 12:59:00,623,2,4,3,243,At Risk,Low Value/At Risk
14995,39,2,233.23000000000002,United Kingdom,2011-11-01 11:39:00,280,4,2,1,421,New Customers,Medium Value
14996,481,2,442.28999999999996,United Kingdom,2010-08-15 13:44:00,481,1,2,2,122,At Risk,Low Value/At Risk
14997,46,4,776.5999999999999,United Kingdom,2011-10-24 13:28:00,656,4,3,3,433,Loyal,High Value
14998,170,4,770.73,United Kingdom,2011-06-22 17:30:00,605,3,3,3,333,Loyal,High Value
14999,593,1,129.48000000000002,United Kingdom,2010-04-26 10:47:00,593,1,1,1,111,At Risk,Low Value/At Risk
15000,48,1,490.52,United Kingdom,2011-10-23 11:42:00,48,4,1,2,412,New Customers,Medium Value
15001,394,2,230.85999999999999,United Kingdom,2010-11-10 13:51:00,394,2,2,1,221,Need Attention,Medium Value
15002,116,9,4817.28,United Kingdom,2011-08-16 10:44:00,697,3,5,5,355,Loyal,High Value
15003,473,6,1060.7,United Kingdom,2010-08-23 15:44:00,682,1,4,3,143,At Risk,Low Value/At Risk
15004,147,1,1246.32,United Kingdom,2011-07-15 14:05:00,147,3,1,3,313,About to Sleep,Low Value/At Risk
15005,16,56,14106.2,United Kingdom,2011-11-24 12:25:00,738,5,5,5,555,Champions,High Value
15006,51,2,825.14,United Kingdom,2011-10-19 15:08:00,453,4,2,3,423,New Customers,Medium Value
15007,159,1,156.91,United Kingdom,2011-07-03 16:00:00,159,3,1,1,311,About to Sleep,Low Value/At Risk
15008,480,2,360.0,United Kingdom,2010-08-16 13:09:00,638,1,2,2,122,At Risk,Low Value/At Risk
15009,12,3,1261.78,United Kingdom,2011-11-27 13:35:00,25,5,3,4,534,Loyal,High Value
15010,36,1,308.94,United Kingdom,2011-11-04 12:42:00,36,4,1,2,412,New Customers,Medium Value
15011,396,2,416.6,United Kingdom,2010-11-09 11:10:00,417,2,2,2,222,Need Attention,Medium Value
15012,54,3,860.62,United Kingdom,2011-10-17 12:22:00,577,4,3,3,433,Loyal,High Value
15013,488,10,1641.3,United Kingdom,2010-08-09 12:05:00,678,1,5,4,154,At Risk,Low Value/At Risk
15014,43,2,260.17,United Kingdom,2011-10-27 20:07:00,176,4,2,1,421,New Customers,Medium Value
15015,501,13,2365.02,United Kingdom,2010-07-26 13:50:00,725,1,5,4,154,At Risk,Low Value/At Risk
15016,173,5,630.3,United Kingdom,2011-06-20 12:06:00,543,3,4,3,343,Loyal,High Value
15017,34,1,125.58,United Kingdom,2011-11-06 10:33:00,34,4,1,1,411,New Customers,Medium Value
15018,39,3,607.46,United Kingdom,2011-11-01 12:47:00,368,4,3,2,432,Potential,High Value
15019,267,1,266.0,United Kingdom,2011-03-18 12:35:00,267,2,1,1,211,About to Sleep,Low Value/At Risk
15020,379,1,203.42,United Kingdom,2010-11-25 13:29:00,379,2,1,1,211,About to Sleep,Low Value/At Risk
15021,9,12,2783.83,United Kingdom,2011-12-01 11:53:00,498,5,5,4,554,Champions,High Value
15022,12,5,1186.09,United Kingdom,2011-11-28 12:35:00,677,5,4,3,543,Loyal,High Value
15023,3,20,12170.68,United Kingdom,2011-12-06 17:23:00,674,5,5,5,555,Champions,High Value
15024,10,16,4075.51,United Kingdom,2011-11-30 12:06:00,424,5,5,5,555,Champions,High Value
15025,33,2,1013.09,United Kingdom,2011-11-06 15:20:00,568,4,2,3,423,New Customers,Medium Value
15026,80,5,1061.61,United Kingdom,2011-09-20 13:52:00,448,3,4,3,343,Loyal,High Value
15027,31,10,3195.6,United Kingdom,2011-11-09 10:16:00,624,4,5,5,455,Champions,High Value
15028,8,6,1157.71,United Kingdom,2011-12-01 14:06:00,394,5,4,3,543,Loyal,High Value
15029,620,1,365.1,United Kingdom,2010-03-30 12:16:00,620,1,1,2,112,At Risk,Low Value/At Risk
15030,72,8,1979.91,United Kingdom,2011-09-29 10:50:00,645,3,4,4,344,Loyal,High Value
15031,4,14,3156.58,United Kingdom,2011-12-05 14:19:00,731,5,5,5,555,Champions,High Value
15032,256,8,13780.65,United Kingdom,2011-03-28 15:03:00,729,2,4,5,245,At Risk,Low Value/At Risk
15033,5,10,2586.67,United Kingdom,2011-12-05 12:40:00,329,5,5,4,554,Champions,High Value
15034,16,14,8313.4,United Kingdom,2011-11-24 12:11:00,577,5,5,5,555,Champions,High Value
15035,90,1,252.73000000000002,United Kingdom,2011-09-11 11:08:00,90,3,1,1,311,About to Sleep,Low Value/At Risk
15036,72,3,465.55,United Kingdom,2011-09-28 15:42:00,180,3,3,2,332,Potential,High Value
15037,376,2,402.51,United Kingdom,2010-11-28 13:05:00,377,2,2,2,222,Need Attention,Medium Value
15038,59,9,1309.86,United Kingdom,2011-10-12 11:33:00,425,4,5,4,454,Champions,High Value
15039,10,93,40031.43,United Kingdom,2011-11-30 11:31:00,730,5,5,5,555,Champions,High Value
15040,542,1,7.49,United Kingdom,2010-06-16 11:40:00,542,1,1,1,111,At Risk,Low Value/At Risk
15041,170,2,294.02,United Kingdom,2011-06-22 16:16:00,444,3,2,2,322,Need Attention,Medium Value
15042,199,2,315.45,United Kingdom,2011-05-24 16:25:00,595,2,2,2,222,Need Attention,Medium Value
15043,31,6,2873.7999999999997,United Kingdom,2011-11-08 14:26:00,533,4,4,4,444,Champions,High Value
15044,19,35,16204.33,United Kingdom,2011-11-20 13:20:00,723,5,5,5,555,Champions,High Value
15045,152,2,735.66,United Kingdom,2011-07-11 11:33:00,258,3,2,3,323,Need Attention,Medium Value
15046,9,25,7812.389999999999,United Kingdom,2011-11-30 15:50:00,694,5,5,5,555,Champions,High Value
15047,270,1,343.62,United Kingdom,2011-03-15 10:49:00,270,2,1,2,212,About to Sleep,Low Value/At Risk
15048,65,4,482.75,United Kingdom,2011-10-05 14:55:00,369,3,3,2,332,Potential,High Value
15049,274,1,121.17000000000002,United Kingdom,2011-03-11 12:13:00,274,2,1,1,211,About to Sleep,Low Value/At Risk
15050,25,5,4193.79,United Kingdom,2011-11-14 16:17:00,481,4,4,5,445,Champions,High Value
15051,23,9,3935.16,United Kingdom,2011-11-16 15:38:00,738,4,5,5,455,Champions,High Value
15052,319,1,215.78,United Kingdom,2011-01-24 15:52:00,319,2,1,1,211,About to Sleep,Low Value/At Risk
15053,5,3,697.79,United Kingdom,2011-12-05 12:08:00,282,5,3,3,533,Loyal,High Value
15054,12,2,302.1,United Kingdom,2011-11-27 15:02:00,40,5,2,2,522,New Customers,Medium Value
15055,475,3,560.07,United Kingdom,2010-08-22 11:06:00,723,1,3,2,132,At Risk,Low Value/At Risk
15056,520,1,133.45,United Kingdom,2010-07-07 15:58:00,520,1,1,1,111,At Risk,Low Value/At Risk
15057,275,5,3255.96,United Kingdom,2011-03-09 15:17:00,734,2,4,5,245,At Risk,Low Value/At Risk
15058,25,16,3410.03,United Kingdom,2011-11-14 14:57:00,653,4,5,5,455,Champions,High Value
15059,41,19,3523.57,United Kingdom,2011-10-30 11:35:00,734,4,5,5,455,Champions,High Value
15060,8,4,303.09,United Kingdom,2011-12-01 13:47:00,9,5,3,2,532,Potential,High Value
15061,4,127,137818.52,United Kingdom,2011-12-06 12:06:00,739,5,5,5,555,Champions,High Value
15062,71,8,2585.62,United Kingdom,2011-09-29 16:51:00,610,3,4,4,344,Loyal,High Value
15063,213,1,370.79999999999995,United Kingdom,2011-05-10 13:25:00,213,2,1,2,212,About to Sleep,Low Value/At Risk
15064,410,4,1254.41,United Kingdom,2010-10-25 14:32:00,717,2,3,4,234,At Risk,Low Value/At Risk
15065,38,5,3326.86,United Kingdom,2011-11-02 09:45:00,411,4,4,5,445,Champions,High Value
15066,53,1,893.59,United Kingdom,2011-10-17 13:25:00,53,4,1,3,413,New Customers,Medium Value
15067,78,5,3877.88,United Kingdom,2011-09-22 13:20:00,607,3,4,5,345,Loyal,High Value
15068,46,4,1176.85,United Kingdom,2011-10-24 14:47:00,621,4,3,3,433,Loyal,High Value
15069,179,1,1109.53,United Kingdom,2011-06-13 14:16:00,179,3,1,3,313,About to Sleep,Low Value/At Risk
15070,373,3,843.25,United Kingdom,2010-12-02 11:23:00,724,2,3,3,233,At Risk,Low Value/At Risk
15071,94,4,1455.56,United Kingdom,2011-09-07 11:43:00,571,3,3,4,334,Loyal,High Value
15072,479,1,187.51999999999998,United Kingdom,2010-08-17 15:46:00,479,1,1,1,111,At Risk,Low Value/At Risk
15073,10,8,2788.02,United Kingdom,2011-11-30 10:44:00,682,5,4,4,544,Champions,High Value
15074,105,3,1566.33,United Kingdom,2011-08-26 14:45:00,468,3,3,4,334,Loyal,High Value
15075,78,1,773.03,United Kingdom,2011-09-23 12:27:00,78,3,1,3,313,About to Sleep,Low Value/At Risk
15076,173,3,1447.74,United Kingdom,2011-06-20 08:23:00,522,3,3,4,334,Loyal,High Value
15077,495,2,2428.08,United Kingdom,2010-08-02 11:13:00,730,1,2,4,124,At Risk,Low Value/At Risk
15078,7,53,17761.88,United Kingdom,2011-12-02 15:41:00,736,5,5,5,555,Champions,High Value
15079,213,11,3767.35,United Kingdom,2011-05-11 12:45:00,732,2,5,5,255,At Risk,Low Value/At Risk
15080,428,2,546.25,United Kingdom,2010-10-08 11:52:00,502,1,2,2,122,At Risk,Low Value/At Risk
15081,22,12,1965.72,United Kingdom,2011-11-17 17:08:00,536,4,5,4,454,Champions,High Value
15082,669,1,93.35000000000001,United Kingdom,2010-02-09 10:23:00,669,1,1,1,111,At Risk,Low Value/At Risk
15083,257,1,88.2,United Kingdom,2011-03-28 12:18:00,257,2,1,1,211,About to Sleep,Low Value/At Risk
15084,380,2,965.2,United Kingdom,2010-11-25 11:58:00,646,2,2,3,223,Need Attention,Medium Value
15085,730,1,347.54,United Kingdom,2009-12-10 11:47:00,730,1,1,2,112,At Risk,Low Value/At Risk
15086,565,2,218.53,United Kingdom,2010-05-24 12:27:00,625,1,2,1,121,At Risk,Low Value/At Risk
15087,282,1,306.94,United Kingdom,2011-03-03 10:34:00,282,2,1,2,212,About to Sleep,Low Value/At Risk
15088,21,2,1160.07,United Kingdom,2011-11-18 13:14:00,67,4,2,3,423,New Customers,Medium Value
15089,10,6,2420.84,United Kingdom,2011-11-29 16:31:00,128,5,4,4,544,Champions,High Value
15090,308,1,381.32,United Kingdom,2011-02-04 14:03:00,308,2,1,2,212,About to Sleep,Low Value/At Risk
15091,68,3,1046.6100000000001,United Kingdom,2011-10-03 12:47:00,675,3,3,3,333,Loyal,High Value
15092,215,3,776.46,United Kingdom,2011-05-08 14:10:00,463,2,3,3,233,At Risk,Low Value/At Risk
15093,18,23,14326.11,United Kingdom,2011-11-21 13:09:00,732,5,5,5,555,Champions,High Value
15094,463,2,83.0,United Kingdom,2010-09-02 16:55:00,644,1,2,1,121,At Risk,Low Value/At Risk
15095,104,10,3141.64,United Kingdom,2011-08-28 12:01:00,688,3,5,5,355,Loyal,High Value
15096,43,1,219.39000000000001,United Kingdom,2011-10-28 10:27:00,43,4,1,1,411,New Customers,Medium Value
15097,4,3,908.35,United Kingdom,2011-12-05 14:03:00,583,5,3,3,533,Loyal,High Value
15098,182,3,39916.5,United Kingdom,2011-06-10 15:33:00,182,3,3,5,335,Loyal,High Value
15099,84,1,410.48,United Kingdom,2011-09-16 13:13:00,84,3,1,2,312,About to Sleep,Low Value/At Risk
15100,334,7,2894.7,United Kingdom,2011-01-10 10:35:00,701,2,4,4,244,At Risk,Low Value/At Risk
15101,9,6,1477.94,United Kingdom,2011-12-01 10:18:00,590,5,4,4,544,Champions,High Value
15102,531,2,554.67,United Kingdom,2010-06-27 12:16:00,547,1,2,2,122,At Risk,Low Value/At Risk
15103,31,2,703.36,United Kingdom,2011-11-08 14:53:00,86,4,2,3,423,New Customers,Medium Value
15104,197,2,1027.44,United Kingdom,2011-05-27 12:29:00,282,2,2,3,223,Need Attention,Medium Value
15105,18,9,3094.91,United Kingdom,2011-11-21 16:54:00,627,5,5,5,555,Champions,High Value
15106,18,5,1422.52,United Kingdom,2011-11-22 09:16:00,269,5,4,4,544,Champions,High Value
15107,311,9,940.35,United Kingdom,2011-02-01 14:46:00,452,2,5,3,253,At Risk,Low Value/At Risk
15108,142,4,1300.25,European Community,2011-07-21 10:24:00,228,3,3,4,334,Loyal,High Value
15109,246,3,983.1,United Kingdom,2011-04-08 09:58:00,736,2,3,3,233,At Risk,Low Value/At Risk
15110,24,6,1505.8500000000001,United Kingdom,2011-11-16 11:16:00,485,4,4,4,444,Champions,High Value
15111,29,5,2730.87,United Kingdom,2011-11-10 16:58:00,592,4,4,4,444,Champions,High Value
15112,611,1,209.4,United Kingdom,2010-04-07 14:17:00,611,1,1,1,111,At Risk,Low Value/At Risk
15113,10,3,3609.33,United Kingdom,2011-11-30 08:23:00,54,5,3,5,535,Loyal,High Value
15114,30,12,3400.12,United Kingdom,2011-11-09 15:05:00,421,4,5,5,455,Champions,High Value
15115,18,2,531.85,United Kingdom,2011-11-21 14:59:00,733,5,2,2,522,New Customers,Medium Value
15116,18,4,1352.75,United Kingdom,2011-11-22 12:25:00,205,5,3,4,534,Loyal,High Value
15117,15,8,2485.9700000000003,United Kingdom,2011-11-25 08:12:00,634,5,4,4,544,Champions,High Value
15118,134,1,244.8,United Kingdom,2011-07-28 14:54:00,134,3,1,1,311,About to Sleep,Low Value/At Risk
15119,246,1,266.4,United Kingdom,2011-04-08 09:08:00,246,2,1,1,211,About to Sleep,Low Value/At Risk
15120,134,1,358.82,United Kingdom,2011-07-29 09:48:00,134,3,1,2,312,About to Sleep,Low Value/At Risk
15121,50,2,457.72,United Kingdom,2011-10-20 14:51:00,289,4,2,2,422,New Customers,Medium Value
15122,114,11,4497.47,United Kingdom,2011-08-17 16:48:00,619,3,5,5,355,Loyal,High Value
15123,7,5,4656.17,United Kingdom,2011-12-02 13:12:00,634,5,4,5,545,Champions,High Value
15124,23,4,450.82,United Kingdom,2011-11-17 10:09:00,652,4,3,2,432,Potential,High Value
15125,25,24,17024.87,United Kingdom,2011-11-14 13:57:00,618,4,5,5,455,Champions,High Value
15126,537,2,449.49,United Kingdom,2010-06-21 12:31:00,687,1,2,2,122,At Risk,Low Value/At Risk
15127,66,2,711.5,United Kingdom,2011-10-05 10:30:00,520,3,2,3,323,Need Attention,Medium Value
15128,60,5,1783.68,United Kingdom,2011-10-10 13:54:00,430,3,4,4,344,Loyal,High Value
15129,50,23,6860.18,United Kingdom,2011-10-20 14:40:00,610,4,5,5,455,Champions,High Value
15130,170,1,330.11,United Kingdom,2011-06-23 10:15:00,170,3,1,2,312,About to Sleep,Low Value/At Risk
15131,395,1,80.28,United Kingdom,2010-11-10 12:07:00,395,2,1,1,211,About to Sleep,Low Value/At Risk
15132,18,5,977.9300000000001,United Kingdom,2011-11-21 17:10:00,263,5,4,3,543,Loyal,High Value
15133,128,5,1806.9,United Kingdom,2011-08-04 10:44:00,521,3,4,4,344,Loyal,High Value
15134,15,10,1596.29,United Kingdom,2011-11-25 08:55:00,423,5,5,4,554,Champions,High Value
15135,239,2,305.68,United Kingdom,2011-04-14 19:16:00,556,2,2,2,222,Need Attention,Medium Value
15136,3,4,1286.7,United Kingdom,2011-12-07 12:26:00,96,5,3,4,534,Loyal,High Value
15137,521,2,823.4,United Kingdom,2010-07-07 09:41:00,680,1,2,3,123,At Risk,Low Value/At Risk
15138,394,1,502.52,United Kingdom,2010-11-11 09:16:00,394,2,1,2,212,About to Sleep,Low Value/At Risk
15139,240,2,178.96,United Kingdom,2011-04-14 11:39:00,337,2,2,1,221,Need Attention,Medium Value
15140,52,8,3243.69,United Kingdom,2011-10-18 14:07:00,442,4,4,5,445,Champions,High Value
15141,458,7,1388.47,United Kingdom,2010-09-08 11:33:00,621,1,4,4,144,At Risk,Low Value/At Risk
15142,46,6,2619.92,United Kingdom,2011-10-24 12:51:00,501,4,4,4,444,Champions,High Value
15143,226,2,563.63,United Kingdom,2011-04-28 12:03:00,432,2,2,2,222,Need Attention,Medium Value
15144,8,29,12160.31,United Kingdom,2011-12-01 15:12:00,727,5,5,5,555,Champions,High Value
15145,4,4,1194.73,United Kingdom,2011-12-05 17:21:00,248,5,3,3,533,Loyal,High Value
15146,165,2,1327.16,United Kingdom,2011-06-28 12:09:00,291,3,2,4,324,Need Attention,Medium Value
15147,240,1,623.5,United Kingdom,2011-04-13 15:57:00,240,2,1,3,213,About to Sleep,Low Value/At Risk
15148,11,1,301.29,United Kingdom,2011-11-29 08:21:00,11,5,1,2,512,New Customers,Medium Value
15149,134,5,1554.6100000000001,United Kingdom,2011-07-29 10:58:00,650,3,4,4,344,Loyal,High Value
15150,17,13,9001.08,United Kingdom,2011-11-22 12:52:00,544,5,5,5,555,Champions,High Value
15151,423,2,2085.61,United Kingdom,2010-10-12 16:37:00,510,1,2,4,124,At Risk,Low Value/At Risk
15152,10,14,5263.83,United Kingdom,2011-11-30 12:32:00,701,5,5,5,555,Champions,High Value
15153,31,1,329.25,United Kingdom,2011-11-08 17:09:00,31,4,1,2,412,New Customers,Medium Value
15154,75,3,1388.41,United Kingdom,2011-09-25 16:05:00,478,3,3,4,334,Loyal,High Value
15155,383,1,383.96999999999997,United Kingdom,2010-11-21 12:59:00,383,2,1,2,212,About to Sleep,Low Value/At Risk
15156,1,3,961.49,United Kingdom,2011-12-08 18:22:00,34,5,3,3,533,Loyal,High Value
15157,4,5,2654.11,United Kingdom,2011-12-06 11:28:00,729,5,4,4,544,Champions,High Value
15158,45,2,606.02,United Kingdom,2011-10-25 13:53:00,401,4,2,2,422,New Customers,Medium Value
15159,2,34,22116.73,United Kingdom,2011-12-08 12:05:00,432,5,5,5,555,Champions,High Value
15160,357,4,589.27,United Kingdom,2010-12-17 14:15:00,421,2,3,2,232,At Risk,Low Value/At Risk
15161,388,1,119.92,United Kingdom,2010-11-16 16:08:00,388,2,1,1,211,About to Sleep,Low Value/At Risk
15162,731,1,312.9,United Kingdom,2009-12-08 13:14:00,731,1,1,2,112,At Risk,Low Value/At Risk
15163,18,2,304.47,United Kingdom,2011-11-21 13:10:00,192,5,2,2,522,New Customers,Medium Value
15164,69,9,2068.92,United Kingdom,2011-10-02 12:05:00,690,3,5,4,354,Loyal,High Value
15165,373,1,975.5,United Kingdom,2010-12-01 14:03:00,373,2,1,3,213,About to Sleep,Low Value/At Risk
15166,468,1,167.16,United Kingdom,2010-08-29 12:31:00,468,1,1,1,111,At Risk,Low Value/At Risk
15167,321,5,1659.67,United Kingdom,2011-01-23 12:41:00,673,2,4,4,244,At Risk,Low Value/At Risk
15168,26,1,106.56,United Kingdom,2011-11-14 11:26:00,26,4,1,1,411,New Customers,Medium Value
15169,382,2,569.22,United Kingdom,2010-11-22 13:04:00,727,2,2,2,222,Need Attention,Medium Value
15170,407,1,81.15,United Kingdom,2010-10-29 10:34:00,407,2,1,1,211,About to Sleep,Low Value/At Risk
15171,331,1,1289.5,United Kingdom,2011-01-12 15:36:00,331,2,1,4,214,About to Sleep,Low Value/At Risk
15172,9,5,1624.05,United Kingdom,2011-12-01 11:51:00,237,5,4,4,544,Champions,High Value
15173,381,7,1494.6,United Kingdom,2010-11-24 10:21:00,618,2,4,4,244,At Risk,Low Value/At Risk
15174,323,2,481.46,United Kingdom,2011-01-21 09:06:00,411,2,2,2,222,Need Attention,Medium Value
15175,72,1,224.14,United Kingdom,2011-09-29 11:31:00,72,3,1,1,311,About to Sleep,Low Value/At Risk
15176,668,1,988.04,United Kingdom,2010-02-10 10:36:00,668,1,1,3,113,At Risk,Low Value/At Risk
15177,426,1,948.93,United Kingdom,2010-10-10 12:48:00,426,1,1,3,113,At Risk,Low Value/At Risk
15178,260,1,40.5,United Kingdom,2011-03-24 15:12:00,260,2,1,1,211,About to Sleep,Low Value/At Risk
15179,18,13,7491.92,United Kingdom,2011-11-21 12:53:00,737,5,5,5,555,Champions,High Value
15180,367,3,904.4300000000001,United Kingdom,2010-12-07 14:57:00,589,2,3,3,233,At Risk,Low Value/At Risk
15181,66,5,1200.2,United Kingdom,2011-10-04 13:58:00,731,3,4,3,343,Loyal,High Value
15182,154,11,2998.952,United Kingdom,2011-07-08 13:37:00,657,3,5,5,355,Loyal,High Value
15183,548,3,639.93,United Kingdom,2010-06-10 10:43:00,585,1,3,3,133,At Risk,Low Value/At Risk
15184,29,4,689.95,United Kingdom,2011-11-10 13:41:00,724,4,3,3,433,Loyal,High Value
15185,70,1,310.62,United Kingdom,2011-09-30 14:06:00,70,3,1,2,312,About to Sleep,Low Value/At Risk
15186,14,5,1403.2,United Kingdom,2011-11-25 14:58:00,697,5,4,4,544,Champions,High Value
15187,2,16,4777.18,United Kingdom,2011-12-08 11:56:00,212,5,5,5,555,Champions,High Value
15188,725,1,310.43,United Kingdom,2009-12-14 13:30:00,725,1,1,2,112,At Risk,Low Value/At Risk
15189,1,46,17524.38,United Kingdom,2011-12-08 13:22:00,509,5,5,5,555,Champions,High Value
15190,434,1,834.4399999999999,United Kingdom,2010-10-01 13:09:00,434,1,1,3,113,At Risk,Low Value/At Risk
15191,463,3,588.05,United Kingdom,2010-09-02 15:37:00,689,1,3,2,132,At Risk,Low Value/At Risk
15192,120,5,1981.39,United Kingdom,2011-08-12 11:41:00,680,3,4,4,344,Loyal,High Value
15193,61,1,499.32,United Kingdom,2011-10-10 08:23:00,61,3,1,2,312,About to Sleep,Low Value/At Risk
15194,3,28,12427.69,United Kingdom,2011-12-06 15:10:00,737,5,5,5,555,Champions,High Value
15195,3,1,3861.0,United Kingdom,2011-12-07 12:20:00,3,5,1,5,515,New Customers,Medium Value
15196,433,2,316.25,United Kingdom,2010-10-03 10:50:00,727,1,2,2,122,At Risk,Low Value/At Risk
15197,11,6,1877.51,United Kingdom,2011-11-29 10:00:00,728,5,4,4,544,Champions,High Value
15198,92,5,571.35,United Kingdom,2011-09-08 14:42:00,690,3,4,2,342,Potential,High Value
15199,59,10,3122.4,United Kingdom,2011-10-11 15:12:00,576,4,5,5,455,Champions,High Value
15200,495,1,549.05,United Kingdom,2010-08-02 09:38:00,495,1,1,2,112,At Risk,Low Value/At Risk
15201,87,7,1842.95,United Kingdom,2011-09-13 14:53:00,611,3,4,4,344,Loyal,High Value
15202,420,3,6001.49,United Kingdom,2010-10-15 13:05:00,421,1,3,5,135,At Risk,Low Value/At Risk
15203,26,15,4400.18,United Kingdom,2011-11-14 08:16:00,731,4,5,5,455,Champions,High Value
15204,357,1,316.58,United Kingdom,2010-12-17 13:49:00,357,2,1,2,212,About to Sleep,Low Value/At Risk
15205,85,2,653.24,United Kingdom,2011-09-15 19:36:00,127,3,2,3,323,Need Attention,Medium Value
15206,10,4,420.29999999999995,United Kingdom,2011-11-29 13:41:00,276,5,3,2,532,Potential,High Value
15207,416,3,683.9200000000001,United Kingdom,2010-10-19 13:29:00,547,1,3,3,133,At Risk,Low Value/At Risk
15208,1,6,970.52,United Kingdom,2011-12-08 17:24:00,424,5,4,3,543,Loyal,High Value
15209,730,1,178.98000000000002,United Kingdom,2009-12-09 17:26:00,730,1,1,1,111,At Risk,Low Value/At Risk
15210,225,3,1176.19,United Kingdom,2011-04-28 16:11:00,575,2,3,3,233,At Risk,Low Value/At Risk
15211,60,2,1277.48,United Kingdom,2011-10-10 13:31:00,365,3,2,4,324,Need Attention,Medium Value
15212,241,2,208.28,United Kingdom,2011-04-12 13:45:00,377,2,2,1,221,Need Attention,Medium Value
15213,319,2,328.35,United Kingdom,2011-01-25 12:21:00,330,2,2,2,222,Need Attention,Medium Value
15214,2,8,1661.44,United Kingdom,2011-12-08 12:07:00,243,5,4,4,544,Champions,High Value
15215,47,7,2422.43,United Kingdom,2011-10-24 11:41:00,613,4,4,4,444,Champions,High Value
15216,88,2,486.09,United Kingdom,2011-09-13 11:41:00,619,3,2,2,322,Need Attention,Medium Value
15217,563,1,426.24,United Kingdom,2010-05-25 13:51:00,563,1,1,2,112,At Risk,Low Value/At Risk
15218,11,22,11516.57,United Kingdom,2011-11-29 11:48:00,683,5,5,5,555,Champions,High Value
15219,176,2,685.45,United Kingdom,2011-06-16 16:57:00,649,3,2,3,323,Need Attention,Medium Value
15220,52,6,1778.96,United Kingdom,2011-10-19 12:39:00,281,4,4,4,444,Champions,High Value
15221,366,4,2465.4500000000003,United Kingdom,2010-12-08 13:08:00,638,2,3,4,234,At Risk,Low Value/At Risk
15222,319,11,3550.91,United Kingdom,2011-01-25 08:03:00,723,2,5,5,255,At Risk,Low Value/At Risk
15223,226,5,1417.95,United Kingdom,2011-04-28 11:31:00,735,2,4,4,244,At Risk,Low Value/At Risk
15224,358,5,871.36,United Kingdom,2010-12-16 15:02:00,693,2,4,3,243,At Risk,Low Value/At Risk
15225,234,1,409.40000000000003,United Kingdom,2011-04-19 14:51:00,234,2,1,2,212,About to Sleep,Low Value/At Risk
15226,311,1,154.41,United Kingdom,2011-02-02 11:41:00,311,2,1,1,211,About to Sleep,Low Value/At Risk
15227,37,9,2488.4900000000002,United Kingdom,2011-11-03 11:59:00,634,4,5,4,454,Champions,High Value
15228,66,6,5580.2699999999995,United Kingdom,2011-10-04 13:56:00,500,3,4,5,345,Loyal,High Value
15229,586,1,160.5,United Kingdom,2010-05-02 13:50:00,586,1,1,1,111,At Risk,Low Value/At Risk
15230,239,2,429.6,United Kingdom,2011-04-14 14:39:00,241,2,2,2,222,Need Attention,Medium Value
15231,621,1,250.26,United Kingdom,2010-03-28 15:12:00,621,1,1,1,111,At Risk,Low Value/At Risk
15232,113,2,612.06,United Kingdom,2011-08-18 16:27:00,141,3,2,2,322,Need Attention,Medium Value
15233,401,1,59.400000000000006,United Kingdom,2010-11-03 13:36:00,401,2,1,1,211,About to Sleep,Low Value/At Risk
15234,277,1,197.0,United Kingdom,2011-03-08 08:53:00,277,2,1,1,211,About to Sleep,Low Value/At Risk
15235,218,16,2937.81,United Kingdom,2011-05-06 09:44:00,389,2,5,4,254,At Risk,Low Value/At Risk
15236,299,1,321.05,United Kingdom,2011-02-14 10:52:00,299,2,1,2,212,About to Sleep,Low Value/At Risk
15237,2,4,1412.32,United Kingdom,2011-12-08 09:46:00,227,5,3,4,534,Loyal,High Value
15238,29,3,1071.99,United Kingdom,2011-11-10 14:28:00,184,4,3,3,433,Loyal,High Value
15239,10,2,780.59,United Kingdom,2011-11-29 14:14:00,79,5,2,3,523,New Customers,Medium Value
15240,45,12,4459.98,United Kingdom,2011-10-26 09:50:00,734,4,5,5,455,Champions,High Value
15241,67,11,3050.16,United Kingdom,2011-10-04 09:05:00,654,3,5,5,355,Loyal,High Value
15242,422,1,302.04,United Kingdom,2010-10-13 15:33:00,422,1,1,2,112,At Risk,Low Value/At Risk
15243,74,2,927.2800000000001,United Kingdom,2011-09-26 14:12:00,435,3,2,3,323,Need Attention,Medium Value
15244,65,3,912.08,United Kingdom,2011-10-05 13:19:00,666,3,3,3,333,Loyal,High Value
15245,134,8,4610.84,United Kingdom,2011-07-28 18:56:00,595,3,4,5,345,Loyal,High Value
15246,238,3,780.4,United Kingdom,2011-04-15 14:45:00,556,2,3,3,233,At Risk,Low Value/At Risk
15247,122,3,976.06,United Kingdom,2011-08-09 12:52:00,537,3,3,3,333,Loyal,High Value
15248,411,3,1893.93,United Kingdom,2010-10-24 13:09:00,534,1,3,4,134,At Risk,Low Value/At Risk
15249,32,18,9266.0,United Kingdom,2011-11-08 11:45:00,623,4,5,5,455,Champions,High Value
15250,641,1,60.0,United Kingdom,2010-03-09 07:35:00,641,1,1,1,111,At Risk,Low Value/At Risk
15251,9,21,20324.54,United Kingdom,2011-11-30 15:02:00,680,5,5,5,555,Champions,High Value
15252,36,5,2103.41,United Kingdom,2011-11-03 13:30:00,612,4,4,4,444,Champions,High Value
15253,16,8,2055.09,United Kingdom,2011-11-23 16:22:00,587,5,4,4,544,Champions,High Value
15254,127,3,1088.35,United Kingdom,2011-08-04 15:04:00,561,3,3,3,333,Loyal,High Value
15255,67,9,3729.42,United Kingdom,2011-10-04 12:43:00,737,3,5,5,355,Loyal,High Value
15256,149,2,170.4,United Kingdom,2011-07-14 11:47:00,562,3,2,1,321,Need Attention,Medium Value
15257,283,2,685.9,United Kingdom,2011-03-01 12:58:00,414,2,2,3,223,Need Attention,Medium Value
15258,169,2,623.16,United Kingdom,2011-06-24 12:30:00,217,3,2,3,323,Need Attention,Medium Value
15259,513,4,1182.3799999999999,United Kingdom,2010-07-15 08:47:00,683,1,3,3,133,At Risk,Low Value/At Risk
15260,100,25,9188.23,United Kingdom,2011-08-31 13:55:00,734,3,5,5,355,Loyal,High Value
15261,135,4,1508.0,United Kingdom,2011-07-27 15:20:00,435,3,3,4,334,Loyal,High Value
15262,324,3,418.82,United Kingdom,2011-01-20 12:16:00,488,2,3,2,232,At Risk,Low Value/At Risk
15263,107,1,156.51,United Kingdom,2011-08-25 10:26:00,107,3,1,1,311,About to Sleep,Low Value/At Risk
15264,64,2,848.4,United Kingdom,2011-10-06 13:49:00,530,3,2,3,323,Need Attention,Medium Value
15265,151,4,3345.64,United Kingdom,2011-07-11 14:46:00,738,3,3,5,335,Loyal,High Value
15266,338,5,852.21,United Kingdom,2011-01-05 13:40:00,702,2,4,3,243,At Risk,Low Value/At Risk
15267,22,5,1717.36,United Kingdom,2011-11-17 15:59:00,183,4,4,4,444,Champions,High Value
15268,479,3,961.9000000000001,United Kingdom,2010-08-18 10:33:00,606,1,3,3,133,At Risk,Low Value/At Risk
15269,24,3,1225.3600000000001,United Kingdom,2011-11-16 09:32:00,390,4,3,3,433,Loyal,High Value
15270,16,21,8524.86,United Kingdom,2011-11-24 09:24:00,722,5,5,5,555,Champions,High Value
15271,7,24,4709.54,United Kingdom,2011-12-02 14:11:00,491,5,5,5,555,Champions,High Value
15272,57,6,2085.48,United Kingdom,2011-10-13 12:59:00,663,4,4,4,444,Champions,High Value
15273,600,1,228.96,United Kingdom,2010-04-19 11:31:00,600,1,1,1,111,At Risk,Low Value/At Risk
15274,4,2,716.57,United Kingdom,2011-12-05 16:57:00,18,5,2,3,523,New Customers,Medium Value
15275,38,1,615.14,United Kingdom,2011-11-02 11:20:00,38,4,1,2,412,New Customers,Medium Value
15276,66,4,649.53,United Kingdom,2011-10-04 16:39:00,435,3,3,3,333,Loyal,High Value
15277,47,2,476.34,United Kingdom,2011-10-24 10:08:00,425,4,2,2,422,New Customers,Medium Value
15278,562,4,496.15999999999997,United Kingdom,2010-05-27 10:03:00,665,1,3,2,132,At Risk,Low Value/At Risk
15279,355,5,1580.54,United Kingdom,2010-12-20 10:48:00,676,2,4,4,244,At Risk,Low Value/At Risk
15280,172,3,406.21999999999997,United Kingdom,2011-06-20 17:14:00,571,3,3,2,332,Potential,High Value
15281,59,16,8543.57,United Kingdom,2011-10-12 09:10:00,428,4,5,5,455,Champions,High Value
15282,570,1,348.59,United Kingdom,2010-05-18 16:27:00,570,1,1,2,112,At Risk,Low Value/At Risk
15283,390,3,148.33,United Kingdom,2010-11-14 14:54:00,518,2,3,1,231,At Risk,Low Value/At Risk
15284,500,1,24.75,United Kingdom,2010-07-27 13:25:00,500,1,1,1,111,At Risk,Low Value/At Risk
15285,408,1,94.92,United Kingdom,2010-10-28 09:46:00,408,2,1,1,211,About to Sleep,Low Value/At Risk
15286,50,1,240.55,United Kingdom,2011-10-21 11:08:00,50,4,1,1,411,New Customers,Medium Value
15287,22,5,856.03,United Kingdom,2011-11-17 15:34:00,738,4,4,3,443,Loyal,High Value
15288,43,10,3883.13,United Kingdom,2011-10-27 16:58:00,665,4,5,5,455,Champions,High Value
15289,29,5,1593.09,United Kingdom,2011-11-10 13:49:00,622,4,4,4,444,Champions,High Value
15290,5,26,10496.28,United Kingdom,2011-12-05 11:39:00,654,5,5,5,555,Champions,High Value
15291,26,40,13846.56,United Kingdom,2011-11-14 11:02:00,737,4,5,5,455,Champions,High Value
15292,201,1,180.94,United Kingdom,2011-05-22 15:00:00,201,2,1,1,211,About to Sleep,Low Value/At Risk
15293,666,1,247.5,United Kingdom,2010-02-12 11:54:00,666,1,1,1,111,At Risk,Low Value/At Risk
15294,411,1,233.35,United Kingdom,2010-10-25 11:45:00,411,1,1,1,111,At Risk,Low Value/At Risk
15295,654,1,217.23999999999998,United Kingdom,2010-02-23 13:03:00,654,1,1,1,111,At Risk,Low Value/At Risk
15296,51,12,10342.83,United Kingdom,2011-10-20 11:47:00,687,4,5,5,455,Champions,High Value
15297,10,3,641.94,United Kingdom,2011-11-29 16:32:00,64,5,3,3,533,Loyal,High Value
15298,2,23,9459.37,United Kingdom,2011-12-07 17:17:00,731,5,5,5,555,Champions,High Value
15299,67,10,7991.54,United Kingdom,2011-10-03 14:19:00,697,3,5,5,355,Loyal,High Value
15300,64,1,496.44,United Kingdom,2011-10-06 17:08:00,64,3,1,2,312,About to Sleep,Low Value/At Risk
15301,51,17,7603.4400000000005,United Kingdom,2011-10-20 09:57:00,450,4,5,5,455,Champions,High Value
15302,730,1,308.0,United Kingdom,2009-12-09 13:11:00,730,1,1,2,112,At Risk,Low Value/At Risk
15303,290,3,1224.18,United Kingdom,2011-02-22 13:59:00,684,2,3,3,233,At Risk,Low Value/At Risk
15304,61,9,919.5500000000001,United Kingdom,2011-10-10 10:23:00,422,3,5,3,353,Loyal,High Value
15305,555,1,93.6,United Kingdom,2010-06-02 13:50:00,555,1,1,1,111,At Risk,Low Value/At Risk
15306,64,9,3484.73,United Kingdom,2011-10-06 12:56:00,659,3,5,5,355,Loyal,High Value
15307,96,1,205.3,United Kingdom,2011-09-05 11:38:00,96,3,1,1,311,About to Sleep,Low Value/At Risk
15308,274,1,310.47,United Kingdom,2011-03-10 13:08:00,274,2,1,2,212,About to Sleep,Low Value/At Risk
15309,611,4,797.96,United Kingdom,2010-04-08 11:11:00,735,1,3,3,133,At Risk,Low Value/At Risk
15310,479,1,1634.64,United Kingdom,2010-08-18 11:38:00,479,1,1,4,114,At Risk,Low Value/At Risk
15311,1,208,116771.16,United Kingdom,2011-12-09 12:00:00,739,5,5,5,555,Champions,High Value
15312,75,12,2930.19,United Kingdom,2011-09-25 13:10:00,724,3,5,4,354,Loyal,High Value
15313,110,1,52.0,United Kingdom,2011-08-21 16:02:00,110,3,1,1,311,About to Sleep,Low Value/At Risk
15314,199,3,820.4499999999999,United Kingdom,2011-05-24 14:39:00,428,2,3,3,233,At Risk,Low Value/At Risk
15315,64,2,570.5,United Kingdom,2011-10-06 12:51:00,116,3,2,2,322,Need Attention,Medium Value
15316,327,1,165.0,United Kingdom,2011-01-17 11:34:00,327,2,1,1,211,About to Sleep,Low Value/At Risk
15317,677,1,129.75,United Kingdom,2010-01-31 15:55:00,677,1,1,1,111,At Risk,Low Value/At Risk
15318,4,1,312.62,United Kingdom,2011-12-06 11:30:00,4,5,1,2,512,New Customers,Medium Value
15319,284,1,204.5,United Kingdom,2011-03-01 12:48:00,284,2,1,1,211,About to Sleep,Low Value/At Risk
15320,44,1,267.13,United Kingdom,2011-10-26 13:27:00,44,4,1,1,411,New Customers,Medium Value
15321,71,12,6709.7300000000005,United Kingdom,2011-09-30 09:40:00,675,3,5,5,355,Loyal,High Value
15322,86,2,1390.86,United Kingdom,2011-09-15 09:34:00,476,3,2,4,324,Need Attention,Medium Value
15323,563,3,434.6,United Kingdom,2010-05-26 10:01:00,662,1,3,2,132,At Risk,Low Value/At Risk
15324,701,1,140.22000000000003,United Kingdom,2010-01-07 14:37:00,701,1,1,1,111,At Risk,Low Value/At Risk
15325,104,8,1602.01,United Kingdom,2011-08-28 11:55:00,661,3,4,4,344,Loyal,High Value
15326,334,5,1700.52,United Kingdom,2011-01-10 11:38:00,738,2,4,4,244,At Risk,Low Value/At Risk
15327,53,1,208.75,United Kingdom,2011-10-18 11:55:00,53,4,1,1,411,New Customers,Medium Value
15328,408,1,107.24,United Kingdom,2010-10-28 09:05:00,408,2,1,1,211,About to Sleep,Low Value/At Risk
15329,39,11,2984.33,United Kingdom,2011-10-31 15:36:00,726,4,5,5,455,Champions,High Value
15330,32,2,714.96,United Kingdom,2011-11-07 17:50:00,61,4,2,3,423,New Customers,Medium Value
15331,500,3,767.91,United Kingdom,2010-07-28 09:42:00,609,1,3,3,133,At Risk,Low Value/At Risk
15332,366,6,6553.74,Lithuania,2010-12-08 14:43:00,513,2,4,5,245,At Risk,Low Value/At Risk
15333,208,1,1028.56,United Kingdom,2011-05-15 13:27:00,208,2,1,3,213,About to Sleep,Low Value/At Risk
15334,157,3,351.67,United Kingdom,2011-07-06 11:22:00,173,3,3,2,332,Potential,High Value
15335,54,1,173.97,United Kingdom,2011-10-17 12:50:00,54,4,1,1,411,New Customers,Medium Value
15336,402,1,240.5,United Kingdom,2010-11-03 12:39:00,402,2,1,1,211,About to Sleep,Low Value/At Risk
15337,411,1,373.02,United Kingdom,2010-10-24 15:29:00,411,1,1,2,112,At Risk,Low Value/At Risk
15338,677,1,283.43,United Kingdom,2010-01-31 14:25:00,677,1,1,1,111,At Risk,Low Value/At Risk
15339,66,7,1827.84,United Kingdom,2011-10-04 12:51:00,669,3,4,4,344,Loyal,High Value
15340,562,1,105.5,United Kingdom,2010-05-27 10:27:00,562,1,1,1,111,At Risk,Low Value/At Risk
15341,81,2,2402.7200000000003,United Kingdom,2011-09-20 09:40:00,449,3,2,4,324,Need Attention,Medium Value
15342,130,1,406.09,United Kingdom,2011-08-02 10:19:00,130,3,1,2,312,About to Sleep,Low Value/At Risk
15343,87,1,364.5,United Kingdom,2011-09-13 13:55:00,87,3,1,2,312,About to Sleep,Low Value/At Risk
15344,1,3,563.94,United Kingdom,2011-12-09 10:45:00,74,5,3,2,532,Potential,High Value
15345,46,1,393.54,United Kingdom,2011-10-25 11:28:00,46,4,1,2,412,New Customers,Medium Value
15346,333,3,596.12,United Kingdom,2011-01-11 11:18:00,431,2,3,2,232,At Risk,Low Value/At Risk
15347,366,4,1363.6,United Kingdom,2010-12-08 15:25:00,438,2,3,4,234,At Risk,Low Value/At Risk
15348,72,1,158.04,United Kingdom,2011-09-28 13:17:00,72,3,1,1,311,About to Sleep,Low Value/At Risk
15349,158,2,473.81,United Kingdom,2011-07-04 16:06:00,187,3,2,2,322,Need Attention,Medium Value
15350,373,2,663.25,United Kingdom,2010-12-01 13:33:00,383,2,2,3,223,Need Attention,Medium Value
15351,12,10,3738.29,United Kingdom,2011-11-27 12:52:00,433,5,5,5,555,Champions,High Value
15352,549,1,114.95,United Kingdom,2010-06-09 11:28:00,549,1,1,1,111,At Risk,Low Value/At Risk
15353,255,7,3175.95,United Kingdom,2011-03-30 12:15:00,738,2,4,5,245,At Risk,Low Value/At Risk
15354,603,3,284.4,United Kingdom,2010-04-15 16:24:00,603,1,3,1,131,At Risk,Low Value/At Risk
15355,29,2,277.05,United Kingdom,2011-11-10 13:44:00,53,4,2,1,421,New Customers,Medium Value
15356,31,13,3464.95,United Kingdom,2011-11-08 13:11:00,422,4,5,5,455,Champions,High Value
15358,5,42,17050.41,United Kingdom,2011-12-05 09:04:00,733,5,5,5,555,Champions,High Value
15359,663,8,181.35,United Kingdom,2010-02-15 10:47:00,694,1,4,1,141,At Risk,Low Value/At Risk
15360,40,1,427.93,United Kingdom,2011-10-31 09:35:00,40,4,1,2,412,New Customers,Medium Value
15361,362,4,689.07,United Kingdom,2010-12-13 09:52:00,543,2,3,3,233,At Risk,Low Value/At Risk
15362,449,2,613.08,United Kingdom,2010-09-17 10:37:00,739,1,2,2,122,At Risk,Low Value/At Risk
15363,373,2,1004.11,United Kingdom,2010-12-02 12:28:00,493,2,2,3,223,Need Attention,Medium Value
15364,96,2,913.19,United Kingdom,2011-09-05 09:46:00,254,3,2,3,323,Need Attention,Medium Value
15365,26,13,4557.13,United Kingdom,2011-11-14 08:29:00,673,4,5,5,455,Champions,High Value
15366,75,7,2389.08,United Kingdom,2011-09-25 15:01:00,652,3,4,4,344,Loyal,High Value
15367,57,11,5081.33,United Kingdom,2011-10-13 14:13:00,729,4,5,5,455,Champions,High Value
15368,21,2,722.74,United Kingdom,2011-11-18 14:42:00,394,4,2,3,423,New Customers,Medium Value
15369,492,11,6251.26,United Kingdom,2010-08-04 13:54:00,732,1,5,5,155,At Risk,Low Value/At Risk
15370,41,8,3739.01,United Kingdom,2011-10-30 10:58:00,411,4,4,5,445,Champions,High Value
15371,662,1,59.400000000000006,United Kingdom,2010-02-15 13:14:00,662,1,1,1,111,At Risk,Low Value/At Risk
15372,137,8,6017.06,United Kingdom,2011-07-25 16:39:00,664,3,4,5,345,Loyal,High Value
15373,8,17,3421.39,United Kingdom,2011-12-01 15:05:00,587,5,5,5,555,Champions,High Value
15374,129,2,307.32,United Kingdom,2011-08-03 09:59:00,625,3,2,2,322,Need Attention,Medium Value
15375,690,1,60.959999999999994,United Kingdom,2010-01-18 15:38:00,690,1,1,1,111,At Risk,Low Value/At Risk
15376,40,3,1233.3600000000001,United Kingdom,2011-10-30 15:04:00,222,4,3,3,433,Loyal,High Value
15377,383,4,1211.75,United Kingdom,2010-11-22 08:55:00,416,2,3,3,233,At Risk,Low Value/At Risk
15378,463,2,246.5,United Kingdom,2010-09-03 11:30:00,502,1,2,1,121,At Risk,Low Value/At Risk
15379,169,8,4877.84,United Kingdom,2011-06-23 13:13:00,401,3,4,5,345,Loyal,High Value
15380,9,11,3479.0600000000004,United Kingdom,2011-12-01 12:13:00,738,5,5,5,555,Champions,High Value
15381,214,5,1890.5700000000002,United Kingdom,2011-05-10 11:55:00,583,2,4,4,244,At Risk,Low Value/At Risk
15382,15,12,13733.550000000001,United Kingdom,2011-11-25 10:58:00,735,5,5,5,555,Champions,High Value
15384,170,4,2027.79,United Kingdom,2011-06-23 10:57:00,593,3,3,4,334,Loyal,High Value
15385,40,3,942.08,United Kingdom,2011-10-30 15:11:00,677,4,3,3,433,Loyal,High Value
15386,186,1,394.14,United Kingdom,2011-06-06 13:47:00,186,3,1,2,312,About to Sleep,Low Value/At Risk
15387,492,1,468.65,United Kingdom,2010-08-04 16:05:00,492,1,1,2,112,At Risk,Low Value/At Risk
15388,270,1,140.54,Canada,2011-03-14 13:53:00,270,2,1,1,211,About to Sleep,Low Value/At Risk
15389,172,5,2733.8,United Kingdom,2011-06-20 16:18:00,682,3,4,4,344,Loyal,High Value
15390,396,2,1216.66,Canada,2010-11-08 15:19:00,409,2,2,3,223,Need Attention,Medium Value
15391,584,1,289.87,United Kingdom,2010-05-04 15:04:00,584,1,1,1,111,At Risk,Low Value/At Risk
15392,5,7,2911.62,United Kingdom,2011-12-05 11:01:00,432,5,4,4,544,Champions,High Value
15393,16,5,891.34,United Kingdom,2011-11-23 16:48:00,724,5,4,3,543,Loyal,High Value
15394,10,11,5286.8,United Kingdom,2011-11-30 11:49:00,724,5,5,5,555,Champions,High Value
15395,326,1,107.45,United Kingdom,2011-01-18 12:40:00,326,2,1,1,211,About to Sleep,Low Value/At Risk
15396,113,2,796.38,United Kingdom,2011-08-19 10:56:00,584,3,2,3,323,Need Attention,Medium Value
15397,290,1,94.0,United Kingdom,2011-02-23 09:25:00,290,2,1,1,211,About to Sleep,Low Value/At Risk
15398,16,2,1345.53,United Kingdom,2011-11-23 16:47:00,78,5,2,4,524,New Customers,Medium Value
15399,1,3,815.77,United Kingdom,2011-12-08 13:04:00,79,5,3,3,533,Loyal,High Value
15400,92,8,1302.3,United Kingdom,2011-09-08 13:57:00,561,3,4,4,344,Loyal,High Value
15401,452,2,216.95000000000002,United Kingdom,2010-09-13 13:42:00,569,1,2,1,121,At Risk,Low Value/At Risk
15402,149,6,1830.54,United Kingdom,2011-07-14 12:17:00,592,3,4,4,344,Loyal,High Value
15403,492,2,170.88,United Kingdom,2010-08-05 12:21:00,731,1,2,1,121,At Risk,Low Value/At Risk
15404,376,1,257.06,United Kingdom,2010-11-29 11:03:00,376,2,1,1,211,About to Sleep,Low Value/At Risk
15405,189,2,659.84,United Kingdom,2011-06-03 14:44:00,576,2,2,3,223,Need Attention,Medium Value
15406,31,4,975.87,United Kingdom,2011-11-08 13:22:00,453,4,3,3,433,Loyal,High Value
15407,34,4,1056.44,United Kingdom,2011-11-06 11:55:00,305,4,3,3,433,Loyal,High Value
15408,264,1,267.18,United Kingdom,2011-03-20 15:02:00,264,2,1,1,211,About to Sleep,Low Value/At Risk
15409,721,1,131.25,United Kingdom,2009-12-18 15:35:00,721,1,1,1,111,At Risk,Low Value/At Risk
15410,84,10,4685.72,United Kingdom,2011-09-16 14:47:00,600,3,5,5,355,Loyal,High Value
15411,26,4,1358.88,United Kingdom,2011-11-13 15:19:00,183,4,3,4,434,Loyal,High Value
15412,171,1,190.53,United Kingdom,2011-06-21 15:24:00,171,3,1,1,311,About to Sleep,Low Value/At Risk
15413,692,5,6798.72,United Kingdom,2010-01-17 11:33:00,739,1,4,5,145,At Risk,Low Value/At Risk
15414,10,3,774.9000000000001,United Kingdom,2011-11-30 09:50:00,242,5,3,3,533,Loyal,High Value
15415,313,1,572.8100000000001,United Kingdom,2011-01-30 14:13:00,313,2,1,2,212,About to Sleep,Low Value/At Risk
15416,65,7,4572.82,United Kingdom,2011-10-06 09:38:00,677,3,4,5,345,Loyal,High Value
15417,85,1,508.8,United Kingdom,2011-09-15 15:26:00,85,3,1,2,312,About to Sleep,Low Value/At Risk
15418,425,2,452.32,United Kingdom,2010-10-10 13:38:00,587,1,2,2,122,At Risk,Low Value/At Risk
15419,25,1,135.86,United Kingdom,2011-11-15 09:23:00,25,4,1,1,411,New Customers,Medium Value
15420,434,6,743.0,United Kingdom,2010-10-01 15:46:00,734,1,4,3,143,At Risk,Low Value/At Risk
15421,59,10,3805.34,United Kingdom,2011-10-12 09:20:00,732,3,5,5,355,Loyal,High Value
15422,323,7,1619.97,United Kingdom,2011-01-20 16:17:00,671,2,4,4,244,At Risk,Low Value/At Risk
15423,38,3,266.89,United Kingdom,2011-11-01 14:01:00,621,4,3,1,431,Potential,High Value
15424,254,3,597.78,United Kingdom,2011-03-30 13:02:00,463,2,3,2,232,At Risk,Low Value/At Risk
15425,400,4,1944.57,United Kingdom,2010-11-04 18:13:00,664,2,3,4,234,At Risk,Low Value/At Risk
15426,19,9,2615.39,United Kingdom,2011-11-20 15:36:00,586,5,5,4,554,Champions,High Value
15427,33,3,1483.14,United Kingdom,2011-11-06 14:29:00,47,4,3,4,434,Loyal,High Value
15428,15,4,762.75,United Kingdom,2011-11-24 16:54:00,722,5,3,3,533,Loyal,High Value
15429,27,2,397.35,United Kingdom,2011-11-13 12:28:00,75,4,2,2,422,New Customers,Medium Value
15430,468,2,954.75,United Kingdom,2010-08-29 10:42:00,528,1,2,3,123,At Risk,Low Value/At Risk
15431,503,1,153.24,United Kingdom,2010-07-25 12:44:00,503,1,1,1,111,At Risk,Low Value/At Risk
15432,23,2,320.76,United Kingdom,2011-11-16 16:30:00,541,4,2,2,422,New Customers,Medium Value
15433,214,2,533.3,United Kingdom,2011-05-10 10:45:00,267,2,2,2,222,Need Attention,Medium Value
15434,8,11,2567.06,United Kingdom,2011-12-01 13:33:00,684,5,5,4,554,Champions,High Value
15435,22,1,149.29,United Kingdom,2011-11-17 16:39:00,22,4,1,1,411,New Customers,Medium Value
15436,12,3,1122.53,United Kingdom,2011-11-27 16:05:00,234,5,3,3,533,Loyal,High Value
15437,262,2,393.45,United Kingdom,2011-03-22 13:11:00,641,2,2,2,222,Need Attention,Medium Value
15438,131,1,156.57999999999998,United Kingdom,2011-07-31 14:19:00,131,3,1,1,311,About to Sleep,Low Value/At Risk
15439,405,4,1269.05,United Kingdom,2010-10-31 10:38:00,654,2,3,4,234,At Risk,Low Value/At Risk
15440,55,3,383.68,United Kingdom,2011-10-16 12:16:00,209,4,3,2,432,Potential,High Value
15441,396,3,1254.21,United Kingdom,2010-11-08 15:50:00,730,2,3,4,234,At Risk,Low Value/At Risk
15442,249,1,594.0,United Kingdom,2011-04-05 12:24:00,249,2,1,2,212,About to Sleep,Low Value/At Risk
15443,2,14,5175.93,United Kingdom,2011-12-08 10:40:00,643,5,5,5,555,Champions,High Value
15444,9,2,1418.26,United Kingdom,2011-11-30 17:37:00,40,5,2,4,524,New Customers,Medium Value
15445,264,2,284.5,United Kingdom,2011-03-20 15:06:00,590,2,2,1,221,Need Attention,Medium Value
15446,377,3,406.95,United Kingdom,2010-11-28 11:59:00,726,2,3,2,232,At Risk,Low Value/At Risk
15447,331,5,492.88,United Kingdom,2011-01-13 11:26:00,625,2,4,2,242,At Risk,Low Value/At Risk
15448,313,2,788.81,United Kingdom,2011-01-31 10:42:00,674,2,2,3,223,Need Attention,Medium Value
15449,26,3,974.52,United Kingdom,2011-11-13 15:02:00,262,4,3,3,433,Loyal,High Value
15450,30,1,429.84,United Kingdom,2011-11-09 17:11:00,30,4,1,2,412,New Customers,Medium Value
15451,434,2,233.21,United Kingdom,2010-10-01 13:40:00,599,1,2,1,121,At Risk,Low Value/At Risk
15452,30,6,1799.1100000000001,United Kingdom,2011-11-10 12:13:00,511,4,4,4,444,Champions,High Value
15453,2,7,1388.37,United Kingdom,2011-12-08 10:59:00,188,5,4,4,544,Champions,High Value
15454,362,2,307.69,United Kingdom,2010-12-12 14:21:00,618,2,2,2,222,Need Attention,Medium Value
15455,598,1,38.25,United Kingdom,2010-04-21 12:43:00,598,1,1,1,111,At Risk,Low Value/At Risk
15456,283,10,2119.27,United Kingdom,2011-03-01 13:51:00,731,2,5,4,254,At Risk,Low Value/At Risk
15457,262,1,237.07,United Kingdom,2011-03-22 15:31:00,262,2,1,1,211,About to Sleep,Low Value/At Risk
15458,25,2,370.43999999999994,United Kingdom,2011-11-14 13:08:00,402,4,2,2,422,New Customers,Medium Value
15459,417,2,202.82999999999998,United Kingdom,2010-10-18 15:25:00,497,1,2,1,121,At Risk,Low Value/At Risk
15460,354,1,216.76,United Kingdom,2010-12-20 16:08:00,354,2,1,1,211,About to Sleep,Low Value/At Risk
15461,461,2,429.7,United Kingdom,2010-09-05 12:31:00,632,1,2,2,122,At Risk,Low Value/At Risk
15462,94,4,737.05,United Kingdom,2011-09-06 13:11:00,446,3,3,3,333,Loyal,High Value
15463,29,1,126.14,United Kingdom,2011-11-10 12:57:00,29,4,1,1,411,New Customers,Medium Value
15464,338,1,1048.85,United Kingdom,2011-01-05 15:56:00,338,2,1,3,213,About to Sleep,Low Value/At Risk
15465,20,32,12655.65,United Kingdom,2011-11-20 10:11:00,730,4,5,5,455,Champions,High Value
15466,85,4,1571.01,United Kingdom,2011-09-15 14:08:00,737,3,3,4,334,Loyal,High Value
15467,9,3,524.88,United Kingdom,2011-11-30 14:17:00,152,5,3,2,532,Potential,High Value
15468,51,3,1430.48,United Kingdom,2011-10-19 13:49:00,393,4,3,4,434,Loyal,High Value
15469,50,3,874.25,United Kingdom,2011-10-20 16:21:00,439,4,3,3,433,Loyal,High Value
15470,576,1,63.419999999999995,United Kingdom,2010-05-13 09:35:00,576,1,1,1,111,At Risk,Low Value/At Risk
15471,2,3,1316.56,United Kingdom,2011-12-07 14:12:00,551,5,3,4,534,Loyal,High Value
15472,113,1,371.56,United Kingdom,2011-08-18 15:17:00,113,3,1,2,312,About to Sleep,Low Value/At Risk
15473,14,8,2046.0,United Kingdom,2011-11-25 15:15:00,445,5,4,4,544,Champions,High Value
15474,596,1,163.1,United Kingdom,2010-04-23 11:14:00,596,1,1,1,111,At Risk,Low Value/At Risk
15475,77,1,454.10999999999996,United Kingdom,2011-09-23 15:20:00,77,3,1,2,312,About to Sleep,Low Value/At Risk
15476,380,4,2209.98,United Kingdom,2010-11-24 15:17:00,442,2,3,4,234,At Risk,Low Value/At Risk
15477,650,1,368.4,United Kingdom,2010-02-28 10:37:00,650,1,1,2,112,At Risk,Low Value/At Risk
15478,40,3,2024.98,United Kingdom,2011-10-30 14:19:00,575,4,3,4,434,Loyal,High Value
15479,733,1,147.4,United Kingdom,2009-12-06 15:08:00,733,1,1,1,111,At Risk,Low Value/At Risk
15480,116,5,6279.0,Malta,2011-08-15 14:32:00,676,3,4,5,345,Loyal,High Value
15481,401,1,1993.34,Norway,2010-11-03 14:52:00,401,2,1,4,214,About to Sleep,Low Value/At Risk
15482,16,19,14592.56,United Kingdom,2011-11-24 10:46:00,737,5,5,5,555,Champions,High Value
15483,161,10,862.2,United Kingdom,2011-07-01 13:07:00,684,3,5,3,353,Loyal,High Value
15484,1,6,4656.0,United Kingdom,2011-12-08 15:03:00,734,5,4,5,545,Champions,High Value
15485,30,7,5771.51,United Kingdom,2011-11-09 14:31:00,738,4,4,5,445,Champions,High Value
15486,527,1,102.0,United Kingdom,2010-06-30 13:15:00,527,1,1,1,111,At Risk,Low Value/At Risk
15487,680,1,231.32,United Kingdom,2010-01-29 12:07:00,680,1,1,1,111,At Risk,Low Value/At Risk
15488,93,5,431.92,United Kingdom,2011-09-08 10:11:00,583,3,4,2,342,Potential,High Value
15489,23,8,2419.61,United Kingdom,2011-11-17 08:53:00,693,4,4,4,444,Champions,High Value
15490,430,1,217.6,United Kingdom,2010-10-05 13:11:00,430,1,1,1,111,At Risk,Low Value/At Risk
15491,95,6,3100.09,United Kingdom,2011-09-05 15:56:00,236,3,4,5,345,Loyal,High Value
15492,28,2,659.4599999999999,United Kingdom,2011-11-11 14:53:00,74,4,2,3,423,New Customers,Medium Value
15493,33,9,4314.9800000000005,United Kingdom,2011-11-07 12:04:00,655,4,5,5,455,Champions,High Value
15494,21,5,3780.05,United Kingdom,2011-11-18 14:51:00,729,4,4,5,445,Champions,High Value
15495,379,1,246.5,United Kingdom,2010-11-25 13:46:00,379,2,1,1,211,About to Sleep,Low Value/At Risk
15496,631,1,146.14000000000001,United Kingdom,2010-03-18 13:16:00,631,1,1,1,111,At Risk,Low Value/At Risk
15497,18,9,8657.39,United Kingdom,2011-11-22 11:51:00,721,5,5,5,555,Champions,High Value
15498,3,44,26039.58,United Kingdom,2011-12-07 12:48:00,723,5,5,5,555,Champions,High Value
15499,724,1,161.6,United Kingdom,2009-12-16 12:17:00,724,1,1,1,111,At Risk,Low Value/At Risk
15500,8,4,1131.56,United Kingdom,2011-12-01 13:47:00,81,5,3,3,533,Loyal,High Value
15501,405,2,402.5,United Kingdom,2010-10-31 11:15:00,416,2,2,2,222,Need Attention,Medium Value
15502,16,14,13993.47,United Kingdom,2011-11-24 12:48:00,555,5,5,5,555,Champions,High Value
15503,363,2,267.15,United Kingdom,2010-12-12 10:57:00,727,2,2,1,221,Need Attention,Medium Value
15504,81,4,423.85,United Kingdom,2011-09-19 13:45:00,666,3,3,2,332,Potential,High Value
15505,53,5,3610.96,United Kingdom,2011-10-18 07:56:00,155,4,4,5,445,Champions,High Value
15506,23,6,2040.03,United Kingdom,2011-11-17 12:11:00,478,4,4,4,444,Champions,High Value
15507,172,1,492.36,United Kingdom,2011-06-21 11:19:00,172,3,1,2,312,About to Sleep,Low Value/At Risk
15508,189,6,1000.27,United Kingdom,2011-06-03 15:43:00,235,2,4,3,243,At Risk,Low Value/At Risk
15509,380,1,166.51,United Kingdom,2010-11-24 14:48:00,380,2,1,1,211,About to Sleep,Low Value/At Risk
15510,331,1,250.0,United Kingdom,2011-01-13 12:10:00,331,2,1,1,211,About to Sleep,Low Value/At Risk
15511,12,5,909.23,United Kingdom,2011-11-28 09:43:00,85,5,4,3,543,Loyal,High Value
15512,156,4,331.58,United Kingdom,2011-07-07 10:20:00,676,3,3,2,332,Potential,High Value
15513,33,35,27750.55,United Kingdom,2011-11-06 14:36:00,695,4,5,5,455,Champions,High Value
15514,12,18,6598.55,United Kingdom,2011-11-27 14:40:00,735,5,5,5,555,Champions,High Value
15515,387,1,171.81,United Kingdom,2010-11-17 13:39:00,387,2,1,1,211,About to Sleep,Low Value/At Risk
15516,45,3,62.43,United Kingdom,2011-10-26 10:51:00,47,4,3,1,431,Potential,High Value
15517,233,1,267.03,United Kingdom,2011-04-20 14:02:00,233,2,1,1,211,About to Sleep,Low Value/At Risk
15518,64,15,4218.94,United Kingdom,2011-10-06 13:05:00,720,3,5,5,355,Loyal,High Value
15519,383,2,344.61,United Kingdom,2010-11-21 14:35:00,446,2,2,2,222,Need Attention,Medium Value
15520,2,1,343.5,United Kingdom,2011-12-08 10:58:00,2,5,1,2,512,New Customers,Medium Value
15521,40,16,7106.69,United Kingdom,2011-10-30 13:42:00,704,4,5,5,455,Champions,High Value
15522,33,2,398.84,United Kingdom,2011-11-07 11:26:00,88,4,2,2,422,New Customers,Medium Value
15523,84,16,17359.99,United Kingdom,2011-09-16 16:29:00,737,3,5,5,355,Loyal,High Value
15524,25,2,591.4,United Kingdom,2011-11-15 12:09:00,607,4,2,2,422,New Customers,Medium Value
15525,2,4,1295.7,United Kingdom,2011-12-07 14:43:00,383,5,3,4,534,Loyal,High Value
15526,33,2,148.44,United Kingdom,2011-11-06 15:04:00,33,4,2,1,421,New Customers,Medium Value
15527,19,23,5575.64,United Kingdom,2011-11-21 12:17:00,724,5,5,5,555,Champions,High Value
15528,254,1,229.33,United Kingdom,2011-03-30 16:14:00,254,2,1,1,211,About to Sleep,Low Value/At Risk
15529,23,12,5111.95,United Kingdom,2011-11-17 11:29:00,394,4,5,5,455,Champions,High Value
15530,22,5,1813.72,United Kingdom,2011-11-18 12:25:00,513,4,4,4,444,Champions,High Value
15531,8,2,2007.44,United Kingdom,2011-12-01 18:43:00,30,5,2,4,524,New Customers,Medium Value
15532,25,10,3771.9,United Kingdom,2011-11-14 14:51:00,549,4,5,5,455,Champions,High Value
15533,19,3,807.57,United Kingdom,2011-11-20 15:35:00,89,5,3,3,533,Loyal,High Value
15534,726,1,162.25,United Kingdom,2009-12-14 12:48:00,726,1,1,1,111,At Risk,Low Value/At Risk
15535,173,6,1087.82,United Kingdom,2011-06-19 16:02:00,449,3,4,3,343,Loyal,High Value
15536,409,1,259.09,United Kingdom,2010-10-26 16:31:00,409,2,1,1,211,About to Sleep,Low Value/At Risk
15537,163,1,110.92,United Kingdom,2011-06-29 13:10:00,163,3,1,1,311,About to Sleep,Low Value/At Risk
15538,538,6,3358.3999999999996,United Kingdom,2010-06-20 10:49:00,664,1,4,5,145,At Risk,Low Value/At Risk
15539,7,1,538.46,United Kingdom,2011-12-02 13:36:00,7,5,1,2,512,New Customers,Medium Value
15540,11,2,460.68,United Kingdom,2011-11-28 13:51:00,376,5,2,2,522,New Customers,Medium Value
15541,114,1,85.13000000000001,United Kingdom,2011-08-17 14:58:00,114,3,1,1,311,About to Sleep,Low Value/At Risk
15542,512,3,918.45,United Kingdom,2010-07-15 13:32:00,738,1,3,3,133,At Risk,Low Value/At Risk
15543,288,2,242.84,United Kingdom,2011-02-24 15:26:00,460,2,2,1,221,Need Attention,Medium Value
15544,9,20,8162.43,United Kingdom,2011-11-30 16:43:00,680,5,5,5,555,Champions,High Value
15545,54,2,428.05,United Kingdom,2011-10-16 13:24:00,371,4,2,2,422,New Customers,Medium Value
15546,607,2,1079.1000000000001,United Kingdom,2010-04-12 11:51:00,607,1,2,3,123,At Risk,Low Value/At Risk
15547,7,26,10154.39,United Kingdom,2011-12-02 12:52:00,733,5,5,5,555,Champions,High Value
15548,596,1,158.09,United Kingdom,2010-04-23 12:20:00,596,1,1,1,111,At Risk,Low Value/At Risk
15549,77,8,2345.96,United Kingdom,2011-09-23 16:22:00,697,3,4,4,344,Loyal,High Value
15550,4,12,2218.8,United Kingdom,2011-12-05 15:38:00,736,5,5,4,554,Champions,High Value
15551,37,7,1710.08,United Kingdom,2011-11-03 12:37:00,550,4,4,4,444,Champions,High Value
15552,217,2,252.52,United Kingdom,2011-05-06 14:47:00,623,2,2,1,221,Need Attention,Medium Value
15553,60,1,437.23,United Kingdom,2011-10-10 14:02:00,60,3,1,2,312,About to Sleep,Low Value/At Risk
15554,278,1,217.2,United Kingdom,2011-03-07 09:00:00,278,2,1,1,211,About to Sleep,Low Value/At Risk
15555,12,36,12112.35,United Kingdom,2011-11-27 16:19:00,734,5,5,5,555,Champions,High Value
15556,24,1,279.77,United Kingdom,2011-11-15 16:08:00,24,4,1,1,411,New Customers,Medium Value
15557,29,1,473.65000000000003,United Kingdom,2011-11-11 12:46:00,29,4,1,2,412,New Customers,Medium Value
15558,639,1,214.13,United Kingdom,2010-03-10 15:25:00,639,1,1,1,111,At Risk,Low Value/At Risk
15559,568,1,1109.4,United Kingdom,2010-05-20 14:06:00,568,1,1,3,113,At Risk,Low Value/At Risk
15560,398,2,153.52,United Kingdom,2010-11-07 10:15:00,398,2,2,1,221,Need Attention,Medium Value
15561,12,8,1934.3899999999999,United Kingdom,2011-11-28 11:07:00,664,5,4,4,544,Champions,High Value
15562,352,3,673.3800000000001,United Kingdom,2010-12-23 09:55:00,726,2,3,3,233,At Risk,Low Value/At Risk
15563,22,7,2867.0,United Kingdom,2011-11-17 14:50:00,681,4,4,4,444,Champions,High Value
15564,463,2,70.74000000000001,United Kingdom,2010-09-02 15:52:00,676,1,2,1,121,At Risk,Low Value/At Risk
15565,50,2,173.16,United Kingdom,2011-10-20 14:33:00,71,4,2,1,421,New Customers,Medium Value
15566,393,2,227.87,United Kingdom,2010-11-12 12:11:00,724,2,2,1,221,Need Attention,Medium Value
15567,19,1,186.01,United Kingdom,2011-11-21 10:48:00,19,5,1,1,511,New Customers,Medium Value
15568,3,3,758.29,United Kingdom,2011-12-07 11:27:00,73,5,3,3,533,Loyal,High Value
15569,104,10,3586.35,United Kingdom,2011-08-28 10:15:00,650,3,5,5,355,Loyal,High Value
15570,7,25,9311.04,United Kingdom,2011-12-02 14:47:00,621,5,5,5,555,Champions,High Value
15571,12,14,4051.63,United Kingdom,2011-11-28 10:02:00,734,5,5,5,555,Champions,High Value
15572,5,10,4068.67,United Kingdom,2011-12-05 10:09:00,604,5,5,5,555,Champions,High Value
15573,32,5,1207.18,United Kingdom,2011-11-08 11:38:00,729,4,4,3,443,Loyal,High Value
15574,178,6,1518.7,United Kingdom,2011-06-15 12:01:00,464,3,4,4,344,Loyal,High Value
15575,620,1,30.1,United Kingdom,2010-03-30 12:50:00,620,1,1,1,111,At Risk,Low Value/At Risk
15576,38,1,940.6700000000001,United Kingdom,2011-11-02 12:03:00,38,4,1,3,413,New Customers,Medium Value
15577,151,5,397.98,United Kingdom,2011-07-11 17:03:00,726,3,4,2,342,Potential,High Value
15578,162,1,127.1,United Kingdom,2011-06-30 13:03:00,162,3,1,1,311,About to Sleep,Low Value/At Risk
15579,69,5,1302.5,United Kingdom,2011-10-02 12:45:00,432,3,4,4,344,Loyal,High Value
15580,377,8,1381.19,United Kingdom,2010-11-28 11:00:00,671,2,4,4,244,At Risk,Low Value/At Risk
15581,121,38,7794.59,United Kingdom,2011-08-11 09:38:00,738,3,5,5,355,Loyal,High Value
15582,25,3,682.9100000000001,United Kingdom,2011-11-15 09:55:00,220,4,3,3,433,Loyal,High Value
15583,376,1,107.86,United Kingdom,2010-11-28 15:04:00,376,2,1,1,211,About to Sleep,Low Value/At Risk
15584,24,6,1277.5,United Kingdom,2011-11-16 10:55:00,671,4,4,4,444,Champions,High Value
15585,177,1,455.3,United Kingdom,2011-06-16 08:38:00,177,3,1,2,312,About to Sleep,Low Value/At Risk
15586,593,3,1139.1,United Kingdom,2010-04-26 11:00:00,701,1,3,3,133,At Risk,Low Value/At Risk
15587,50,7,1522.0800000000002,United Kingdom,2011-10-20 13:37:00,492,4,4,4,444,Champions,High Value
15588,678,1,579.6,United Kingdom,2010-01-31 12:19:00,678,1,1,2,112,At Risk,Low Value/At Risk
15589,256,3,478.53000000000003,United Kingdom,2011-03-29 09:54:00,311,2,3,2,232,At Risk,Low Value/At Risk
15590,382,5,1496.6,United Kingdom,2010-11-22 14:49:00,607,2,4,4,244,At Risk,Low Value/At Risk
15591,583,3,217.9,United Kingdom,2010-05-06 09:23:00,674,1,3,1,131,At Risk,Low Value/At Risk
15592,47,1,388.58,United Kingdom,2011-10-24 08:59:00,47,4,1,2,412,New Customers,Medium Value
15593,71,1,199.8,United Kingdom,2011-09-30 11:46:00,71,3,1,1,311,About to Sleep,Low Value/At Risk
15594,16,5,1771.78,United Kingdom,2011-11-24 08:53:00,235,5,4,4,544,Champions,High Value
15595,488,1,357.6,United Kingdom,2010-08-09 12:27:00,488,1,1,2,112,At Risk,Low Value/At Risk
15596,101,9,3130.04,United Kingdom,2011-08-31 10:55:00,500,3,5,5,355,Loyal,High Value
15597,35,2,563.37,United Kingdom,2011-11-04 13:26:00,575,4,2,2,422,New Customers,Medium Value
15598,53,2,548.02,United Kingdom,2011-10-17 16:04:00,428,4,2,2,422,New Customers,Medium Value
15599,27,3,1250.06,United Kingdom,2011-11-13 11:44:00,446,4,3,4,434,Loyal,High Value
15600,428,4,1199.31,United Kingdom,2010-10-07 14:30:00,594,1,3,3,133,At Risk,Low Value/At Risk
15601,11,30,14960.12,United Kingdom,2011-11-28 15:15:00,738,5,5,5,555,Champions,High Value
15602,8,16,3230.51,United Kingdom,2011-12-01 14:14:00,738,5,5,5,555,Champions,High Value
15603,79,2,88.48,United Kingdom,2011-09-22 10:04:00,648,3,2,1,321,Need Attention,Medium Value
15604,52,1,216.39,United Kingdom,2011-10-18 14:47:00,52,4,1,1,411,New Customers,Medium Value
15605,36,9,1936.8,United Kingdom,2011-11-03 14:17:00,694,4,5,4,454,Champions,High Value
15606,61,17,5230.99,United Kingdom,2011-10-09 15:47:00,647,3,5,5,355,Loyal,High Value
15607,337,9,1708.97,United Kingdom,2011-01-07 12:44:00,701,2,5,4,254,At Risk,Low Value/At Risk
15608,28,5,1785.98,United Kingdom,2011-11-11 13:20:00,416,4,4,4,444,Champions,High Value
15609,184,1,298.48,United Kingdom,2011-06-08 13:00:00,184,3,1,2,312,About to Sleep,Low Value/At Risk
15610,52,1,112.46000000000001,United Kingdom,2011-10-19 10:36:00,52,4,1,1,411,New Customers,Medium Value
15611,10,26,2997.28,United Kingdom,2011-11-30 12:36:00,683,5,5,5,555,Champions,High Value
15612,36,2,195.15,United Kingdom,2011-11-03 14:52:00,62,4,2,1,421,New Customers,Medium Value
15613,610,1,433.71999999999997,United Kingdom,2010-04-08 12:51:00,610,1,1,2,112,At Risk,Low Value/At Risk
15614,438,4,3147.36,United Kingdom,2010-09-28 10:46:00,627,1,3,5,135,At Risk,Low Value/At Risk
15615,10,47,21373.97,United Kingdom,2011-11-29 14:42:00,737,5,5,5,555,Champions,High Value
15616,438,1,317.11,United Kingdom,2010-09-27 13:10:00,438,1,1,2,112,At Risk,Low Value/At Risk
15617,396,3,828.5500000000001,United Kingdom,2010-11-08 16:07:00,507,2,3,3,233,At Risk,Low Value/At Risk
15618,33,4,776.851,United Kingdom,2011-11-07 08:34:00,137,4,3,3,433,Loyal,High Value
15619,11,1,336.40000000000003,United Kingdom,2011-11-29 08:14:00,11,5,1,2,512,New Customers,Medium Value
15620,57,4,1942.36,United Kingdom,2011-10-14 12:41:00,410,4,3,4,434,Loyal,High Value
15621,4,4,1293.03,United Kingdom,2011-12-05 14:01:00,22,5,3,4,534,Loyal,High Value
15622,43,17,7852.61,United Kingdom,2011-10-27 16:44:00,646,4,5,5,455,Champions,High Value
15623,141,8,2437.05,United Kingdom,2011-07-21 17:26:00,729,3,4,4,344,Loyal,High Value
15624,117,4,588.13,United Kingdom,2011-08-15 11:38:00,256,3,3,2,332,Potential,High Value
15625,104,9,3236.4,United Kingdom,2011-08-28 10:21:00,542,3,5,5,355,Loyal,High Value
15626,75,3,1067.52,United Kingdom,2011-09-26 10:03:00,421,3,3,3,333,Loyal,High Value
15627,457,2,566.9,United Kingdom,2010-09-08 14:14:00,523,1,2,2,122,At Risk,Low Value/At Risk
15628,5,17,5652.26,United Kingdom,2011-12-05 10:24:00,726,5,5,5,555,Champions,High Value
15629,450,4,2240.9,United Kingdom,2010-09-15 13:46:00,533,1,3,4,134,At Risk,Low Value/At Risk
15630,45,3,1481.4,United Kingdom,2011-10-25 15:36:00,644,4,3,4,434,Loyal,High Value
15631,642,1,596.67,United Kingdom,2010-03-07 14:52:00,642,1,1,2,112,At Risk,Low Value/At Risk
15632,16,8,3285.31,United Kingdom,2011-11-24 09:51:00,275,5,4,5,545,Champions,High Value
15633,509,13,4352.46,United Kingdom,2010-07-18 13:54:00,731,1,5,5,155,At Risk,Low Value/At Risk
15634,17,2,554.65,United Kingdom,2011-11-22 16:28:00,383,5,2,2,522,New Customers,Medium Value
15635,396,1,100.35,United Kingdom,2010-11-09 08:58:00,396,2,1,1,211,About to Sleep,Low Value/At Risk
15636,90,4,1444.58,United Kingdom,2011-09-11 11:17:00,570,3,3,4,334,Loyal,High Value
15637,53,5,797.59,United Kingdom,2011-10-18 08:28:00,724,4,4,3,443,Loyal,High Value
15638,379,6,2265.2,United Kingdom,2010-11-26 11:52:00,610,2,4,4,244,At Risk,Low Value/At Risk
15639,134,3,1065.08,United Kingdom,2011-07-28 14:30:00,605,3,3,3,333,Loyal,High Value
15640,4,29,23957.58,United Kingdom,2011-12-05 14:35:00,725,5,5,5,555,Champions,High Value
15641,105,12,5345.55,United Kingdom,2011-08-26 14:04:00,733,3,5,5,355,Loyal,High Value
15642,730,1,105.78000000000002,United Kingdom,2009-12-10 11:51:00,730,1,1,1,111,At Risk,Low Value/At Risk
15643,192,3,664.0,United Kingdom,2011-06-01 07:38:00,282,2,3,3,233,At Risk,Low Value/At Risk
15644,166,4,813.0,United Kingdom,2011-06-26 14:54:00,261,3,3,3,333,Loyal,High Value
15645,19,3,1055.17,United Kingdom,2011-11-21 11:55:00,425,5,3,3,533,Loyal,High Value
15646,158,5,974.61,United Kingdom,2011-07-05 09:53:00,410,3,4,3,343,Loyal,High Value
15647,415,1,169.0,United Kingdom,2010-10-20 15:09:00,415,1,1,1,111,At Risk,Low Value/At Risk
15648,204,2,657.35,United Kingdom,2011-05-19 15:53:00,267,2,2,3,223,Need Attention,Medium Value
15649,336,4,2170.35,United Kingdom,2011-01-07 13:34:00,387,2,3,4,234,At Risk,Low Value/At Risk
15650,522,2,553.88,United Kingdom,2010-07-06 10:41:00,629,1,2,2,122,At Risk,Low Value/At Risk
15651,37,5,1259.06,United Kingdom,2011-11-03 08:41:00,596,4,4,4,444,Champions,High Value
15652,91,5,1420.34,United Kingdom,2011-09-09 14:22:00,485,3,4,4,344,Loyal,High Value
15653,93,2,877.4399999999999,United Kingdom,2011-09-08 10:49:00,116,3,2,3,323,Need Attention,Medium Value
15654,9,2,922.53,United Kingdom,2011-11-30 13:08:00,26,5,2,3,523,New Customers,Medium Value
15655,243,1,560.67,United Kingdom,2011-04-10 15:25:00,243,2,1,2,212,About to Sleep,Low Value/At Risk
15656,45,4,748.5,United Kingdom,2011-10-25 14:56:00,284,4,3,3,433,Loyal,High Value
15657,23,1,30.0,United Kingdom,2011-11-17 12:19:00,23,4,1,1,411,New Customers,Medium Value
15658,190,8,2423.4700000000003,United Kingdom,2011-06-02 15:22:00,737,2,4,4,244,At Risk,Low Value/At Risk
15659,44,3,532.49,United Kingdom,2011-10-27 09:23:00,653,4,3,2,432,Potential,High Value
15660,25,15,2812.99,United Kingdom,2011-11-14 16:58:00,672,4,5,4,454,Champions,High Value
15661,317,8,1215.95,United Kingdom,2011-01-26 13:56:00,579,2,4,3,243,At Risk,Low Value/At Risk
15662,661,2,283.73,United Kingdom,2010-02-16 16:47:00,738,1,2,1,121,At Risk,Low Value/At Risk
15663,106,1,138.14,United Kingdom,2011-08-25 15:50:00,106,3,1,1,311,About to Sleep,Low Value/At Risk
15664,51,4,1254.03,United Kingdom,2011-10-20 10:57:00,650,4,3,4,434,Loyal,High Value
15665,168,5,4015.12,United Kingdom,2011-06-24 14:57:00,635,3,4,5,345,Loyal,High Value
15666,472,2,632.9399999999999,United Kingdom,2010-08-24 16:14:00,495,1,2,3,123,At Risk,Low Value/At Risk
15667,40,1,301.32,United Kingdom,2011-10-31 10:56:00,40,4,1,2,412,New Customers,Medium Value
15668,218,1,76.32000000000001,United Kingdom,2011-05-06 10:39:00,218,2,1,1,211,About to Sleep,Low Value/At Risk
15669,40,4,684.34,United Kingdom,2011-10-30 16:03:00,264,4,3,3,433,Loyal,High Value
15670,297,2,325.2,United Kingdom,2011-02-16 10:50:00,556,2,2,2,222,Need Attention,Medium Value
15671,19,7,2657.13,United Kingdom,2011-11-21 12:43:00,271,5,4,4,544,Champions,High Value
15672,725,1,45.300000000000004,United Kingdom,2009-12-14 16:52:00,725,1,1,1,111,At Risk,Low Value/At Risk
15673,88,9,6414.79,United Kingdom,2011-09-12 16:12:00,655,3,5,5,355,Loyal,High Value
15674,73,13,6948.2300000000005,United Kingdom,2011-09-27 15:17:00,731,3,5,5,355,Loyal,High Value
15675,81,4,542.04,United Kingdom,2011-09-19 13:48:00,404,3,3,2,332,Potential,High Value
15676,19,3,3435.76,United Kingdom,2011-11-21 12:40:00,284,5,3,5,535,Loyal,High Value
15677,49,3,1305.63,United Kingdom,2011-10-21 15:36:00,464,4,3,4,434,Loyal,High Value
15678,53,3,1893.89,United Kingdom,2011-10-18 09:25:00,523,4,3,4,434,Loyal,High Value
15679,24,4,781.28,United Kingdom,2011-11-15 16:19:00,183,4,3,3,433,Loyal,High Value
15680,9,10,4507.58,United Kingdom,2011-11-30 13:46:00,738,5,5,5,555,Champions,High Value
15681,25,14,2989.7,United Kingdom,2011-11-14 16:30:00,564,4,5,5,455,Champions,High Value
15682,599,2,318.24,United Kingdom,2010-04-19 15:30:00,687,1,2,2,122,At Risk,Low Value/At Risk
15683,117,2,524.54,United Kingdom,2011-08-14 12:56:00,474,3,2,2,322,Need Attention,Medium Value
15684,547,3,173.95,United Kingdom,2010-06-10 18:51:00,735,1,3,1,131,At Risk,Low Value/At Risk
15685,450,1,55.980000000000004,United Kingdom,2010-09-15 13:43:00,450,1,1,1,111,At Risk,Low Value/At Risk
15686,420,1,90.0,United Kingdom,2010-10-15 13:50:00,420,1,1,1,111,At Risk,Low Value/At Risk
15687,9,9,2993.1,United Kingdom,2011-12-01 08:33:00,330,5,5,5,555,Champions,High Value
15688,419,1,190.57,United Kingdom,2010-10-17 12:06:00,419,1,1,1,111,At Risk,Low Value/At Risk
15689,120,3,521.03,United Kingdom,2011-08-12 09:37:00,618,3,3,2,332,Potential,High Value
15690,4,2,239.76,United Kingdom,2011-12-05 15:59:00,101,5,2,1,521,New Customers,Medium Value
15691,252,4,571.3,United Kingdom,2011-04-01 15:13:00,733,2,3,2,232,At Risk,Low Value/At Risk
15692,28,1,191.04,United Kingdom,2011-11-11 14:12:00,28,4,1,1,411,New Customers,Medium Value
15693,659,1,37.5,United Kingdom,2010-02-18 14:37:00,659,1,1,1,111,At Risk,Low Value/At Risk
15694,1,24,10810.81,United Kingdom,2011-12-09 09:44:00,732,5,5,5,555,Champions,High Value
15695,267,4,1131.04,United Kingdom,2011-03-18 08:32:00,682,2,3,3,233,At Risk,Low Value/At Risk
15696,33,13,3906.57,United Kingdom,2011-11-06 14:02:00,684,4,5,5,455,Champions,High Value
15697,690,1,246.75,United Kingdom,2010-01-19 09:10:00,690,1,1,1,111,At Risk,Low Value/At Risk
15698,624,1,46.2,United Kingdom,2010-03-25 17:38:00,624,1,1,1,111,At Risk,Low Value/At Risk
15699,18,1,309.65,United Kingdom,2011-11-22 08:26:00,18,5,1,2,512,New Customers,Medium Value
15700,172,2,696.68,United Kingdom,2011-06-20 16:53:00,173,3,2,3,323,Need Attention,Medium Value
15701,2,4,1542.14,United Kingdom,2011-12-07 14:39:00,111,5,3,4,534,Loyal,High Value
15702,476,2,140.39000000000001,Nigeria,2010-08-20 14:50:00,682,1,2,1,121,At Risk,Low Value/At Risk
15703,265,1,211.5,United Kingdom,2011-03-20 10:51:00,265,2,1,1,211,About to Sleep,Low Value/At Risk
15704,140,6,3817.96,United Kingdom,2011-07-22 13:35:00,583,3,4,5,345,Loyal,High Value
15705,201,1,143.1,United Kingdom,2011-05-22 15:37:00,201,2,1,1,211,About to Sleep,Low Value/At Risk
15706,64,4,1060.56,United Kingdom,2011-10-07 10:09:00,116,3,3,3,333,Loyal,High Value
15707,35,4,945.58,United Kingdom,2011-11-04 14:35:00,86,4,3,3,433,Loyal,High Value
15708,41,9,4378.72,United Kingdom,2011-10-30 10:54:00,426,4,5,5,455,Champions,High Value
15709,284,2,327.85,United Kingdom,2011-03-01 10:38:00,589,2,2,2,222,Need Attention,Medium Value
15710,417,1,898.87,United Kingdom,2010-10-18 17:05:00,417,1,1,3,113,At Risk,Low Value/At Risk
15711,557,2,420.25,United Kingdom,2010-06-01 12:14:00,685,1,2,2,122,At Risk,Low Value/At Risk
15712,9,12,3472.4100000000003,United Kingdom,2011-11-30 14:09:00,739,5,5,5,555,Champions,High Value
15713,143,4,1010.79,United Kingdom,2011-07-19 13:34:00,724,3,3,3,333,Loyal,High Value
15714,12,5,784.8100000000001,United Kingdom,2011-11-28 11:26:00,556,5,4,3,543,Loyal,High Value
15715,556,5,658.02,United Kingdom,2010-06-02 09:56:00,620,1,4,3,143,At Risk,Low Value/At Risk
15716,146,11,3056.81,United Kingdom,2011-07-17 11:59:00,733,3,5,5,355,Loyal,High Value
15717,234,5,607.0,United Kingdom,2011-04-19 13:21:00,593,2,4,2,242,At Risk,Low Value/At Risk
15718,540,1,293.79,United Kingdom,2010-06-17 16:20:00,540,1,1,2,112,At Risk,Low Value/At Risk
15719,33,31,10223.06,United Kingdom,2011-11-07 12:29:00,739,4,5,5,455,Champions,High Value
15720,24,2,741.92,United Kingdom,2011-11-15 14:48:00,550,4,2,3,423,New Customers,Medium Value
15721,12,1,507.08,United Kingdom,2011-11-28 12:14:00,12,5,1,2,512,New Customers,Medium Value
15722,36,11,5258.1,United Kingdom,2011-11-04 11:43:00,640,4,5,5,455,Champions,High Value
15723,365,4,947.65,United Kingdom,2010-12-10 11:12:00,574,2,3,3,233,At Risk,Low Value/At Risk
15724,201,3,310.85,United Kingdom,2011-05-22 14:40:00,401,2,3,2,232,At Risk,Low Value/At Risk
15725,15,1,415.25,United Kingdom,2011-11-24 14:51:00,15,5,1,2,512,New Customers,Medium Value
15726,390,1,321.91,United Kingdom,2010-11-14 16:12:00,390,2,1,2,212,About to Sleep,Low Value/At Risk
15727,17,15,9445.51,United Kingdom,2011-11-23 12:36:00,685,5,5,5,555,Champions,High Value
15728,380,2,544.6,United Kingdom,2010-11-25 10:39:00,444,2,2,2,222,Need Attention,Medium Value
15729,213,3,192.55,United Kingdom,2011-05-11 12:36:00,403,2,3,1,231,At Risk,Low Value/At Risk
15730,66,5,1726.58,United Kingdom,2011-10-05 12:31:00,431,3,4,4,344,Loyal,High Value
15731,554,1,125.3,United Kingdom,2010-06-04 10:10:00,554,1,1,1,111,At Risk,Low Value/At Risk
15732,212,10,1682.07,United Kingdom,2011-05-11 14:24:00,674,2,5,4,254,At Risk,Low Value/At Risk
15733,283,1,162.3,United Kingdom,2011-03-02 09:05:00,283,2,1,1,211,About to Sleep,Low Value/At Risk
15734,115,4,2263.3,United Kingdom,2011-08-17 10:50:00,547,3,3,4,334,Loyal,High Value
15735,421,1,327.68,United Kingdom,2010-10-14 13:38:00,421,1,1,2,112,At Risk,Low Value/At Risk
15736,435,2,1815.72,United Kingdom,2010-09-30 14:20:00,435,1,2,4,124,At Risk,Low Value/At Risk
15737,15,8,1205.1200000000001,United Kingdom,2011-11-25 11:21:00,243,5,4,3,543,Loyal,High Value
15738,19,41,13372.970000000001,United Kingdom,2011-11-21 08:26:00,729,5,5,5,555,Champions,High Value
15739,66,1,449.12,United Kingdom,2011-10-04 13:42:00,66,3,1,2,312,About to Sleep,Low Value/At Risk
15740,49,1,154.88,United Kingdom,2011-10-21 14:29:00,49,4,1,1,411,New Customers,Medium Value
15741,458,2,208.62,United Kingdom,2010-09-07 16:21:00,619,1,2,1,121,At Risk,Low Value/At Risk
15742,619,1,156.87,United Kingdom,2010-03-30 15:25:00,619,1,1,1,111,At Risk,Low Value/At Risk
15743,16,4,784.46,United Kingdom,2011-11-23 17:19:00,185,5,3,3,533,Loyal,High Value
15744,78,1,34.8,United Kingdom,2011-09-23 09:52:00,78,3,1,1,311,About to Sleep,Low Value/At Risk
15745,19,4,1094.59,United Kingdom,2011-11-20 13:45:00,236,5,3,3,533,Loyal,High Value
15746,134,1,196.88,United Kingdom,2011-07-28 15:21:00,134,3,1,1,311,About to Sleep,Low Value/At Risk
15747,13,9,2562.61,United Kingdom,2011-11-27 12:26:00,691,5,5,4,554,Champions,High Value
15748,40,3,614.7600000000001,United Kingdom,2011-10-30 12:51:00,449,4,3,2,432,Potential,High Value
15749,235,3,44534.3,United Kingdom,2011-04-18 13:20:00,332,2,3,5,235,At Risk,Low Value/At Risk
15750,3,18,6797.191,United Kingdom,2011-12-07 12:34:00,738,5,5,5,555,Champions,High Value
15751,461,11,1380.44,United Kingdom,2010-09-05 12:44:00,733,1,5,4,154,At Risk,Low Value/At Risk
15752,40,9,4207.54,United Kingdom,2011-10-31 11:37:00,458,4,5,5,455,Champions,High Value
15753,305,1,79.2,United Kingdom,2011-02-08 12:41:00,305,2,1,1,211,About to Sleep,Low Value/At Risk
15754,51,9,3037.61,United Kingdom,2011-10-19 14:40:00,655,4,5,5,455,Champions,High Value
15755,10,17,5993.12,United Kingdom,2011-11-29 14:57:00,736,5,5,5,555,Champions,High Value
15756,61,4,532.96,United Kingdom,2011-10-09 13:30:00,249,3,3,2,332,Potential,High Value
15757,66,6,2940.36,United Kingdom,2011-10-05 12:14:00,547,3,4,4,344,Loyal,High Value
15758,25,1,205.25,United Kingdom,2011-11-15 10:48:00,25,4,1,1,411,New Customers,Medium Value
15759,218,7,830.9300000000001,United Kingdom,2011-05-05 15:13:00,738,2,4,3,243,At Risk,Low Value/At Risk
15760,631,2,13916.34,Norway,2010-03-19 11:45:00,631,1,2,5,125,At Risk,Low Value/At Risk
15761,443,1,143.05,United Kingdom,2010-09-23 09:33:00,443,1,1,1,111,At Risk,Low Value/At Risk
15762,65,2,583.75,United Kingdom,2011-10-05 16:15:00,77,3,2,2,322,Need Attention,Medium Value
15763,32,2,1086.92,United Kingdom,2011-11-08 09:44:00,78,4,2,3,423,New Customers,Medium Value
15764,88,8,4503.08,United Kingdom,2011-09-12 17:58:00,478,3,4,5,345,Loyal,High Value
15765,667,1,370.63,United Kingdom,2010-02-11 10:25:00,667,1,1,2,112,At Risk,Low Value/At Risk
15766,64,3,831.06,United Kingdom,2011-10-06 17:03:00,682,3,3,3,333,Loyal,High Value
15768,116,34,15601.09,United Kingdom,2011-08-16 10:48:00,737,3,5,5,355,Loyal,High Value
15769,7,46,88704.32,United Kingdom,2011-12-02 13:52:00,729,5,5,5,555,Champions,High Value
15770,613,1,321.45,United Kingdom,2010-04-06 11:47:00,613,1,1,2,112,At Risk,Low Value/At Risk
15771,604,3,1006.54,United Kingdom,2010-04-14 13:56:00,694,1,3,3,133,At Risk,Low Value/At Risk
15772,418,1,280.88,United Kingdom,2010-10-17 13:33:00,418,1,1,1,111,At Risk,Low Value/At Risk
15773,6,2,774.52,United Kingdom,2011-12-04 12:48:00,409,5,2,3,523,New Customers,Medium Value
15774,69,6,1329.94,United Kingdom,2011-10-02 12:04:00,656,3,4,4,344,Loyal,High Value
15775,245,2,150.5,United Kingdom,2011-04-08 12:56:00,632,2,2,1,221,Need Attention,Medium Value
15776,133,1,241.62,United Kingdom,2011-07-29 13:46:00,133,3,1,1,311,About to Sleep,Low Value/At Risk
15777,241,7,1762.61,United Kingdom,2011-04-12 16:43:00,569,2,4,4,244,At Risk,Low Value/At Risk
15778,431,1,307.95,United Kingdom,2010-10-04 15:10:00,431,1,1,2,112,At Risk,Low Value/At Risk
15779,463,2,124.08000000000001,United Kingdom,2010-09-02 16:40:00,532,1,2,1,121,At Risk,Low Value/At Risk
15780,184,3,475.28000000000003,United Kingdom,2011-06-09 12:01:00,358,3,3,2,332,Potential,High Value
15781,25,3,345.46,United Kingdom,2011-11-14 14:57:00,306,4,3,2,432,Potential,High Value
15782,10,4,4014.1,United Kingdom,2011-11-30 10:49:00,430,5,3,5,535,Loyal,High Value
15783,11,1,246.3,United Kingdom,2011-11-29 09:50:00,11,5,1,1,511,New Customers,Medium Value
15784,468,2,848.3299999999999,United Kingdom,2010-08-29 10:38:00,672,1,2,3,123,At Risk,Low Value/At Risk
15785,33,16,5969.93,United Kingdom,2011-11-07 11:33:00,724,4,5,5,455,Champions,High Value
15786,46,5,8514.82,United Kingdom,2011-10-24 14:13:00,537,4,4,5,445,Champions,High Value
15787,26,3,948.05,United Kingdom,2011-11-13 14:55:00,61,4,3,3,433,Loyal,High Value
15788,509,1,221.82999999999998,United Kingdom,2010-07-19 12:48:00,509,1,1,1,111,At Risk,Low Value/At Risk
15789,358,6,1962.01,United Kingdom,2010-12-16 14:35:00,624,2,4,4,244,At Risk,Low Value/At Risk
15790,10,1,220.85,United Kingdom,2011-11-29 14:53:00,10,5,1,1,511,New Customers,Medium Value
15791,44,5,3608.34,United Kingdom,2011-10-27 10:14:00,642,4,4,5,445,Champions,High Value
15792,400,2,933.84,United Kingdom,2010-11-05 08:21:00,619,2,2,3,223,Need Attention,Medium Value
15793,15,8,2399.57,United Kingdom,2011-11-25 09:31:00,738,5,4,4,544,Champions,High Value
15794,736,2,777.0,United Kingdom,2009-12-03 13:04:00,737,1,2,3,123,At Risk,Low Value/At Risk
15795,150,8,1979.8700000000001,United Kingdom,2011-07-13 10:43:00,691,3,4,4,344,Loyal,High Value
15796,1,17,5175.83,United Kingdom,2011-12-08 19:55:00,618,5,5,5,555,Champions,High Value
15797,113,6,2821.08,United Kingdom,2011-08-18 17:04:00,681,3,4,4,344,Loyal,High Value
15798,493,3,1535.37,United Kingdom,2010-08-04 09:13:00,682,1,3,4,134,At Risk,Low Value/At Risk
15799,76,4,1424.29,United Kingdom,2011-09-25 12:46:00,418,3,3,4,334,Loyal,High Value
15800,107,7,1242.58,United Kingdom,2011-08-24 14:23:00,618,3,4,3,343,Loyal,High Value
15801,46,3,1063.95,United Kingdom,2011-10-24 13:52:00,110,4,3,3,433,Loyal,High Value
15802,143,1,451.42,United Kingdom,2011-07-20 11:38:00,143,3,1,2,312,About to Sleep,Low Value/At Risk
15803,51,4,1929.66,United Kingdom,2011-10-19 14:56:00,676,4,3,4,434,Loyal,High Value
15804,1,13,4206.39,United Kingdom,2011-12-09 12:31:00,199,5,5,5,555,Champions,High Value
15805,23,30,10189.23,United Kingdom,2011-11-16 16:32:00,729,4,5,5,455,Champions,High Value
15806,46,3,784.58,United Kingdom,2011-10-24 14:35:00,277,4,3,3,433,Loyal,High Value
15807,50,5,1817.52,United Kingdom,2011-10-20 14:10:00,666,4,4,4,444,Champions,High Value
15808,306,21,18409.93,United Kingdom,2011-02-06 14:33:00,738,2,5,5,255,At Risk,Low Value/At Risk
15809,36,7,1274.44,United Kingdom,2011-11-03 16:40:00,535,4,4,4,444,Champions,High Value
15810,79,8,2999.04,United Kingdom,2011-09-22 09:38:00,673,3,4,5,345,Loyal,High Value
15811,22,7,3890.52,United Kingdom,2011-11-17 15:31:00,388,4,4,5,445,Champions,High Value
15812,107,12,5201.47,United Kingdom,2011-08-24 14:19:00,724,3,5,5,355,Loyal,High Value
15813,208,2,1303.9099999999999,United Kingdom,2011-05-16 08:13:00,240,2,2,4,224,Need Attention,Medium Value
15814,17,6,2634.44,United Kingdom,2011-11-23 08:17:00,603,5,4,4,544,Champions,High Value
15815,64,5,2100.6,United Kingdom,2011-10-07 12:42:00,260,3,4,4,344,Loyal,High Value
15816,542,2,144.14999999999998,United Kingdom,2010-06-15 13:36:00,542,1,2,1,121,At Risk,Low Value/At Risk
15817,421,3,2766.4,United Kingdom,2010-10-15 11:07:00,543,1,3,4,134,At Risk,Low Value/At Risk
15818,588,1,340.5,United Kingdom,2010-04-30 12:58:00,588,1,1,2,112,At Risk,Low Value/At Risk
15819,49,10,3934.79,United Kingdom,2011-10-21 14:50:00,632,4,5,5,455,Champions,High Value
15820,320,1,206.98,United Kingdom,2011-01-24 12:00:00,320,2,1,1,211,About to Sleep,Low Value/At Risk
15821,44,2,570.96,United Kingdom,2011-10-26 15:48:00,61,4,2,2,422,New Customers,Medium Value
15822,3,6,1840.06,United Kingdom,2011-12-06 14:50:00,733,5,4,4,544,Champions,High Value
15823,372,3,3897.17,United Kingdom,2010-12-02 15:08:00,731,2,3,5,235,At Risk,Low Value/At Risk
15824,453,2,890.94,United Kingdom,2010-09-12 13:20:00,532,1,2,3,123,At Risk,Low Value/At Risk
15825,172,1,532.94,United Kingdom,2011-06-20 13:27:00,172,3,1,2,312,About to Sleep,Low Value/At Risk
15826,56,4,2598.28,United Kingdom,2011-10-14 16:05:00,568,4,3,4,434,Loyal,High Value
15827,73,28,3794.07,United Kingdom,2011-09-27 15:35:00,701,3,5,5,355,Loyal,High Value
15828,375,1,1108.82,United Kingdom,2010-11-29 16:41:00,375,2,1,3,213,About to Sleep,Low Value/At Risk
15829,99,2,636.14,United Kingdom,2011-09-01 16:45:00,141,3,2,3,323,Need Attention,Medium Value
15830,38,1,576.0,United Kingdom,2011-11-02 10:40:00,38,4,1,2,412,New Customers,Medium Value
15831,58,3,801.76,United Kingdom,2011-10-12 13:14:00,324,4,3,3,433,Loyal,High Value
15832,254,1,836.79,United Kingdom,2011-03-30 15:29:00,254,2,1,3,213,About to Sleep,Low Value/At Risk
15833,738,1,80.4,United Kingdom,2009-12-02 11:59:00,738,1,1,1,111,At Risk,Low Value/At Risk
15834,70,7,3772.9900000000002,United Kingdom,2011-09-30 14:41:00,424,3,4,5,345,Loyal,High Value
15835,44,4,954.09,United Kingdom,2011-10-26 15:47:00,331,4,3,3,433,Loyal,High Value
15836,50,1,137.37,United Kingdom,2011-10-20 17:13:00,50,4,1,1,411,New Customers,Medium Value
15837,65,2,777.01,United Kingdom,2011-10-06 09:01:00,486,3,2,3,323,Need Attention,Medium Value
15838,11,34,74163.0,United Kingdom,2011-11-28 14:00:00,725,5,5,5,555,Champions,High Value
15839,33,3,1048.49,United Kingdom,2011-11-06 13:54:00,148,4,3,3,433,Loyal,High Value
15840,59,2,355.56,United Kingdom,2011-10-12 09:08:00,173,3,2,2,322,Need Attention,Medium Value
15841,73,9,2742.41,United Kingdom,2011-09-28 12:15:00,730,3,5,4,354,Loyal,High Value
15842,393,2,548.8,United Kingdom,2010-11-11 14:08:00,528,2,2,2,222,Need Attention,Medium Value
15843,304,1,118.95000000000002,United Kingdom,2011-02-09 10:19:00,304,2,1,1,211,About to Sleep,Low Value/At Risk
15844,46,1,130.73999999999998,United Kingdom,2011-10-24 15:19:00,46,4,1,1,411,New Customers,Medium Value
15845,18,11,4426.28,United Kingdom,2011-11-22 09:42:00,682,5,5,5,555,Champions,High Value
15846,385,1,107.01,United Kingdom,2010-11-19 14:40:00,385,2,1,1,211,About to Sleep,Low Value/At Risk
15847,38,5,822.57,United Kingdom,2011-11-01 14:41:00,642,4,4,3,443,Loyal,High Value
15848,622,1,139.94,United Kingdom,2010-03-28 10:54:00,622,1,1,1,111,At Risk,Low Value/At Risk
15850,19,6,1058.72,United Kingdom,2011-11-20 14:14:00,726,5,4,3,543,Loyal,High Value
15851,527,1,109.73,United Kingdom,2010-07-01 12:34:00,527,1,1,1,111,At Risk,Low Value/At Risk
15852,187,3,257.26,United Kingdom,2011-06-06 11:22:00,527,3,3,1,331,Potential,High Value
15853,52,1,110.8,United Kingdom,2011-10-19 10:38:00,52,4,1,1,411,New Customers,Medium Value
15854,4,21,5583.81,United Kingdom,2011-12-05 13:39:00,730,5,5,5,555,Champions,High Value
15855,137,6,1052.72,United Kingdom,2011-07-26 10:20:00,476,3,4,3,343,Loyal,High Value
15856,4,52,34220.340000000004,United Kingdom,2011-12-05 17:09:00,736,5,5,5,555,Champions,High Value
15857,19,2,570.48,United Kingdom,2011-11-21 12:18:00,430,5,2,2,522,New Customers,Medium Value
15858,16,13,3960.37,United Kingdom,2011-11-24 12:48:00,730,5,5,5,555,Champions,High Value
15859,432,1,438.46,United Kingdom,2010-10-03 12:52:00,432,1,1,2,112,At Risk,Low Value/At Risk
15860,41,17,2505.21,United Kingdom,2011-10-30 11:25:00,734,4,5,4,454,Champions,High Value
15861,12,12,4401.79,United Kingdom,2011-11-27 15:59:00,680,5,5,5,555,Champions,High Value
15862,8,13,2928.29,United Kingdom,2011-12-01 13:28:00,723,5,5,4,554,Champions,High Value
15863,26,5,358.7,United Kingdom,2011-11-14 12:49:00,723,4,4,2,442,Potential,High Value
15864,22,7,2180.76,United Kingdom,2011-11-17 13:32:00,381,4,4,4,444,Champions,High Value
15865,41,5,2248.92,United Kingdom,2011-10-30 12:43:00,703,4,4,4,444,Champions,High Value
15866,101,1,230.53,United Kingdom,2011-08-30 14:09:00,101,3,1,1,311,About to Sleep,Low Value/At Risk
15867,5,31,9063.95,United Kingdom,2011-12-04 13:32:00,725,5,5,5,555,Champions,High Value
15868,583,1,94.53,United Kingdom,2010-05-05 14:11:00,583,1,1,1,111,At Risk,Low Value/At Risk
15869,277,3,323.65999999999997,United Kingdom,2011-03-07 17:23:00,626,2,3,2,232,At Risk,Low Value/At Risk
15870,33,4,862.61,United Kingdom,2011-11-07 10:58:00,446,4,3,3,433,Loyal,High Value
15871,437,1,33.099999999999994,United Kingdom,2010-09-28 14:16:00,437,1,1,1,111,At Risk,Low Value/At Risk
15872,15,4,795.68,United Kingdom,2011-11-25 11:55:00,550,5,3,3,533,Loyal,High Value
15873,500,4,313.91999999999996,United Kingdom,2010-07-28 12:41:00,501,1,3,2,132,At Risk,Low Value/At Risk
15874,64,21,11284.76,United Kingdom,2011-10-07 12:31:00,701,3,5,5,355,Loyal,High Value
15875,646,1,111.72,United Kingdom,2010-03-03 16:51:00,646,1,1,1,111,At Risk,Low Value/At Risk
15876,409,2,1449.1399999999999,United Kingdom,2010-10-26 18:58:00,448,2,2,4,224,Need Attention,Medium Value
15877,2,2,493.28,United Kingdom,2011-12-08 11:53:00,18,5,2,2,522,New Customers,Medium Value
15878,562,2,330.77,United Kingdom,2010-05-27 12:17:00,734,1,2,2,122,At Risk,Low Value/At Risk
15879,404,4,1157.3,United Kingdom,2010-10-31 16:21:00,722,2,3,3,233,At Risk,Low Value/At Risk
15880,369,1,686.5600000000001,United Kingdom,2010-12-05 13:00:00,369,2,1,3,213,About to Sleep,Low Value/At Risk
15881,312,5,501.39000000000004,United Kingdom,2011-01-31 16:59:00,364,2,4,2,242,At Risk,Low Value/At Risk
15882,199,8,1495.98,United Kingdom,2011-05-25 11:35:00,729,2,4,4,244,At Risk,Low Value/At Risk
15883,2,2,396.48,United Kingdom,2011-12-07 17:05:00,33,5,2,2,522,New Customers,Medium Value
15884,432,2,249.70000000000002,United Kingdom,2010-10-03 15:55:00,736,1,2,1,121,At Risk,Low Value/At Risk
15885,93,15,1951.82,United Kingdom,2011-09-08 10:43:00,688,3,5,4,354,Loyal,High Value
15886,60,4,1052.8700000000001,United Kingdom,2011-10-10 14:25:00,598,3,3,3,333,Loyal,High Value
15887,407,3,1027.15,United Kingdom,2010-10-29 08:36:00,556,2,3,3,233,At Risk,Low Value/At Risk
15888,81,3,429.16,United Kingdom,2011-09-20 12:30:00,527,3,3,2,332,Potential,High Value
15889,157,8,1806.28,United Kingdom,2011-07-06 11:10:00,730,3,4,4,344,Loyal,High Value
15890,395,5,535.65,United Kingdom,2010-11-10 12:46:00,605,2,4,2,242,At Risk,Low Value/At Risk
15891,227,1,524.52,United Kingdom,2011-04-27 12:35:00,227,2,1,2,212,About to Sleep,Low Value/At Risk
15892,669,1,128.2,United Kingdom,2010-02-08 16:23:00,669,1,1,1,111,At Risk,Low Value/At Risk
15893,482,1,305.28000000000003,United Kingdom,2010-08-15 11:12:00,482,1,1,2,112,At Risk,Low Value/At Risk
15894,253,2,420.29,United Kingdom,2011-03-31 13:50:00,369,2,2,2,222,Need Attention,Medium Value
15895,150,1,179.17,United Kingdom,2011-07-13 10:27:00,150,3,1,1,311,About to Sleep,Low Value/At Risk
15897,194,2,222.05,United Kingdom,2011-05-29 13:50:00,194,2,2,1,221,Need Attention,Medium Value
15898,1,25,5596.31,United Kingdom,2011-12-08 15:23:00,728,5,5,5,555,Champions,High Value
15899,369,1,112.5,United Kingdom,2010-12-06 10:36:00,369,2,1,1,211,About to Sleep,Low Value/At Risk
15900,24,4,900.4,United Kingdom,2011-11-16 12:19:00,563,4,3,3,433,Loyal,High Value
15901,17,7,703.22,United Kingdom,2011-11-23 12:43:00,544,5,4,3,543,Loyal,High Value
15902,380,1,145.01,United Kingdom,2010-11-24 16:57:00,380,2,1,1,211,About to Sleep,Low Value/At Risk
15903,10,12,8939.84,United Kingdom,2011-11-30 08:08:00,695,5,5,5,555,Champions,High Value
15904,8,1,164.68,United Kingdom,2011-12-01 14:50:00,8,5,1,1,511,New Customers,Medium Value
15905,543,1,114.69,United Kingdom,2010-06-14 16:00:00,543,1,1,1,111,At Risk,Low Value/At Risk
15906,20,10,2555.64,United Kingdom,2011-11-20 12:24:00,451,4,5,4,454,Champions,High Value
15907,4,3,967.45,United Kingdom,2011-12-06 12:21:00,210,5,3,3,533,Loyal,High Value
15908,491,2,764.57,United Kingdom,2010-08-06 11:56:00,512,1,2,3,123,At Risk,Low Value/At Risk
15909,174,1,191.94,United Kingdom,2011-06-19 10:38:00,174,3,1,1,311,About to Sleep,Low Value/At Risk
15910,1,15,2681.8,United Kingdom,2011-12-09 10:51:00,688,5,5,4,554,Champions,High Value
15911,624,8,1702.34,United Kingdom,2010-03-26 12:06:00,730,1,4,4,144,At Risk,Low Value/At Risk
15912,178,9,1074.7,United Kingdom,2011-06-14 14:29:00,729,3,5,3,353,Loyal,High Value
15913,534,1,6.300000000000001,United Kingdom,2010-06-23 16:31:00,534,1,1,1,111,At Risk,Low Value/At Risk
15914,378,2,205.99,United Kingdom,2010-11-26 16:10:00,378,2,2,1,221,Need Attention,Medium Value
15915,402,1,429.21,United Kingdom,2010-11-03 11:13:00,402,2,1,2,212,About to Sleep,Low Value/At Risk
15916,16,13,3427.17,United Kingdom,2011-11-23 13:46:00,729,5,5,5,555,Champions,High Value
15917,248,5,560.63,United Kingdom,2011-04-06 10:40:00,737,2,4,2,242,At Risk,Low Value/At Risk
15918,191,3,582.88,United Kingdom,2011-06-02 11:42:00,632,2,3,2,232,At Risk,Low Value/At Risk
15919,20,2,910.61,United Kingdom,2011-11-20 11:28:00,369,4,2,3,423,New Customers,Medium Value
15920,154,9,571.64,United Kingdom,2011-07-08 15:31:00,725,3,5,2,352,Potential,High Value
15921,173,4,802.11,United Kingdom,2011-06-20 11:03:00,641,3,3,3,333,Loyal,High Value
15922,373,1,739.0,United Kingdom,2010-12-01 13:51:00,373,2,1,3,213,About to Sleep,Low Value/At Risk
15923,373,1,254.16,United Kingdom,2010-12-02 12:16:00,373,2,1,1,211,About to Sleep,Low Value/At Risk
15924,731,1,102.82,United Kingdom,2009-12-08 15:00:00,731,1,1,1,111,At Risk,Low Value/At Risk
15925,194,1,207.15,United Kingdom,2011-05-29 15:35:00,194,2,1,1,211,About to Sleep,Low Value/At Risk
15926,542,1,134.44,United Kingdom,2010-06-15 15:23:00,542,1,1,1,111,At Risk,Low Value/At Risk
15927,647,1,123.39,United Kingdom,2010-03-02 13:25:00,647,1,1,1,111,At Risk,Low Value/At Risk
15928,656,1,293.53,United Kingdom,2010-02-21 15:16:00,656,1,1,2,112,At Risk,Low Value/At Risk
15929,644,1,594.0,United Kingdom,2010-03-05 14:56:00,644,1,1,2,112,At Risk,Low Value/At Risk
15930,67,1,426.63,United Kingdom,2011-10-03 14:52:00,67,3,1,2,312,About to Sleep,Low Value/At Risk
15931,428,1,239.9,United Kingdom,2010-10-07 16:46:00,428,1,1,1,111,At Risk,Low Value/At Risk
15932,4,8,2495.87,United Kingdom,2011-12-05 17:13:00,289,5,4,4,544,Champions,High Value
15933,21,3,1107.46,United Kingdom,2011-11-18 13:14:00,87,4,3,3,433,Loyal,High Value
15934,418,2,2190.66,United Kingdom,2010-10-18 10:13:00,430,1,2,4,124,At Risk,Low Value/At Risk
15935,239,2,416.86,United Kingdom,2011-04-14 13:27:00,242,2,2,2,222,Need Attention,Medium Value
15936,379,2,282.79,United Kingdom,2010-11-25 16:39:00,468,2,2,1,221,Need Attention,Medium Value
15937,64,1,145.35,United Kingdom,2011-10-06 15:48:00,64,3,1,1,311,About to Sleep,Low Value/At Risk
15938,112,9,734.81,United Kingdom,2011-08-19 12:56:00,557,3,5,3,353,Loyal,High Value
15939,90,16,9060.39,United Kingdom,2011-09-11 11:30:00,375,3,5,5,355,Loyal,High Value
15940,311,1,35.8,United Kingdom,2011-02-01 16:18:00,311,2,1,1,211,About to Sleep,Low Value/At Risk
15941,637,1,405.0,United Kingdom,2010-03-12 14:45:00,637,1,1,2,112,At Risk,Low Value/At Risk
15942,134,1,337.44,United Kingdom,2011-07-29 09:01:00,134,3,1,2,312,About to Sleep,Low Value/At Risk
15943,650,2,271.28999999999996,United Kingdom,2010-02-28 12:49:00,678,1,2,1,121,At Risk,Low Value/At Risk
15944,277,4,2164.24,United Kingdom,2011-03-08 10:33:00,726,2,3,4,234,At Risk,Low Value/At Risk
15945,365,4,827.27,United Kingdom,2010-12-09 13:14:00,738,2,4,3,243,At Risk,Low Value/At Risk
15946,503,3,2304.18,United Kingdom,2010-07-25 12:18:00,634,1,3,4,134,At Risk,Low Value/At Risk
15947,83,1,1708.24,United Kingdom,2011-09-18 10:46:00,83,3,1,4,314,About to Sleep,Low Value/At Risk
15948,8,3,1509.0900000000001,United Kingdom,2011-12-01 15:32:00,425,5,3,4,534,Loyal,High Value
15949,17,2,364.72,United Kingdom,2011-11-23 09:09:00,71,5,2,2,522,New Customers,Medium Value
15950,32,10,7180.71,United Kingdom,2011-11-08 11:09:00,683,4,5,5,455,Champions,High Value
15951,9,3,1013.17,United Kingdom,2011-12-01 08:34:00,381,5,3,3,533,Loyal,High Value
15952,34,4,806.57,United Kingdom,2011-11-06 11:18:00,225,4,4,3,443,Loyal,High Value
15953,15,18,3669.5499999999997,United Kingdom,2011-11-24 15:32:00,736,5,5,5,555,Champions,High Value
15954,589,1,190.75,United Kingdom,2010-04-29 13:35:00,589,1,1,1,111,At Risk,Low Value/At Risk
15955,24,22,8658.36,United Kingdom,2011-11-15 14:15:00,654,4,5,5,455,Champions,High Value
15956,551,2,617.6,United Kingdom,2010-06-06 13:06:00,727,1,2,2,122,At Risk,Low Value/At Risk
15957,32,3,930.1,United Kingdom,2011-11-08 12:14:00,421,4,3,3,433,Loyal,High Value
15958,74,4,492.99,United Kingdom,2011-09-26 13:41:00,551,3,4,2,342,Potential,High Value
15959,682,3,579.49,United Kingdom,2010-01-26 16:38:00,682,1,3,2,132,At Risk,Low Value/At Risk
15960,374,4,410.95,United Kingdom,2010-11-30 15:57:00,435,2,4,2,242,At Risk,Low Value/At Risk
15961,379,1,451.28999999999996,United Kingdom,2010-11-25 15:59:00,379,2,1,2,212,About to Sleep,Low Value/At Risk
15962,449,1,295.83,United Kingdom,2010-09-16 13:48:00,449,1,1,2,112,At Risk,Low Value/At Risk
15963,20,2,470.76,United Kingdom,2011-11-20 11:33:00,45,4,2,2,422,New Customers,Medium Value
15964,663,1,272.96000000000004,United Kingdom,2010-02-14 15:30:00,663,1,1,1,111,At Risk,Low Value/At Risk
15965,17,13,3013.09,United Kingdom,2011-11-22 16:44:00,737,5,5,5,555,Champions,High Value
15966,451,1,426.53000000000003,United Kingdom,2010-09-15 10:44:00,451,1,1,2,112,At Risk,Low Value/At Risk
15967,23,12,3041.6,United Kingdom,2011-11-16 15:41:00,738,4,5,5,455,Champions,High Value
15968,388,1,418.05,United Kingdom,2010-11-16 13:04:00,388,2,1,2,212,About to Sleep,Low Value/At Risk
15969,3,5,1127.05,United Kingdom,2011-12-07 11:06:00,522,5,4,3,543,Loyal,High Value
15970,304,2,1017.32,United Kingdom,2011-02-09 12:08:00,599,2,2,3,223,Need Attention,Medium Value
15971,18,18,5902.83,United Kingdom,2011-11-22 12:50:00,732,5,5,5,555,Champions,High Value
15972,456,5,1810.27,United Kingdom,2010-09-09 13:20:00,600,1,4,4,144,At Risk,Low Value/At Risk
15973,367,3,988.44,United Kingdom,2010-12-08 11:42:00,429,2,3,3,233,At Risk,Low Value/At Risk
15974,39,7,3442.15,United Kingdom,2011-10-31 13:13:00,289,4,4,5,445,Champions,High Value
15975,84,1,371.01,United Kingdom,2011-09-16 13:33:00,84,3,1,2,312,About to Sleep,Low Value/At Risk
15976,165,6,1746.6399999999999,United Kingdom,2011-06-27 13:00:00,551,3,4,4,344,Loyal,High Value
15977,17,2,1054.73,United Kingdom,2011-11-22 13:29:00,39,5,2,3,523,New Customers,Medium Value
15978,77,3,3279.42,United Kingdom,2011-09-23 15:21:00,644,3,3,5,335,Loyal,High Value
15979,603,1,329.22,United Kingdom,2010-04-16 11:35:00,603,1,1,2,112,At Risk,Low Value/At Risk
15980,89,7,6593.68,United Kingdom,2011-09-12 09:41:00,556,3,4,5,345,Loyal,High Value
15981,25,21,9362.77,United Kingdom,2011-11-15 08:00:00,621,4,5,5,455,Champions,High Value
15982,605,1,324.51,United Kingdom,2010-04-13 15:47:00,605,1,1,2,112,At Risk,Low Value/At Risk
15983,22,8,3958.8199999999997,United Kingdom,2011-11-17 17:34:00,733,4,4,5,445,Champions,High Value
15984,3,30,8759.32,United Kingdom,2011-12-07 12:16:00,738,5,5,5,555,Champions,High Value
15985,123,7,2715.28,United Kingdom,2011-08-08 16:31:00,561,3,4,4,344,Loyal,High Value
15986,30,2,354.42,United Kingdom,2011-11-09 15:17:00,382,4,2,2,422,New Customers,Medium Value
15987,12,8,1682.13,United Kingdom,2011-11-27 15:38:00,379,5,4,4,544,Champions,High Value
15988,19,3,770.09,United Kingdom,2011-11-20 13:23:00,657,5,3,3,533,Loyal,High Value
15989,376,2,372.51,United Kingdom,2010-11-29 12:03:00,737,2,2,2,222,Need Attention,Medium Value
15990,44,7,2010.05,United Kingdom,2011-10-26 15:58:00,650,4,4,4,444,Champions,High Value
15991,534,1,150.55,United Kingdom,2010-06-23 15:50:00,534,1,1,1,111,At Risk,Low Value/At Risk
15992,4,3,896.6,United Kingdom,2011-12-06 11:00:00,454,5,3,3,533,Loyal,High Value
15993,9,7,2797.57,United Kingdom,2011-12-01 10:45:00,44,5,4,4,544,Champions,High Value
15994,55,3,1202.18,United Kingdom,2011-10-16 12:28:00,636,4,3,3,433,Loyal,High Value
15995,414,1,696.19,United Kingdom,2010-10-21 13:57:00,414,1,1,3,113,At Risk,Low Value/At Risk
15996,88,7,1686.9,United Kingdom,2011-09-12 15:14:00,397,3,4,4,344,Loyal,High Value
15998,37,16,8308.34,United Kingdom,2011-11-03 12:45:00,739,4,5,5,455,Champions,High Value
15999,736,1,20.4,United Kingdom,2009-12-04 12:31:00,736,1,1,1,111,At Risk,Low Value/At Risk
16000,3,3,12393.7,United Kingdom,2011-12-07 12:17:00,3,5,3,5,535,Loyal,High Value
16001,381,1,583.39,United Kingdom,2010-11-23 17:10:00,381,2,1,2,212,About to Sleep,Low Value/At Risk
16002,625,1,169.21,United Kingdom,2010-03-24 13:08:00,625,1,1,1,111,At Risk,Low Value/At Risk
16003,30,10,5613.83,United Kingdom,2011-11-10 09:57:00,736,4,5,5,455,Champions,High Value
16004,475,5,2146.39,United Kingdom,2010-08-22 11:48:00,683,1,4,4,144,At Risk,Low Value/At Risk
16005,12,10,2436.22,United Kingdom,2011-11-27 13:47:00,450,5,5,4,554,Champions,High Value
16006,211,2,347.17,United Kingdom,2011-05-12 13:12:00,388,2,2,2,222,Need Attention,Medium Value
16007,48,7,3075.14,United Kingdom,2011-10-23 11:05:00,543,4,4,5,445,Champions,High Value
16008,24,15,5384.13,United Kingdom,2011-11-16 10:32:00,631,4,5,5,455,Champions,High Value
16009,22,4,992.71,United Kingdom,2011-11-17 16:51:00,160,4,4,3,443,Loyal,High Value
16010,246,11,1724.06,United Kingdom,2011-04-08 10:14:00,412,2,5,4,254,At Risk,Low Value/At Risk
16011,8,29,5880.46,United Kingdom,2011-12-01 16:31:00,739,5,5,5,555,Champions,High Value
16012,35,5,2989.79,United Kingdom,2011-11-04 13:25:00,530,4,4,5,445,Champions,High Value
16013,4,84,57446.44,United Kingdom,2011-12-06 10:36:00,732,5,5,5,555,Champions,High Value
16014,38,5,1130.27,United Kingdom,2011-11-02 12:04:00,678,4,4,3,443,Loyal,High Value
16015,4,3,705.39,United Kingdom,2011-12-06 10:58:00,49,5,3,3,533,Loyal,High Value
16016,3,11,2533.94,United Kingdom,2011-12-06 14:35:00,402,5,5,4,554,Champions,High Value
16017,47,5,1553.83,United Kingdom,2011-10-23 12:56:00,704,4,4,4,444,Champions,High Value
16018,39,4,698.13,United Kingdom,2011-10-31 14:13:00,732,4,4,3,443,Loyal,High Value
16019,47,27,17465.85,United Kingdom,2011-10-24 11:51:00,725,4,5,5,455,Champions,High Value
16020,17,3,851.01,United Kingdom,2011-11-23 11:18:00,65,5,3,3,533,Loyal,High Value
16021,395,2,532.25,United Kingdom,2010-11-09 14:48:00,545,2,2,2,222,Need Attention,Medium Value
16022,260,1,628.28,United Kingdom,2011-03-24 13:16:00,260,2,1,3,213,About to Sleep,Low Value/At Risk
16023,46,3,719.81,United Kingdom,2011-10-24 16:34:00,266,4,3,3,433,Loyal,High Value
16024,12,3,484.2,United Kingdom,2011-11-27 13:26:00,412,5,3,2,532,Potential,High Value
16025,30,1,439.65999999999997,United Kingdom,2011-11-10 11:45:00,30,4,1,2,412,New Customers,Medium Value
16026,43,1,236.09,United Kingdom,2011-10-27 13:53:00,43,4,1,1,411,New Customers,Medium Value
16027,92,15,2048.36,United Kingdom,2011-09-09 10:47:00,700,3,5,4,354,Loyal,High Value
16028,596,1,82.2,United Kingdom,2010-04-23 11:45:00,596,1,1,1,111,At Risk,Low Value/At Risk
16029,39,107,122209.14,United Kingdom,2011-11-01 10:27:00,732,4,5,5,455,Champions,High Value
16030,310,1,331.24,United Kingdom,2011-02-03 11:28:00,310,2,1,2,212,About to Sleep,Low Value/At Risk
16031,92,2,548.94,United Kingdom,2011-09-08 13:07:00,247,3,2,2,322,Need Attention,Medium Value
16032,456,6,1970.45,United Kingdom,2010-09-09 18:00:00,523,1,4,4,144,At Risk,Low Value/At Risk
16033,6,27,10836.13,United Kingdom,2011-12-04 12:44:00,485,5,5,5,555,Champions,High Value
16034,196,6,928.72,United Kingdom,2011-05-27 16:17:00,409,2,4,3,243,At Risk,Low Value/At Risk
16035,560,1,217.73,United Kingdom,2010-05-28 15:09:00,560,1,1,1,111,At Risk,Low Value/At Risk
16036,87,4,2556.84,United Kingdom,2011-09-13 14:53:00,620,3,4,4,344,Loyal,High Value
16037,270,5,1509.34,United Kingdom,2011-03-15 09:13:00,649,2,4,4,244,At Risk,Low Value/At Risk
16038,8,3,471.78000000000003,United Kingdom,2011-12-02 12:40:00,202,5,3,2,532,Potential,High Value
16039,424,2,456.4,United Kingdom,2010-10-12 10:44:00,628,1,2,2,122,At Risk,Low Value/At Risk
16040,65,7,2416.9,United Kingdom,2011-10-05 13:47:00,610,3,4,4,344,Loyal,High Value
16041,31,3,3166.4,United Kingdom,2011-11-09 12:25:00,141,4,3,5,435,Loyal,High Value
16042,22,8,2265.12,United Kingdom,2011-11-17 17:50:00,454,4,4,4,444,Champions,High Value
16043,38,8,1856.5900000000001,United Kingdom,2011-11-02 12:50:00,482,4,4,4,444,Champions,High Value
16044,435,1,340.84000000000003,United Kingdom,2010-09-30 18:12:00,435,1,1,2,112,At Risk,Low Value/At Risk
16045,120,8,3434.9300000000003,United Kingdom,2011-08-12 12:41:00,499,3,4,5,345,Loyal,High Value
16046,562,1,235.78,United Kingdom,2010-05-26 13:18:00,562,1,1,1,111,At Risk,Low Value/At Risk
16047,682,1,107.14,EIRE,2010-01-26 16:34:00,682,1,1,1,111,At Risk,Low Value/At Risk
16048,373,4,1075.23,United Kingdom,2010-12-01 15:28:00,550,2,4,3,243,At Risk,Low Value/At Risk
16049,40,6,1899.68,United Kingdom,2011-10-30 13:19:00,516,4,4,4,444,Champions,High Value
16050,174,3,300.7,United Kingdom,2011-06-19 11:44:00,401,3,3,2,332,Potential,High Value
16051,682,1,188.44,United Kingdom,2010-01-27 09:38:00,682,1,1,1,111,At Risk,Low Value/At Risk
16052,54,1,362.06,United Kingdom,2011-10-16 15:13:00,54,4,1,2,412,New Customers,Medium Value
16053,33,6,3634.84,United Kingdom,2011-11-07 11:21:00,611,4,4,5,445,Champions,High Value
16054,145,4,2111.88,United Kingdom,2011-07-17 13:08:00,617,3,4,4,344,Loyal,High Value
16055,221,1,134.8,United Kingdom,2011-05-03 09:26:00,221,2,1,1,211,About to Sleep,Low Value/At Risk
16056,45,1,664.85,United Kingdom,2011-10-25 15:19:00,45,4,1,3,413,New Customers,Medium Value
16057,16,10,3854.85,United Kingdom,2011-11-23 15:23:00,701,5,5,5,555,Champions,High Value
16058,406,1,62.7,United Kingdom,2010-10-29 16:48:00,406,2,1,1,211,About to Sleep,Low Value/At Risk
16059,66,12,3217.77,United Kingdom,2011-10-05 09:56:00,569,3,5,5,355,Loyal,High Value
16060,401,3,541.95,United Kingdom,2010-11-04 12:10:00,494,2,3,2,232,At Risk,Low Value/At Risk
16061,431,1,89.65,United Kingdom,2010-10-04 15:29:00,431,1,1,1,111,At Risk,Low Value/At Risk
16062,10,8,2863.45,United Kingdom,2011-11-30 12:15:00,536,5,5,4,554,Champions,High Value
16063,260,1,335.32,United Kingdom,2011-03-24 14:56:00,260,2,1,2,212,About to Sleep,Low Value/At Risk
16064,725,1,111.0,United Kingdom,2009-12-14 16:11:00,725,1,1,1,111,At Risk,Low Value/At Risk
16065,365,8,2382.62,United Kingdom,2010-12-09 13:03:00,463,2,5,4,254,At Risk,Low Value/At Risk
16066,17,5,1521.87,United Kingdom,2011-11-23 11:54:00,124,5,4,4,544,Champions,High Value
16067,563,3,3395.29,United Kingdom,2010-05-26 12:33:00,675,1,3,5,135,At Risk,Low Value/At Risk
16068,594,1,122.93,United Kingdom,2010-04-25 11:52:00,594,1,1,1,111,At Risk,Low Value/At Risk
16069,418,1,457.7,United Kingdom,2010-10-18 10:32:00,418,1,1,2,112,At Risk,Low Value/At Risk
16070,22,2,852.15,United Kingdom,2011-11-17 15:50:00,32,4,2,3,423,New Customers,Medium Value
16071,45,4,1076.8,United Kingdom,2011-10-26 11:14:00,655,4,4,3,443,Loyal,High Value
16072,288,4,4328.89,United Kingdom,2011-02-24 14:32:00,549,2,4,5,245,At Risk,Low Value/At Risk
16073,297,1,122.39999999999999,United Kingdom,2011-02-15 15:41:00,297,2,1,1,211,About to Sleep,Low Value/At Risk
16074,390,1,265.25,United Kingdom,2010-11-14 13:19:00,390,2,1,1,211,About to Sleep,Low Value/At Risk
16075,503,2,736.9300000000001,United Kingdom,2010-07-25 11:31:00,564,1,2,3,123,At Risk,Low Value/At Risk
16076,3,10,2234.73,United Kingdom,2011-12-06 14:59:00,209,5,5,4,554,Champions,High Value
16077,626,1,2300.4,United Kingdom,2010-03-24 10:42:00,626,1,1,4,114,At Risk,Low Value/At Risk
16078,284,2,362.99,United Kingdom,2011-03-01 09:47:00,669,2,2,2,222,Need Attention,Medium Value
16079,17,3,1352.0,United Kingdom,2011-11-23 12:48:00,40,5,3,4,534,Loyal,High Value
16080,82,4,602.5600000000001,United Kingdom,2011-09-19 10:42:00,450,3,4,2,342,Potential,High Value
16081,56,8,4460.18,United Kingdom,2011-10-14 13:06:00,675,4,5,5,455,Champions,High Value
16082,670,1,106.75,United Kingdom,2010-02-07 15:16:00,670,1,1,1,111,At Risk,Low Value/At Risk
16083,101,4,2351.42,United Kingdom,2011-08-31 10:47:00,389,3,4,4,344,Loyal,High Value
16084,299,1,436.18,United Kingdom,2011-02-13 16:05:00,299,2,1,2,212,About to Sleep,Low Value/At Risk
16085,23,12,2343.53,United Kingdom,2011-11-16 13:24:00,688,4,5,4,454,Champions,High Value
16086,59,10,2864.9900000000002,United Kingdom,2011-10-11 13:09:00,737,3,5,4,354,Loyal,High Value
16087,389,5,1739.92,United Kingdom,2010-11-15 16:44:00,690,2,4,4,244,At Risk,Low Value/At Risk
16088,576,2,1437.43,United Kingdom,2010-05-13 10:16:00,592,1,2,4,124,At Risk,Low Value/At Risk
16089,386,2,271.44,United Kingdom,2010-11-18 13:51:00,509,2,2,1,221,Need Attention,Medium Value
16090,624,1,205.91,United Kingdom,2010-03-25 13:05:00,624,1,1,1,111,At Risk,Low Value/At Risk
16091,155,2,315.06,United Kingdom,2011-07-08 08:45:00,199,3,2,2,322,Need Attention,Medium Value
16092,115,6,1587.94,United Kingdom,2011-08-17 10:46:00,579,3,4,4,344,Loyal,High Value
16093,107,1,17.0,United Kingdom,2011-08-25 11:09:00,107,3,1,1,311,About to Sleep,Low Value/At Risk
16094,12,11,3695.56,United Kingdom,2011-11-28 12:45:00,602,5,5,5,555,Champions,High Value
16095,456,1,447.05,United Kingdom,2010-09-09 16:54:00,456,1,1,2,112,At Risk,Low Value/At Risk
16096,264,4,1584.97,United Kingdom,2011-03-20 13:38:00,645,2,4,4,244,At Risk,Low Value/At Risk
16097,240,1,185.04999999999998,United Kingdom,2011-04-13 13:47:00,240,2,1,1,211,About to Sleep,Low Value/At Risk
16098,88,14,4448.1,United Kingdom,2011-09-13 09:59:00,725,3,5,5,355,Loyal,High Value
16099,50,7,1573.2,United Kingdom,2011-10-20 13:13:00,647,4,4,4,444,Champions,High Value
16100,463,1,582.64,United Kingdom,2010-09-03 11:39:00,463,1,1,2,112,At Risk,Low Value/At Risk
16101,71,4,3229.16,United Kingdom,2011-09-30 10:18:00,562,3,4,5,345,Loyal,High Value
16102,42,3,1842.14,United Kingdom,2011-10-28 13:19:00,129,4,3,4,434,Loyal,High Value
16103,7,22,6191.71,United Kingdom,2011-12-02 14:16:00,701,5,5,5,555,Champions,High Value
16104,62,9,2778.61,United Kingdom,2011-10-09 10:23:00,734,3,5,4,354,Loyal,High Value
16105,249,5,2386.19,United Kingdom,2011-04-05 10:13:00,604,2,4,4,244,At Risk,Low Value/At Risk
16106,66,1,108.38,United Kingdom,2011-10-05 10:37:00,66,3,1,1,311,About to Sleep,Low Value/At Risk
16107,18,7,3204.1600000000003,United Kingdom,2011-11-22 09:40:00,183,5,4,5,545,Champions,High Value
16108,85,4,2235.92,United Kingdom,2011-09-16 11:48:00,631,3,4,4,344,Loyal,High Value
16109,219,3,939.48,United Kingdom,2011-05-05 09:17:00,699,2,3,3,233,At Risk,Low Value/At Risk
16110,45,4,1819.27,United Kingdom,2011-10-25 14:35:00,522,4,4,4,444,Champions,High Value
16111,428,1,562.48,United Kingdom,2010-10-07 19:51:00,428,1,1,2,112,At Risk,Low Value/At Risk
16112,143,4,195.73999999999998,United Kingdom,2011-07-19 14:28:00,339,3,4,1,341,Potential,High Value
16113,183,1,161.38,United Kingdom,2011-06-09 16:16:00,183,3,1,1,311,About to Sleep,Low Value/At Risk
16114,171,1,135.75000000000003,United Kingdom,2011-06-22 10:13:00,171,3,1,1,311,About to Sleep,Low Value/At Risk
16115,10,12,2575.14,United Kingdom,2011-11-30 11:32:00,575,5,5,4,554,Champions,High Value
16116,212,1,612.78,United Kingdom,2011-05-12 12:01:00,212,2,1,2,212,About to Sleep,Low Value/At Risk
16117,190,3,654.4,United Kingdom,2011-06-03 11:42:00,592,2,3,3,233,At Risk,Low Value/At Risk
16118,653,1,4376.25,United Kingdom,2010-02-25 09:40:00,653,1,1,5,115,At Risk,Low Value/At Risk
16119,8,8,1720.81,United Kingdom,2011-12-01 15:11:00,724,5,5,4,554,Champions,High Value
16120,59,6,3056.91,United Kingdom,2011-10-11 14:22:00,422,3,4,5,345,Loyal,High Value
16121,57,5,1477.09,United Kingdom,2011-10-13 12:59:00,566,4,4,4,444,Champions,High Value
16122,73,6,1001.34,United Kingdom,2011-09-27 15:34:00,425,3,4,3,343,Loyal,High Value
16123,52,1,307.78,United Kingdom,2011-10-19 09:18:00,52,4,1,2,412,New Customers,Medium Value
16124,317,4,1772.49,United Kingdom,2011-01-26 14:45:00,733,2,4,4,244,At Risk,Low Value/At Risk
16125,367,14,4587.65,United Kingdom,2010-12-07 15:48:00,725,2,5,5,255,At Risk,Low Value/At Risk
16126,29,15,14646.800000000001,United Kingdom,2011-11-10 16:03:00,737,4,5,5,455,Champions,High Value
16127,39,2,801.31,United Kingdom,2011-10-31 13:58:00,727,4,2,3,423,New Customers,Medium Value
16128,18,11,3801.05,United Kingdom,2011-11-22 11:14:00,511,5,5,5,555,Champions,High Value
16129,407,3,1396.05,United Kingdom,2010-10-28 14:29:00,508,2,3,4,234,At Risk,Low Value/At Risk
16130,422,4,987.48,United Kingdom,2010-10-13 15:14:00,617,1,4,3,143,At Risk,Low Value/At Risk
16131,52,12,9957.42,United Kingdom,2011-10-19 11:53:00,738,4,5,5,455,Champions,High Value
16132,544,2,664.1999999999999,United Kingdom,2010-06-13 13:49:00,628,1,2,3,123,At Risk,Low Value/At Risk
16133,4,56,22992.260000000002,United Kingdom,2011-12-06 11:24:00,619,5,5,5,555,Champions,High Value
16134,22,5,2145.34,United Kingdom,2011-11-18 10:05:00,541,4,4,4,444,Champions,High Value
16135,263,2,819.45,United Kingdom,2011-03-22 12:30:00,584,2,2,3,223,Need Attention,Medium Value
16136,60,4,946.8,United Kingdom,2011-10-11 09:10:00,664,3,4,3,343,Loyal,High Value
16137,680,1,422.7,United Kingdom,2010-01-28 15:04:00,680,1,1,2,112,At Risk,Low Value/At Risk
16138,379,3,910.35,United Kingdom,2010-11-26 12:13:00,591,2,3,3,233,At Risk,Low Value/At Risk
16139,19,5,1111.15,United Kingdom,2011-11-21 08:37:00,736,5,4,3,543,Loyal,High Value
16140,66,3,1557.6000000000001,United Kingdom,2011-10-05 12:15:00,442,3,3,4,334,Loyal,High Value
16141,88,2,955.94,United Kingdom,2011-09-12 13:11:00,417,3,2,3,323,Need Attention,Medium Value
16142,250,1,535.34,United Kingdom,2011-04-04 10:16:00,250,2,1,2,212,About to Sleep,Low Value/At Risk
16143,3,12,4910.83,United Kingdom,2011-12-06 14:13:00,730,5,5,5,555,Champions,High Value
16144,247,1,175.2,United Kingdom,2011-04-07 10:09:00,247,2,1,1,211,About to Sleep,Low Value/At Risk
16145,9,19,6805.4400000000005,United Kingdom,2011-12-01 10:33:00,584,5,5,5,555,Champions,High Value
16146,157,4,946.38,United Kingdom,2011-07-05 14:20:00,449,3,4,3,343,Loyal,High Value
16147,134,5,2398.91,United Kingdom,2011-07-29 09:57:00,673,3,4,4,344,Loyal,High Value
16148,296,2,386.62,United Kingdom,2011-02-16 14:01:00,437,2,2,2,222,Need Attention,Medium Value
16149,5,3,422.22,United Kingdom,2011-12-05 11:29:00,429,5,3,2,532,Potential,High Value
16150,43,10,4395.59,United Kingdom,2011-10-28 12:39:00,722,4,5,5,455,Champions,High Value
16152,269,1,1829.04,United Kingdom,2011-03-16 09:47:00,269,2,1,4,214,About to Sleep,Low Value/At Risk
16153,50,11,5133.49,United Kingdom,2011-10-21 10:50:00,563,4,5,5,455,Champions,High Value
16155,382,5,796.9,United Kingdom,2010-11-23 12:03:00,540,2,4,3,243,At Risk,Low Value/At Risk
16156,9,20,6218.18,United Kingdom,2011-12-01 12:42:00,737,5,5,5,555,Champions,High Value
16157,16,3,656.69,United Kingdom,2011-11-24 11:41:00,73,5,3,3,533,Loyal,High Value
16158,522,9,628.32,United Kingdom,2010-07-05 13:55:00,734,1,5,3,153,At Risk,Low Value/At Risk
16159,282,4,1232.79,United Kingdom,2011-03-03 12:27:00,737,2,4,3,243,At Risk,Low Value/At Risk
16160,65,2,1025.44,United Kingdom,2011-10-05 14:19:00,86,3,2,3,323,Need Attention,Medium Value
16161,2,43,12831.8,United Kingdom,2011-12-08 12:10:00,670,5,5,5,555,Champions,High Value
16162,252,1,37.4,United Kingdom,2011-04-01 15:03:00,252,2,1,1,211,About to Sleep,Low Value/At Risk
16163,232,6,2849.58,United Kingdom,2011-04-21 15:15:00,738,2,4,4,244,At Risk,Low Value/At Risk
16164,17,3,822.48,United Kingdom,2011-11-22 15:04:00,43,5,3,3,533,Loyal,High Value
16165,505,1,79.9,United Kingdom,2010-07-22 14:17:00,505,1,1,1,111,At Risk,Low Value/At Risk
16166,428,2,435.83,United Kingdom,2010-10-07 15:44:00,691,1,2,2,122,At Risk,Low Value/At Risk
16167,414,5,1386.1200000000001,United Kingdom,2010-10-21 15:33:00,739,1,4,4,144,At Risk,Low Value/At Risk
16168,11,66,10636.47,United Kingdom,2011-11-29 12:45:00,737,5,5,5,555,Champions,High Value
16169,8,4,1822.97,United Kingdom,2011-12-01 15:28:00,76,5,4,4,544,Champions,High Value
16170,51,20,6869.0,United Kingdom,2011-10-20 08:21:00,659,4,5,5,455,Champions,High Value
16171,59,1,73.2,United Kingdom,2011-10-11 14:51:00,59,3,1,1,311,About to Sleep,Low Value/At Risk
16172,95,8,1884.55,United Kingdom,2011-09-05 13:22:00,513,3,5,4,354,Loyal,High Value
16173,16,6,1418.32,United Kingdom,2011-11-24 10:53:00,98,5,4,4,544,Champions,High Value
16174,126,7,2246.75,United Kingdom,2011-08-05 13:26:00,603,3,4,4,344,Loyal,High Value
16175,94,7,1836.44,United Kingdom,2011-09-06 14:32:00,564,3,4,4,344,Loyal,High Value
16176,421,4,2052.69,United Kingdom,2010-10-14 13:54:00,620,1,4,4,144,At Risk,Low Value/At Risk
16177,50,8,2247.31,United Kingdom,2011-10-20 12:57:00,647,4,5,4,454,Champions,High Value
16178,138,2,612.6,United Kingdom,2011-07-24 16:05:00,401,3,2,2,322,Need Attention,Medium Value
16179,61,1,215.83,United Kingdom,2011-10-10 09:41:00,61,3,1,1,311,About to Sleep,Low Value/At Risk
16180,100,13,16249.87,United Kingdom,2011-08-31 16:28:00,534,3,5,5,355,Loyal,High Value
16181,73,1,305.54,United Kingdom,2011-09-27 13:38:00,73,3,1,2,312,About to Sleep,Low Value/At Risk
16182,72,9,9971.65,United Kingdom,2011-09-28 13:23:00,641,3,5,5,355,Loyal,High Value
16183,67,4,1077.81,United Kingdom,2011-10-03 14:59:00,407,3,4,3,343,Loyal,High Value
16184,64,6,1158.79,United Kingdom,2011-10-06 17:43:00,211,3,4,3,343,Loyal,High Value
16185,17,3,644.72,United Kingdom,2011-11-23 09:41:00,565,5,3,3,533,Loyal,High Value
16186,23,26,9026.11,United Kingdom,2011-11-17 12:43:00,730,4,5,5,455,Champions,High Value
16187,32,15,6911.4400000000005,United Kingdom,2011-11-08 09:50:00,284,4,5,5,455,Champions,High Value
16188,45,5,1087.66,United Kingdom,2011-10-26 12:19:00,409,4,4,3,443,Loyal,High Value
16189,16,2,215.48,United Kingdom,2011-11-24 11:47:00,85,5,2,1,521,New Customers,Medium Value
16190,40,8,2723.55,United Kingdom,2011-10-30 15:59:00,726,4,5,4,454,Champions,High Value
16191,3,24,15688.02,United Kingdom,2011-12-07 11:26:00,729,5,5,5,555,Champions,High Value
16192,736,1,351.3,United Kingdom,2009-12-04 12:28:00,736,1,1,2,112,At Risk,Low Value/At Risk
16193,237,2,630.43,United Kingdom,2011-04-17 11:45:00,411,2,2,3,223,Need Attention,Medium Value
16194,375,1,308.59999999999997,United Kingdom,2010-11-29 13:28:00,375,2,1,2,212,About to Sleep,Low Value/At Risk
16195,723,1,323.25,United Kingdom,2009-12-16 14:09:00,723,1,1,2,112,At Risk,Low Value/At Risk
16196,489,1,93.3,United Kingdom,2010-08-08 11:40:00,489,1,1,1,111,At Risk,Low Value/At Risk
16197,469,9,2016.71,United Kingdom,2010-08-27 12:56:00,724,1,5,4,154,At Risk,Low Value/At Risk
16198,75,2,1030.0410000000002,United Kingdom,2011-09-25 14:58:00,437,3,2,3,323,Need Attention,Medium Value
16199,392,7,942.75,United Kingdom,2010-11-12 12:55:00,631,2,4,3,243,At Risk,Low Value/At Risk
16200,4,12,5643.45,United Kingdom,2011-12-05 14:40:00,737,5,5,5,555,Champions,High Value
16201,3,5,2112.12,United Kingdom,2011-12-06 16:02:00,416,5,4,4,544,Champions,High Value
16202,361,9,2501.9900000000002,United Kingdom,2010-12-14 10:43:00,738,2,5,4,254,At Risk,Low Value/At Risk
16203,59,6,1114.54,United Kingdom,2011-10-12 12:31:00,504,3,4,3,343,Loyal,High Value
16204,23,3,944.24,United Kingdom,2011-11-16 13:40:00,731,4,3,3,433,Loyal,High Value
16205,31,7,1830.61,United Kingdom,2011-11-09 09:32:00,543,4,4,4,444,Champions,High Value
16206,55,13,2602.32,United Kingdom,2011-10-16 10:41:00,684,4,5,4,454,Champions,High Value
16207,25,1,394.38,United Kingdom,2011-11-14 13:51:00,25,4,1,2,412,New Customers,Medium Value
16208,45,10,3440.45,United Kingdom,2011-10-26 11:36:00,653,4,5,5,455,Champions,High Value
16209,89,9,4146.78,United Kingdom,2011-09-12 11:58:00,547,3,5,5,355,Loyal,High Value
16210,2,35,38489.51,United Kingdom,2011-12-08 12:36:00,737,5,5,5,555,Champions,High Value
16211,89,3,1090.59,United Kingdom,2011-09-12 12:11:00,438,3,3,3,333,Loyal,High Value
16212,19,4,1293.71,United Kingdom,2011-11-20 13:00:00,670,5,4,4,544,Champions,High Value
16213,79,1,159.0,United Kingdom,2011-09-22 10:03:00,79,3,1,1,311,About to Sleep,Low Value/At Risk
16214,171,4,2038.25,United Kingdom,2011-06-22 11:30:00,435,3,4,4,344,Loyal,High Value
16215,81,1,242.35,United Kingdom,2011-09-20 10:18:00,81,3,1,1,311,About to Sleep,Low Value/At Risk
16216,267,1,914.9300000000001,United Kingdom,2011-03-17 15:34:00,267,2,1,3,213,About to Sleep,Low Value/At Risk
16217,235,2,304.25,United Kingdom,2011-04-18 13:31:00,282,2,2,2,222,Need Attention,Medium Value
16218,30,13,4439.97,United Kingdom,2011-11-10 09:59:00,561,4,5,5,455,Champions,High Value
16219,501,1,40.8,United Kingdom,2010-07-27 11:44:00,501,1,1,1,111,At Risk,Low Value/At Risk
16221,37,9,2235.5099999999998,United Kingdom,2011-11-03 11:43:00,486,4,5,4,454,Champions,High Value
16222,318,2,1345.22,United Kingdom,2011-01-25 13:38:00,721,2,2,4,224,Need Attention,Medium Value
16223,375,2,1102.3500000000001,United Kingdom,2010-11-30 11:50:00,396,2,2,3,223,Need Attention,Medium Value
16224,57,5,1616.54,United Kingdom,2011-10-13 17:51:00,387,4,4,4,444,Champions,High Value
16225,45,15,2867.4100000000003,United Kingdom,2011-10-26 08:30:00,671,4,5,4,454,Champions,High Value
16226,203,5,672.1700000000001,United Kingdom,2011-05-20 14:41:00,414,2,4,3,243,At Risk,Low Value/At Risk
16227,225,3,1027.22,United Kingdom,2011-04-28 13:33:00,535,2,3,3,233,At Risk,Low Value/At Risk
16228,385,3,890.8100000000001,United Kingdom,2010-11-19 14:20:00,400,2,3,3,233,At Risk,Low Value/At Risk
16229,87,6,2867.86,United Kingdom,2011-09-13 17:16:00,564,3,4,4,344,Loyal,High Value
16230,190,2,542.03,United Kingdom,2011-06-03 10:06:00,220,2,2,2,222,Need Attention,Medium Value
16231,379,4,1078.22,United Kingdom,2010-11-25 15:00:00,598,2,4,3,243,At Risk,Low Value/At Risk
16232,44,7,2712.97,United Kingdom,2011-10-27 12:16:00,550,4,4,4,444,Champions,High Value
16233,71,9,1965.71,United Kingdom,2011-09-29 17:27:00,737,3,5,4,354,Loyal,High Value
16234,476,3,333.18,United Kingdom,2010-08-20 14:33:00,562,1,3,2,132,At Risk,Low Value/At Risk
16235,41,9,2053.71,United Kingdom,2011-10-30 10:56:00,471,4,5,4,454,Champions,High Value
16236,78,1,432.2,United Kingdom,2011-09-22 14:10:00,78,3,1,2,312,About to Sleep,Low Value/At Risk
16237,437,1,136.65,United Kingdom,2010-09-28 17:02:00,437,1,1,1,111,At Risk,Low Value/At Risk
16238,423,1,63.66,United Kingdom,2010-10-13 12:36:00,423,1,1,1,111,At Risk,Low Value/At Risk
16239,57,6,1492.2,United Kingdom,2011-10-14 08:29:00,463,4,4,4,444,Champions,High Value
16240,24,2,3718.8,United Kingdom,2011-11-15 14:30:00,77,4,2,5,425,New Customers,Medium Value
16241,10,16,4329.31,United Kingdom,2011-11-30 11:08:00,410,5,5,5,555,Champions,High Value
16242,8,14,7474.4,United Kingdom,2011-12-01 15:12:00,634,5,5,5,555,Champions,High Value
16243,34,2,409.1,United Kingdom,2011-11-06 12:32:00,55,4,2,2,422,New Customers,Medium Value
16244,212,2,2579.38,United Kingdom,2011-05-12 10:18:00,373,2,2,4,224,Need Attention,Medium Value
16245,24,3,1413.66,United Kingdom,2011-11-16 10:14:00,257,4,3,4,434,Loyal,High Value
16246,460,2,827.25,United Kingdom,2010-09-06 12:04:00,670,1,2,3,123,At Risk,Low Value/At Risk
16247,170,1,114.56,United Kingdom,2011-06-22 14:23:00,170,3,1,1,311,About to Sleep,Low Value/At Risk
16248,62,1,152.94,United Kingdom,2011-10-09 11:32:00,62,3,1,1,311,About to Sleep,Low Value/At Risk
16249,53,5,1800.07,United Kingdom,2011-10-18 10:07:00,239,4,4,4,444,Champions,High Value
16250,261,3,791.38,United Kingdom,2011-03-23 15:07:00,387,2,3,3,233,At Risk,Low Value/At Risk
16251,512,1,128.31,United Kingdom,2010-07-15 14:55:00,512,1,1,1,111,At Risk,Low Value/At Risk
16252,383,1,295.09000000000003,United Kingdom,2010-11-22 11:57:00,383,2,1,2,212,About to Sleep,Low Value/At Risk
16253,67,7,7310.15,United Kingdom,2011-10-04 09:09:00,731,3,4,5,345,Loyal,High Value
16254,378,3,985.14,United Kingdom,2010-11-26 13:22:00,632,2,3,3,233,At Risk,Low Value/At Risk
16255,17,15,4906.8,United Kingdom,2011-11-23 12:40:00,685,5,5,5,555,Champions,High Value
16256,267,3,1629.37,United Kingdom,2011-03-18 12:18:00,598,2,3,4,234,At Risk,Low Value/At Risk
16257,177,1,46.95,United Kingdom,2011-06-16 10:11:00,177,3,1,1,311,About to Sleep,Low Value/At Risk
16258,45,15,11942.52,United Kingdom,2011-10-25 13:30:00,639,4,5,5,455,Champions,High Value
16259,410,3,361.94,United Kingdom,2010-10-25 14:27:00,605,2,3,2,232,At Risk,Low Value/At Risk
16260,51,1,1035.45,United Kingdom,2011-10-20 09:40:00,51,4,1,3,413,New Customers,Medium Value
16261,17,6,1059.45,United Kingdom,2011-11-22 17:23:00,442,5,4,3,543,Loyal,High Value
16262,378,1,755.15,United Kingdom,2010-11-26 13:22:00,378,2,1,3,213,About to Sleep,Low Value/At Risk
16263,423,1,351.01,United Kingdom,2010-10-12 14:52:00,423,1,1,2,112,At Risk,Low Value/At Risk
16264,438,2,837.53,United Kingdom,2010-09-27 15:00:00,446,1,2,3,123,At Risk,Low Value/At Risk
16265,9,12,6935.17,United Kingdom,2011-11-30 16:41:00,407,5,5,5,555,Champions,High Value
16266,74,14,1757.95,United Kingdom,2011-09-27 12:08:00,673,3,5,4,354,Loyal,High Value
16267,591,1,186.66,United Kingdom,2010-04-27 14:10:00,591,1,1,1,111,At Risk,Low Value/At Risk
16268,71,2,667.65,United Kingdom,2011-09-29 18:30:00,71,3,2,3,323,Need Attention,Medium Value
16269,438,1,717.57,United Kingdom,2010-09-28 11:50:00,438,1,1,3,113,At Risk,Low Value/At Risk
16270,353,1,1141.24,United Kingdom,2010-12-21 14:26:00,353,2,1,3,213,About to Sleep,Low Value/At Risk
16271,3,10,3463.02,United Kingdom,2011-12-07 12:45:00,643,5,5,5,555,Champions,High Value
16272,117,1,411.7,United Kingdom,2011-08-15 10:54:00,117,3,1,2,312,About to Sleep,Low Value/At Risk
16273,648,2,336.03999999999996,United Kingdom,2010-03-01 13:24:00,656,1,2,2,122,At Risk,Low Value/At Risk
16274,373,1,715.9,United Kingdom,2010-12-01 15:35:00,373,2,1,3,213,About to Sleep,Low Value/At Risk
16275,197,3,2151.11,United Kingdom,2011-05-27 12:41:00,641,2,3,4,234,At Risk,Low Value/At Risk
16276,177,3,2629.3900000000003,United Kingdom,2011-06-16 09:34:00,608,3,3,4,334,Loyal,High Value
16277,734,1,188.69,United Kingdom,2009-12-06 11:27:00,734,1,1,1,111,At Risk,Low Value/At Risk
16278,100,3,1117.84,United Kingdom,2011-08-31 17:12:00,499,3,3,3,333,Loyal,High Value
16279,21,9,5705.08,United Kingdom,2011-11-18 15:00:00,596,4,5,5,455,Champions,High Value
16280,725,1,238.05,United Kingdom,2009-12-14 15:49:00,725,1,1,1,111,At Risk,Low Value/At Risk
16281,72,3,3424.02,United Kingdom,2011-09-28 14:57:00,682,3,3,5,335,Loyal,High Value
16282,340,3,1307.58,United Kingdom,2011-01-04 11:42:00,719,2,3,4,234,At Risk,Low Value/At Risk
16283,6,8,4403.82,United Kingdom,2011-12-04 12:08:00,649,5,5,5,555,Champions,High Value
16284,31,3,1029.77,United Kingdom,2011-11-08 16:12:00,393,4,3,3,433,Loyal,High Value
16285,646,1,176.9,United Kingdom,2010-03-03 16:03:00,646,1,1,1,111,At Risk,Low Value/At Risk
16286,477,2,328.95,United Kingdom,2010-08-19 14:48:00,624,1,2,2,122,At Risk,Low Value/At Risk
16287,170,5,1006.98,United Kingdom,2011-06-23 09:08:00,690,3,4,3,343,Loyal,High Value
16288,470,1,129.85,United Kingdom,2010-08-26 14:45:00,470,1,1,1,111,At Risk,Low Value/At Risk
16289,462,1,136.31,United Kingdom,2010-09-03 14:02:00,462,1,1,1,111,At Risk,Low Value/At Risk
16290,465,4,2069.3,United Kingdom,2010-09-01 11:52:00,566,1,4,4,144,At Risk,Low Value/At Risk
16291,682,1,117.72,Portugal,2010-01-26 16:26:00,682,1,1,1,111,At Risk,Low Value/At Risk
16292,122,5,1253.76,United Kingdom,2011-08-10 12:24:00,604,3,4,4,344,Loyal,High Value
16293,22,15,4657.95,United Kingdom,2011-11-18 09:58:00,729,4,5,5,455,Champions,High Value
16294,477,1,126.05000000000001,United Kingdom,2010-08-20 12:01:00,477,1,1,1,111,At Risk,Low Value/At Risk
16295,10,4,1328.55,United Kingdom,2011-11-30 08:17:00,65,5,4,4,544,Champions,High Value
16296,626,4,1313.67,United Kingdom,2010-03-23 13:11:00,722,1,4,4,144,At Risk,Low Value/At Risk
16297,269,1,301.9,United Kingdom,2011-03-16 08:29:00,269,2,1,2,212,About to Sleep,Low Value/At Risk
16298,23,7,1085.7,United Kingdom,2011-11-17 11:59:00,442,4,4,3,443,Loyal,High Value
16299,477,1,193.65,United Kingdom,2010-08-19 17:46:00,477,1,1,1,111,At Risk,Low Value/At Risk
16300,430,3,1392.43,United Kingdom,2010-10-05 13:14:00,676,1,3,4,134,At Risk,Low Value/At Risk
16301,737,1,107.33,United Kingdom,2009-12-03 10:20:00,737,1,1,1,111,At Risk,Low Value/At Risk
16302,127,1,233.22,United Kingdom,2011-08-05 09:44:00,127,3,1,1,311,About to Sleep,Low Value/At Risk
16303,26,7,7928.27,United Kingdom,2011-11-14 10:49:00,631,4,4,5,445,Champions,High Value
16304,695,1,381.66,United Kingdom,2010-01-14 08:30:00,695,1,1,2,112,At Risk,Low Value/At Risk
16305,139,1,361.21999999999997,United Kingdom,2011-07-24 12:18:00,139,3,1,2,312,About to Sleep,Low Value/At Risk
16306,214,7,1192.82,United Kingdom,2011-05-10 12:12:00,435,2,4,3,243,At Risk,Low Value/At Risk
16307,429,3,1194.92,United Kingdom,2010-10-06 14:31:00,577,1,3,3,133,At Risk,Low Value/At Risk
16308,38,7,5120.0,United Kingdom,2011-11-02 11:24:00,724,4,4,5,445,Champions,High Value
16309,106,2,706.57,United Kingdom,2011-08-25 15:35:00,241,3,2,3,323,Need Attention,Medium Value
16310,414,2,460.08,United Kingdom,2010-10-21 14:47:00,642,1,2,2,122,At Risk,Low Value/At Risk
16311,18,2,616.26,United Kingdom,2011-11-22 08:54:00,49,5,2,2,522,New Customers,Medium Value
16312,432,1,171.15,United Kingdom,2010-10-03 14:15:00,432,1,1,1,111,At Risk,Low Value/At Risk
16313,3,2,274.15000000000003,United Kingdom,2011-12-06 13:02:00,50,5,2,1,521,New Customers,Medium Value
16314,390,3,1491.4,United Kingdom,2010-11-15 12:06:00,473,2,3,4,234,At Risk,Low Value/At Risk
16315,331,2,402.71,United Kingdom,2011-01-13 11:57:00,536,2,2,2,222,Need Attention,Medium Value
16316,64,13,5744.91,United Kingdom,2011-10-06 13:48:00,493,3,5,5,355,Loyal,High Value
16317,120,5,2192.51,United Kingdom,2011-08-12 12:46:00,585,3,4,4,344,Loyal,High Value
16318,35,1,328.15,United Kingdom,2011-11-04 13:05:00,35,4,1,2,412,New Customers,Medium Value
16319,218,1,404.40000000000003,United Kingdom,2011-05-06 11:27:00,218,2,1,2,212,About to Sleep,Low Value/At Risk
16320,172,6,5628.99,Unspecified,2011-06-20 15:25:00,681,3,4,5,345,Loyal,High Value
16321,72,7,604.5500000000001,Australia,2011-09-28 14:55:00,739,3,4,2,342,Potential,High Value
16322,1,2,326.75,United Kingdom,2011-12-08 15:41:00,36,5,2,2,522,New Customers,Medium Value
16323,196,2,353.66,United Kingdom,2011-05-27 14:48:00,578,2,2,2,222,Need Attention,Medium Value
16324,128,3,428.68,United Kingdom,2011-08-03 12:58:00,177,3,3,2,332,Potential,High Value
16325,47,12,3597.5,United Kingdom,2011-10-24 08:48:00,735,4,5,5,455,Champions,High Value
16326,6,24,4826.99,United Kingdom,2011-12-04 10:11:00,680,5,5,5,555,Champions,High Value
16327,14,16,10731.34,United Kingdom,2011-11-25 13:23:00,725,5,5,5,555,Champions,High Value
16328,563,1,310.83,United Kingdom,2010-05-25 14:02:00,563,1,1,2,112,At Risk,Low Value/At Risk
16329,428,4,1703.07,United Kingdom,2010-10-08 12:44:00,739,1,4,4,144,At Risk,Low Value/At Risk
16330,18,7,634.33,United Kingdom,2011-11-22 12:24:00,663,5,4,3,543,Loyal,High Value
16331,432,6,2037.7,United Kingdom,2010-10-03 13:47:00,643,1,4,4,144,At Risk,Low Value/At Risk
16332,28,11,2010.41,United Kingdom,2011-11-11 14:22:00,589,4,5,4,454,Champions,High Value
16333,8,22,26626.8,United Kingdom,2011-12-02 12:19:00,310,5,5,5,555,Champions,High Value
16334,492,1,277.48,United Kingdom,2010-08-04 16:38:00,492,1,1,1,111,At Risk,Low Value/At Risk
16335,552,7,2774.0,United Kingdom,2010-06-06 11:35:00,736,1,4,4,144,At Risk,Low Value/At Risk
16336,421,4,3517.69,United Kingdom,2010-10-15 12:32:00,632,1,4,5,145,At Risk,Low Value/At Risk
16337,37,1,151.05,United Kingdom,2011-11-03 10:03:00,37,4,1,1,411,New Customers,Medium Value
16338,157,1,214.79999999999998,United Kingdom,2011-07-05 13:56:00,157,3,1,1,311,About to Sleep,Low Value/At Risk
16339,284,1,109.95,United Kingdom,2011-02-28 13:41:00,284,2,1,1,211,About to Sleep,Low Value/At Risk
16340,107,3,1526.06,United Kingdom,2011-08-24 14:53:00,551,3,3,4,334,Loyal,High Value
16341,25,7,3850.79,United Kingdom,2011-11-15 09:12:00,610,4,4,5,445,Champions,High Value
16342,75,4,322.41,United Kingdom,2011-09-25 14:36:00,180,3,4,2,342,Potential,High Value
16343,16,3,687.0699999999999,United Kingdom,2011-11-23 17:45:00,407,5,3,3,533,Loyal,High Value
16344,158,4,842.42,United Kingdom,2011-07-04 15:50:00,669,3,4,3,343,Loyal,High Value
16345,44,2,1198.74,United Kingdom,2011-10-26 16:03:00,483,4,2,3,423,New Customers,Medium Value
16346,385,1,224.51,United Kingdom,2010-11-19 15:55:00,385,2,1,1,211,About to Sleep,Low Value/At Risk
16347,11,11,3509.41,United Kingdom,2011-11-28 13:14:00,638,5,5,5,555,Champions,High Value
16348,32,8,1798.22,United Kingdom,2011-11-07 15:44:00,430,4,5,4,454,Champions,High Value
16349,291,1,53.5,United Kingdom,2011-02-22 12:40:00,291,2,1,1,211,About to Sleep,Low Value/At Risk
16350,21,9,2253.89,United Kingdom,2011-11-18 15:53:00,428,4,5,4,454,Champions,High Value
16351,333,13,3330.0299999999997,United Kingdom,2011-01-11 10:26:00,735,2,5,5,255,At Risk,Low Value/At Risk
16352,18,2,494.44,United Kingdom,2011-11-22 10:32:00,38,5,2,2,522,New Customers,Medium Value
16353,4,38,9999.460000000001,United Kingdom,2011-12-06 12:23:00,732,5,5,5,555,Champions,High Value
16354,63,5,1129.51,United Kingdom,2011-10-07 14:28:00,591,3,4,3,343,Loyal,High Value
16355,375,1,416.35,United Kingdom,2010-11-29 14:21:00,375,2,1,2,212,About to Sleep,Low Value/At Risk
16356,198,6,415.87,United Kingdom,2011-05-26 11:51:00,552,2,4,2,242,At Risk,Low Value/At Risk
16357,33,4,868.37,United Kingdom,2011-11-06 16:04:00,381,4,4,3,443,Loyal,High Value
16358,1,5,2919.65,United Kingdom,2011-12-08 15:09:00,395,5,4,4,544,Champions,High Value
16359,7,16,2697.75,United Kingdom,2011-12-02 17:04:00,662,5,5,4,554,Champions,High Value
16360,5,6,3512.53,United Kingdom,2011-12-05 12:16:00,88,5,4,5,545,Champions,High Value
16361,10,4,896.66,United Kingdom,2011-11-30 12:32:00,71,5,4,3,543,Loyal,High Value
16362,32,6,946.94,United Kingdom,2011-11-07 13:01:00,438,4,4,3,443,Loyal,High Value
16363,53,1,109.36000000000001,United Kingdom,2011-10-17 14:14:00,53,4,1,1,411,New Customers,Medium Value
16364,12,2,707.04,United Kingdom,2011-11-28 11:27:00,137,5,2,3,523,New Customers,Medium Value
16365,18,15,3307.2,United Kingdom,2011-11-22 11:24:00,729,5,5,5,555,Champions,High Value
16366,19,4,1548.1299999999999,United Kingdom,2011-11-21 08:19:00,724,5,4,4,544,Champions,High Value
16367,37,3,1362.4,United Kingdom,2011-11-02 13:13:00,383,4,3,4,434,Loyal,High Value
16368,2,3,640.21,United Kingdom,2011-12-07 13:12:00,436,5,3,3,533,Loyal,High Value
16369,18,7,2664.81,United Kingdom,2011-11-21 16:25:00,611,5,4,4,544,Champions,High Value
16370,82,4,1320.56,United Kingdom,2011-09-18 15:55:00,225,3,4,4,344,Loyal,High Value
16371,449,1,157.2,United Kingdom,2010-09-17 12:09:00,449,1,1,1,111,At Risk,Low Value/At Risk
16372,33,5,1328.61,United Kingdom,2011-11-06 13:08:00,607,4,4,4,444,Champions,High Value
16373,382,2,309.49,United Kingdom,2010-11-22 15:50:00,411,2,2,2,222,Need Attention,Medium Value
16374,66,5,1771.45,United Kingdom,2011-10-04 15:21:00,588,3,4,4,344,Loyal,High Value
16375,470,2,104.0,United Kingdom,2010-08-26 14:25:00,470,1,2,1,121,At Risk,Low Value/At Risk
16376,9,2,987.01,United Kingdom,2011-12-01 11:38:00,17,5,2,3,523,New Customers,Medium Value
16377,267,2,1308.48,United Kingdom,2011-03-17 15:41:00,618,2,2,4,224,Need Attention,Medium Value
16378,247,3,362.95,United Kingdom,2011-04-06 15:07:00,311,2,3,2,232,At Risk,Low Value/At Risk
16379,4,4,2157.4,United Kingdom,2011-12-05 15:38:00,79,5,4,4,544,Champions,High Value
16380,61,1,1780.59,United Kingdom,2011-10-09 15:40:00,61,3,1,4,314,About to Sleep,Low Value/At Risk
16381,396,2,258.7,United Kingdom,2010-11-09 09:56:00,418,2,2,1,221,Need Attention,Medium Value
16382,408,2,353.1,United Kingdom,2010-10-27 16:23:00,551,2,2,2,222,Need Attention,Medium Value
16383,75,7,2974.84,United Kingdom,2011-09-26 12:45:00,673,3,4,5,345,Loyal,High Value
16384,90,4,1358.95,United Kingdom,2011-09-11 11:19:00,590,3,4,4,344,Loyal,High Value
16385,60,5,1030.61,United Kingdom,2011-10-10 13:12:00,632,3,4,3,343,Loyal,High Value
16386,29,3,1102.59,United Kingdom,2011-11-11 12:28:00,388,4,3,3,433,Loyal,High Value
16387,323,5,918.55,United Kingdom,2011-01-21 11:34:00,639,2,4,3,243,At Risk,Low Value/At Risk
16388,654,1,186.05,United Kingdom,2010-02-24 10:20:00,654,1,1,1,111,At Risk,Low Value/At Risk
16389,53,4,1382.07,United Kingdom,2011-10-17 14:41:00,283,4,4,4,444,Champions,High Value
16390,537,3,467.5,United Kingdom,2010-06-21 10:11:00,679,1,3,2,132,At Risk,Low Value/At Risk
16391,401,4,1103.61,United Kingdom,2010-11-04 12:27:00,562,2,4,3,243,At Risk,Low Value/At Risk
16392,270,3,763.05,United Kingdom,2011-03-15 12:11:00,562,2,3,3,233,At Risk,Low Value/At Risk
16393,2,23,5561.66,United Kingdom,2011-12-07 12:51:00,739,5,5,5,555,Champions,High Value
16394,57,5,1555.34,United Kingdom,2011-10-14 09:48:00,290,4,4,4,444,Champions,High Value
16395,61,14,3537.85,United Kingdom,2011-10-10 12:50:00,734,3,5,5,355,Loyal,High Value
16396,476,1,137.8,United Kingdom,2010-08-20 14:17:00,476,1,1,1,111,At Risk,Low Value/At Risk
16397,628,1,127.88,United Kingdom,2010-03-21 15:36:00,628,1,1,1,111,At Risk,Low Value/At Risk
16398,154,2,1705.8,United Kingdom,2011-07-08 15:16:00,254,3,2,4,324,Need Attention,Medium Value
16399,19,3,641.82,United Kingdom,2011-11-20 16:12:00,389,5,3,3,533,Loyal,High Value
16400,95,9,3159.44,United Kingdom,2011-09-06 12:27:00,732,3,5,5,355,Loyal,High Value
16401,1,23,6849.15,United Kingdom,2011-12-08 18:15:00,555,5,5,5,555,Champions,High Value
16402,265,2,511.4,United Kingdom,2011-03-20 12:25:00,369,2,2,2,222,Need Attention,Medium Value
16403,312,1,177.5,United Kingdom,2011-01-31 13:39:00,312,2,1,1,211,About to Sleep,Low Value/At Risk
16404,70,1,443.05,United Kingdom,2011-09-30 14:55:00,70,3,1,2,312,About to Sleep,Low Value/At Risk
16405,302,2,167.25,United Kingdom,2011-02-10 15:24:00,310,2,2,1,221,Need Attention,Medium Value
16406,19,3,552.68,United Kingdom,2011-11-21 11:57:00,654,5,3,2,532,Potential,High Value
16407,13,14,2821.65,United Kingdom,2011-11-27 11:05:00,432,5,5,4,554,Champions,High Value
16408,591,1,231.93,United Kingdom,2010-04-27 14:08:00,591,1,1,1,111,At Risk,Low Value/At Risk
16409,36,12,5709.04,United Kingdom,2011-11-03 16:45:00,726,4,5,5,455,Champions,High Value
16410,734,1,130.32,United Kingdom,2009-12-05 14:51:00,734,1,1,1,111,At Risk,Low Value/At Risk
16411,19,4,910.1899999999999,United Kingdom,2011-11-20 13:23:00,428,5,4,3,543,Loyal,High Value
16412,54,5,647.23,United Kingdom,2011-10-17 12:35:00,673,4,4,3,443,Loyal,High Value
16413,57,2,528.98,United Kingdom,2011-10-14 12:08:00,376,4,2,2,422,New Customers,Medium Value
16414,22,5,559.71,United Kingdom,2011-11-18 09:42:00,695,4,4,2,442,Potential,High Value
16415,44,3,719.44,United Kingdom,2011-10-26 13:35:00,677,4,3,3,433,Loyal,High Value
16416,27,9,2972.88,United Kingdom,2011-11-13 12:50:00,655,4,5,5,455,Champions,High Value
16417,493,1,35.7,United Kingdom,2010-08-04 09:08:00,493,1,1,1,111,At Risk,Low Value/At Risk
16418,45,5,1101.94,United Kingdom,2011-10-26 12:39:00,423,4,4,3,443,Loyal,High Value
16419,113,8,1487.42,United Kingdom,2011-08-19 12:33:00,668,3,5,4,354,Loyal,High Value
16420,396,1,75.0,United Kingdom,2010-11-08 15:15:00,396,2,1,1,211,About to Sleep,Low Value/At Risk
16421,376,3,526.27,United Kingdom,2010-11-28 13:31:00,470,2,3,2,232,At Risk,Low Value/At Risk
16422,17,109,63651.47,United Kingdom,2011-11-22 14:00:00,697,5,5,5,555,Champions,High Value
16423,25,1,346.12,United Kingdom,2011-11-15 09:21:00,25,4,1,2,412,New Customers,Medium Value
16424,191,2,443.06,United Kingdom,2011-06-01 13:40:00,383,2,2,2,222,Need Attention,Medium Value
16425,302,1,302.7,United Kingdom,2011-02-10 14:30:00,302,2,1,2,212,About to Sleep,Low Value/At Risk
16426,2,10,1908.25,United Kingdom,2011-12-07 14:01:00,276,5,5,4,554,Champions,High Value
16427,263,2,241.06,United Kingdom,2011-03-21 17:10:00,284,2,2,1,221,Need Attention,Medium Value
16428,414,3,660.28,United Kingdom,2010-10-22 12:22:00,498,1,3,3,133,At Risk,Low Value/At Risk
16429,106,1,284.55,United Kingdom,2011-08-25 13:54:00,106,3,1,1,311,About to Sleep,Low Value/At Risk
16430,57,7,1117.94,United Kingdom,2011-10-13 14:47:00,682,4,4,3,443,Loyal,High Value
16431,213,3,642.81,United Kingdom,2011-05-10 14:09:00,297,2,3,3,233,At Risk,Low Value/At Risk
16432,64,1,287.4,United Kingdom,2011-10-06 13:59:00,64,3,1,1,311,About to Sleep,Low Value/At Risk
16433,28,2,384.52,United Kingdom,2011-11-11 14:09:00,409,4,2,2,422,New Customers,Medium Value
16434,29,12,2741.74,United Kingdom,2011-11-10 14:28:00,691,4,5,4,454,Champions,High Value
16435,512,3,1011.5699999999999,United Kingdom,2010-07-15 18:22:00,514,1,3,3,133,At Risk,Low Value/At Risk
16436,668,3,329.34,United Kingdom,2010-02-09 13:19:00,733,1,3,2,132,At Risk,Low Value/At Risk
16437,381,2,301.25,United Kingdom,2010-11-23 16:59:00,430,2,2,2,222,Need Attention,Medium Value
16438,6,5,798.35,United Kingdom,2011-12-04 10:51:00,82,5,4,3,543,Loyal,High Value
16439,722,1,310.70000000000005,United Kingdom,2009-12-17 14:22:00,722,1,1,2,112,At Risk,Low Value/At Risk
16440,8,6,3856.9700000000003,United Kingdom,2011-12-02 12:02:00,494,5,4,5,545,Champions,High Value
16441,67,5,1034.43,United Kingdom,2011-10-03 17:48:00,627,3,4,3,343,Loyal,High Value
16442,2,5,899.47,United Kingdom,2011-12-08 11:43:00,727,5,4,3,543,Loyal,High Value
16443,521,1,162.24,United Kingdom,2010-07-07 11:57:00,521,1,1,1,111,At Risk,Low Value/At Risk
16444,46,17,3656.58,United Kingdom,2011-10-24 13:50:00,625,4,5,5,455,Champions,High Value
16445,34,4,602.73,United Kingdom,2011-11-06 12:32:00,412,4,4,2,442,Potential,High Value
16446,1,2,168472.5,United Kingdom,2011-12-09 09:15:00,206,5,2,5,525,New Customers,Medium Value
16447,136,3,775.14,United Kingdom,2011-07-27 12:45:00,660,3,3,3,333,Loyal,High Value
16448,198,2,367.87,United Kingdom,2011-05-25 16:28:00,471,2,2,2,222,Need Attention,Medium Value
16449,198,2,707.69,United Kingdom,2011-05-26 10:25:00,281,2,2,3,223,Need Attention,Medium Value
16450,150,3,1505.73,United Kingdom,2011-07-13 11:47:00,656,3,3,4,334,Loyal,High Value
16451,88,3,1013.15,United Kingdom,2011-09-13 09:17:00,735,3,3,3,333,Loyal,High Value
16452,631,2,332.17,United Kingdom,2010-03-19 12:39:00,694,1,2,2,122,At Risk,Low Value/At Risk
16453,531,2,251.71,United Kingdom,2010-06-27 12:46:00,548,1,2,1,121,At Risk,Low Value/At Risk
16454,45,4,30.950000000000003,United Kingdom,2011-10-26 11:40:00,611,4,4,1,441,Potential,High Value
16455,64,11,4384.37,United Kingdom,2011-10-07 12:17:00,620,3,5,5,355,Loyal,High Value
16456,99,13,6862.91,United Kingdom,2011-09-01 13:50:00,621,3,5,5,355,Loyal,High Value
16457,218,1,208.36,United Kingdom,2011-05-05 13:19:00,218,2,1,1,211,About to Sleep,Low Value/At Risk
16458,3,30,5715.34,United Kingdom,2011-12-07 09:34:00,562,5,5,5,555,Champions,High Value
16459,730,1,71.78999999999999,United Kingdom,2009-12-10 12:42:00,730,1,1,1,111,At Risk,Low Value/At Risk
16460,28,3,814.72,United Kingdom,2011-11-11 13:46:00,82,4,3,3,433,Loyal,High Value
16461,178,3,1615.22,United Kingdom,2011-06-15 12:07:00,646,3,3,4,334,Loyal,High Value
16462,74,3,136.0,United Kingdom,2011-09-27 10:24:00,284,3,3,1,331,Potential,High Value
16463,21,4,1422.4,United Kingdom,2011-11-18 14:01:00,204,4,4,4,444,Champions,High Value
16464,20,3,1314.68,United Kingdom,2011-11-20 12:11:00,142,4,3,4,434,Loyal,High Value
16465,421,2,746.24,United Kingdom,2010-10-15 09:27:00,445,1,2,3,123,At Risk,Low Value/At Risk
16466,34,15,3838.59,United Kingdom,2011-11-06 11:35:00,642,4,5,5,455,Champions,High Value
16467,509,7,2869.16,United Kingdom,2010-07-19 11:49:00,738,1,4,4,144,At Risk,Low Value/At Risk
16468,74,3,787.52,United Kingdom,2011-09-26 14:13:00,481,3,3,3,333,Loyal,High Value
16469,24,5,828.91,United Kingdom,2011-11-16 12:25:00,514,4,4,3,443,Loyal,High Value
16470,52,11,2458.6,United Kingdom,2011-10-19 12:11:00,729,4,5,4,454,Champions,High Value
16471,275,4,1189.98,United Kingdom,2011-03-10 09:41:00,653,2,4,3,243,At Risk,Low Value/At Risk
16472,434,2,789.6,United Kingdom,2010-10-01 13:56:00,598,1,2,3,123,At Risk,Low Value/At Risk
16473,165,4,470.83,United Kingdom,2011-06-28 09:10:00,374,3,4,2,342,Potential,High Value
16474,7,7,1871.5,United Kingdom,2011-12-02 13:02:00,145,5,4,4,544,Champions,High Value
16475,88,4,544.3,United Kingdom,2011-09-12 14:37:00,274,3,4,2,342,Potential,High Value
16476,432,1,350.35,United Kingdom,2010-10-04 10:29:00,432,1,1,2,112,At Risk,Low Value/At Risk
16477,64,11,4320.02,United Kingdom,2011-10-07 09:44:00,485,3,5,5,355,Loyal,High Value
16478,25,3,331.0,United Kingdom,2011-11-14 15:51:00,66,4,3,2,432,Potential,High Value
16479,10,2,300.83,United Kingdom,2011-11-29 13:40:00,10,5,2,2,522,New Customers,Medium Value
16480,76,1,769.29,United Kingdom,2011-09-25 11:40:00,76,3,1,3,313,About to Sleep,Low Value/At Risk
16481,682,1,453.38,United Kingdom,2010-01-26 13:09:00,682,1,1,2,112,At Risk,Low Value/At Risk
16482,16,1,220.62,United Kingdom,2011-11-24 12:33:00,16,5,1,1,511,New Customers,Medium Value
16483,192,1,139.35,United Kingdom,2011-05-31 13:08:00,192,2,1,1,211,About to Sleep,Low Value/At Risk
16484,174,2,404.3,United Kingdom,2011-06-19 12:06:00,191,3,2,2,322,Need Attention,Medium Value
16485,77,5,2294.68,United Kingdom,2011-09-23 15:50:00,734,3,4,4,344,Loyal,High Value
16486,538,1,134.36,United Kingdom,2010-06-20 12:16:00,538,1,1,1,111,At Risk,Low Value/At Risk
16487,577,2,209.4,United Kingdom,2010-05-11 13:38:00,659,1,2,1,121,At Risk,Low Value/At Risk
16488,33,3,498.8,United Kingdom,2011-11-06 13:42:00,149,4,3,2,432,Potential,High Value
16489,380,2,303.7,United Kingdom,2010-11-24 14:40:00,436,2,2,2,222,Need Attention,Medium Value
16490,436,1,205.41000000000003,United Kingdom,2010-09-29 16:30:00,436,1,1,1,111,At Risk,Low Value/At Risk
16491,47,2,1533.16,United Kingdom,2011-10-24 10:18:00,413,4,2,4,424,New Customers,Medium Value
16492,541,1,385.56,United Kingdom,2010-06-17 08:20:00,541,1,1,2,112,At Risk,Low Value/At Risk
16493,80,7,2132.09,United Kingdom,2011-09-21 11:10:00,623,3,4,4,344,Loyal,High Value
16494,297,1,826.53,United Kingdom,2011-02-16 12:49:00,297,2,1,3,213,About to Sleep,Low Value/At Risk
16495,3,3,684.41,United Kingdom,2011-12-06 13:20:00,276,5,3,3,533,Loyal,High Value
16496,9,6,2330.77,United Kingdom,2011-12-01 10:31:00,509,5,4,4,544,Champions,High Value
16497,50,23,6695.28,United Kingdom,2011-10-21 10:55:00,736,4,5,5,455,Champions,High Value
16498,161,2,100.97,United Kingdom,2011-07-01 15:07:00,162,3,2,1,321,Need Attention,Medium Value
16499,360,8,2578.34,United Kingdom,2010-12-14 13:31:00,547,2,5,4,254,At Risk,Low Value/At Risk
16500,5,9,843.9100000000001,United Kingdom,2011-12-05 12:04:00,543,5,5,3,553,Loyal,High Value
16501,383,1,1237.23,United Kingdom,2010-11-21 14:10:00,383,2,1,3,213,About to Sleep,Low Value/At Risk
16502,620,2,266.5,United Kingdom,2010-03-29 13:44:00,620,1,2,1,121,At Risk,Low Value/At Risk
16503,107,11,3614.34,United Kingdom,2011-08-25 11:46:00,536,3,5,5,355,Loyal,High Value
16504,25,1,484.38,United Kingdom,2011-11-14 15:18:00,25,4,1,2,412,New Customers,Medium Value
16505,32,1,777.6,United Kingdom,2011-11-08 12:14:00,32,4,1,3,413,New Customers,Medium Value
16506,20,2,90.30000000000001,United Kingdom,2011-11-20 12:17:00,40,4,2,1,421,New Customers,Medium Value
16507,572,1,152.76,United Kingdom,2010-05-16 12:56:00,572,1,1,1,111,At Risk,Low Value/At Risk
16508,630,1,248.8,United Kingdom,2010-03-19 13:41:00,630,1,1,1,111,At Risk,Low Value/At Risk
16509,297,1,363.7,United Kingdom,2011-02-16 09:25:00,297,2,1,2,212,About to Sleep,Low Value/At Risk
16510,372,6,2100.0,United Kingdom,2010-12-02 13:39:00,692,2,4,4,244,At Risk,Low Value/At Risk
16511,22,6,1819.02,United Kingdom,2011-11-18 10:41:00,649,4,4,4,444,Champions,High Value
16513,5,4,874.59,United Kingdom,2011-12-05 10:18:00,43,5,4,3,543,Loyal,High Value
16515,52,10,3216.3,United Kingdom,2011-10-18 13:10:00,541,4,5,5,455,Champions,High Value
16516,30,1,101.69999999999999,United Kingdom,2011-11-09 14:59:00,30,4,1,1,411,New Customers,Medium Value
16517,277,1,162.7,United Kingdom,2011-03-07 13:50:00,277,2,1,1,211,About to Sleep,Low Value/At Risk
16518,61,4,959.37,United Kingdom,2011-10-09 15:04:00,556,3,4,3,343,Loyal,High Value
16519,25,4,556.26,United Kingdom,2011-11-14 15:41:00,648,4,4,2,442,Potential,High Value
16520,186,6,2482.62,United Kingdom,2011-06-06 13:24:00,647,3,4,4,344,Loyal,High Value
16521,415,3,1148.01,United Kingdom,2010-10-20 13:09:00,648,1,3,3,133,At Risk,Low Value/At Risk
16522,436,2,433.36,United Kingdom,2010-09-30 10:54:00,450,1,2,2,122,At Risk,Low Value/At Risk
16523,2,28,11916.33,United Kingdom,2011-12-08 09:06:00,684,5,5,5,555,Champions,High Value
16524,446,2,308.14,United Kingdom,2010-09-19 13:37:00,691,1,2,2,122,At Risk,Low Value/At Risk
16525,2,48,24582.64,United Kingdom,2011-12-07 15:07:00,737,5,5,5,555,Champions,High Value
16526,172,2,717.21,United Kingdom,2011-06-21 12:02:00,584,3,2,3,323,Need Attention,Medium Value
16527,81,2,1272.44,United Kingdom,2011-09-19 16:21:00,424,3,2,4,324,Need Attention,Medium Value
16528,4,1,244.41,United Kingdom,2011-12-06 12:45:00,4,5,1,1,511,New Customers,Medium Value
16529,190,4,2012.0,United Kingdom,2011-06-02 17:23:00,530,2,4,4,244,At Risk,Low Value/At Risk
16530,668,1,48.349999999999994,United Kingdom,2010-02-09 15:30:00,668,1,1,1,111,At Risk,Low Value/At Risk
16531,22,11,2298.33,United Kingdom,2011-11-17 16:29:00,442,4,5,4,454,Champions,High Value
16532,18,5,8756.64,United Kingdom,2011-11-22 11:08:00,621,5,4,5,545,Champions,High Value
16533,19,3,1095.56,United Kingdom,2011-11-20 13:08:00,68,5,3,3,533,Loyal,High Value
16534,642,1,635.9,United Kingdom,2010-03-07 15:47:00,642,1,1,3,113,At Risk,Low Value/At Risk
16535,5,3,1001.59,United Kingdom,2011-12-04 15:18:00,680,5,3,3,533,Loyal,High Value
16536,110,1,548.97,United Kingdom,2011-08-21 15:54:00,110,3,1,2,312,About to Sleep,Low Value/At Risk
16537,641,1,23.35,United Kingdom,2010-03-08 13:41:00,641,1,1,1,111,At Risk,Low Value/At Risk
16538,541,3,399.62,United Kingdom,2010-06-16 16:59:00,595,1,3,2,132,At Risk,Low Value/At Risk
16539,3,10,3732.01,United Kingdom,2011-12-07 08:41:00,532,5,5,5,555,Champions,High Value
16540,414,1,226.70000000000002,United Kingdom,2010-10-21 17:22:00,414,1,1,1,111,At Risk,Low Value/At Risk
16541,735,1,424.03,United Kingdom,2009-12-04 13:22:00,735,1,1,2,112,At Risk,Low Value/At Risk
16542,54,2,257.32,United Kingdom,2011-10-17 10:47:00,401,4,2,1,421,New Customers,Medium Value
16543,592,1,292.21,United Kingdom,2010-04-27 11:38:00,592,1,1,2,112,At Risk,Low Value/At Risk
16544,520,4,376.70000000000005,United Kingdom,2010-07-08 11:11:00,662,1,4,2,142,At Risk,Low Value/At Risk
16545,165,2,689.82,United Kingdom,2011-06-28 10:37:00,376,3,2,3,323,Need Attention,Medium Value
16546,291,5,5606.47,United Kingdom,2011-02-22 11:20:00,442,2,4,5,245,At Risk,Low Value/At Risk
16547,546,1,111.71,United Kingdom,2010-06-11 13:02:00,546,1,1,1,111,At Risk,Low Value/At Risk
16548,599,1,30.15,United Kingdom,2010-04-19 16:15:00,599,1,1,1,111,At Risk,Low Value/At Risk
16549,10,34,13182.19,United Kingdom,2011-11-29 15:06:00,621,5,5,5,555,Champions,High Value
16550,109,18,9435.13,United Kingdom,2011-08-23 11:12:00,738,3,5,5,355,Loyal,High Value
16551,96,7,2237.12,United Kingdom,2011-09-05 09:38:00,726,3,4,4,344,Loyal,High Value
16552,243,2,475.02000000000004,United Kingdom,2011-04-11 10:04:00,374,2,2,2,222,Need Attention,Medium Value
16553,163,33,16644.01,United Kingdom,2011-06-29 15:42:00,666,3,5,5,355,Loyal,High Value
16554,42,8,2841.72,United Kingdom,2011-10-28 14:51:00,725,4,5,4,454,Champions,High Value
16555,35,6,1915.68,United Kingdom,2011-11-04 14:31:00,505,4,4,4,444,Champions,High Value
16556,67,17,8012.58,United Kingdom,2011-10-04 11:36:00,733,3,5,5,355,Loyal,High Value
16557,24,2,281.85,United Kingdom,2011-11-15 14:04:00,137,4,2,1,421,New Customers,Medium Value
16558,1,38,13873.51,United Kingdom,2011-12-09 10:20:00,736,5,5,5,555,Champions,High Value
16559,397,1,185.20000000000002,United Kingdom,2010-11-07 13:52:00,397,2,1,1,211,About to Sleep,Low Value/At Risk
16560,27,8,3048.38,United Kingdom,2011-11-13 10:35:00,732,4,5,5,455,Champions,High Value
16561,6,2,511.12,United Kingdom,2011-12-04 11:50:00,60,5,2,2,522,New Customers,Medium Value
16562,477,1,223.85999999999999,United Kingdom,2010-08-20 11:45:00,477,1,1,1,111,At Risk,Low Value/At Risk
16563,54,6,4422.76,United Kingdom,2011-10-17 11:51:00,738,4,4,5,445,Champions,High Value
16564,569,1,87.8,United Kingdom,2010-05-19 14:41:00,569,1,1,1,111,At Risk,Low Value/At Risk
16565,364,4,773.05,United Kingdom,2010-12-10 15:21:00,556,2,4,3,243,At Risk,Low Value/At Risk
16566,15,5,614.66,United Kingdom,2011-11-24 16:34:00,293,5,4,2,542,Potential,High Value
16567,194,2,865.6,United Kingdom,2011-05-29 13:57:00,337,2,2,3,223,Need Attention,Medium Value
16568,428,2,1020.9000000000001,United Kingdom,2010-10-08 10:54:00,641,1,2,3,123,At Risk,Low Value/At Risk
16569,3,5,1455.23,United Kingdom,2011-12-06 15:32:00,723,5,4,4,544,Champions,High Value
16570,15,20,7434.31,United Kingdom,2011-11-24 17:02:00,620,5,5,5,555,Champions,High Value
16571,27,10,4248.74,United Kingdom,2011-11-13 11:46:00,632,4,5,5,455,Champions,High Value
16572,127,3,1009.6,United Kingdom,2011-08-04 16:34:00,276,3,3,3,333,Loyal,High Value
16573,85,2,663.61,United Kingdom,2011-09-16 09:13:00,290,3,2,3,323,Need Attention,Medium Value
16574,71,3,1301.78,United Kingdom,2011-09-29 13:39:00,659,3,3,4,334,Loyal,High Value
16576,420,2,540.87,United Kingdom,2010-10-15 13:37:00,522,1,2,2,122,At Risk,Low Value/At Risk
16577,667,1,380.0,United Kingdom,2010-02-11 09:45:00,667,1,1,2,112,At Risk,Low Value/At Risk
16578,626,1,156.6,United Kingdom,2010-03-23 15:11:00,626,1,1,1,111,At Risk,Low Value/At Risk
16579,426,1,295.05,United Kingdom,2010-10-10 11:58:00,426,1,1,2,112,At Risk,Low Value/At Risk
16581,183,1,105.84,United Kingdom,2011-06-10 10:05:00,183,3,1,1,311,About to Sleep,Low Value/At Risk
16582,113,1,313.62,United Kingdom,2011-08-18 17:02:00,113,3,1,2,312,About to Sleep,Low Value/At Risk
16583,374,2,531.4,United Kingdom,2010-12-01 12:03:00,674,2,2,2,222,Need Attention,Medium Value
16584,80,5,3163.67,United Kingdom,2011-09-20 13:45:00,662,3,4,5,345,Loyal,High Value
16585,594,2,341.59,United Kingdom,2010-04-25 10:34:00,695,1,2,2,122,At Risk,Low Value/At Risk
16586,249,3,1462.78,United Kingdom,2011-04-05 09:32:00,636,2,3,4,234,At Risk,Low Value/At Risk
16587,232,1,225.15,United Kingdom,2011-04-21 15:51:00,232,2,1,1,211,About to Sleep,Low Value/At Risk
16588,386,4,1361.28,United Kingdom,2010-11-18 17:56:00,574,2,4,4,244,At Risk,Low Value/At Risk
16589,71,4,612.36,United Kingdom,2011-09-29 14:50:00,450,3,4,2,342,Potential,High Value
16590,401,2,605.9,United Kingdom,2010-11-04 09:06:00,415,2,2,2,222,Need Attention,Medium Value
16591,69,1,213.5,United Kingdom,2011-10-02 10:43:00,69,3,1,1,311,About to Sleep,Low Value/At Risk
16592,4,28,7807.91,United Kingdom,2011-12-05 13:49:00,721,5,5,5,555,Champions,High Value
16593,51,8,1071.1399999999999,United Kingdom,2011-10-20 12:41:00,735,4,5,3,453,Loyal,High Value
16594,75,1,181.09,United Kingdom,2011-09-25 14:08:00,75,3,1,1,311,About to Sleep,Low Value/At Risk
16595,61,5,1810.18,United Kingdom,2011-10-09 13:15:00,692,3,4,4,344,Loyal,High Value
16596,16,4,579.63,United Kingdom,2011-11-24 10:02:00,729,5,4,2,542,Potential,High Value
16597,4,1,90.04,United Kingdom,2011-12-05 15:44:00,4,5,1,1,511,New Customers,Medium Value
16598,286,1,145.04999999999998,United Kingdom,2011-02-27 11:42:00,286,2,1,1,211,About to Sleep,Low Value/At Risk
16599,386,1,172.8,United Kingdom,2010-11-19 12:45:00,386,2,1,1,211,About to Sleep,Low Value/At Risk
16600,4,13,2153.41,United Kingdom,2011-12-05 16:00:00,721,5,5,4,554,Champions,High Value
16601,41,3,684.25,United Kingdom,2011-10-30 11:09:00,623,4,3,3,433,Loyal,High Value
16602,36,2,763.33,United Kingdom,2011-11-03 15:54:00,389,4,2,3,423,New Customers,Medium Value
16603,75,2,482.47,United Kingdom,2011-09-26 10:06:00,91,3,2,2,322,Need Attention,Medium Value
16604,563,2,432.45,United Kingdom,2010-05-26 09:10:00,568,1,2,2,122,At Risk,Low Value/At Risk
16605,724,1,60.48,United Kingdom,2009-12-15 19:03:00,724,1,1,1,111,At Risk,Low Value/At Risk
16606,404,2,357.66,United Kingdom,2010-10-31 13:57:00,434,2,2,2,222,Need Attention,Medium Value
16607,18,25,5706.87,United Kingdom,2011-11-22 10:24:00,589,5,5,5,555,Champions,High Value
16608,454,2,1288.72,United Kingdom,2010-09-12 11:44:00,664,1,2,4,124,At Risk,Low Value/At Risk
16609,15,7,5493.46,United Kingdom,2011-11-24 13:32:00,253,5,4,5,545,Champions,High Value
16610,219,1,75.66,United Kingdom,2011-05-04 13:13:00,219,2,1,1,211,About to Sleep,Low Value/At Risk
16611,186,6,1785.13,United Kingdom,2011-06-06 15:46:00,639,3,4,4,344,Loyal,High Value
16612,33,9,3245.43,United Kingdom,2011-11-07 07:38:00,736,4,5,5,455,Champions,High Value
16613,70,1,618.59,United Kingdom,2011-09-30 15:52:00,70,3,1,3,313,About to Sleep,Low Value/At Risk
16614,183,3,1179.79,United Kingdom,2011-06-10 11:36:00,578,3,3,3,333,Loyal,High Value
16615,626,1,291.5,United Kingdom,2010-03-23 15:13:00,626,1,1,2,112,At Risk,Low Value/At Risk
16616,15,2,500.42,United Kingdom,2011-11-24 16:31:00,157,5,2,2,522,New Customers,Medium Value
16617,236,1,151.85,United Kingdom,2011-04-18 10:35:00,236,2,1,1,211,About to Sleep,Low Value/At Risk
16618,31,5,2647.59,United Kingdom,2011-11-08 13:52:00,323,4,4,4,444,Champions,High Value
16619,264,4,1938.33,United Kingdom,2011-03-21 08:18:00,656,2,4,4,244,At Risk,Low Value/At Risk
16620,4,6,1758.93,United Kingdom,2011-12-06 12:19:00,738,5,4,4,544,Champions,High Value
16621,52,4,813.48,United Kingdom,2011-10-19 11:38:00,278,4,4,3,443,Loyal,High Value
16622,544,1,225.4,United Kingdom,2010-06-14 10:44:00,544,1,1,1,111,At Risk,Low Value/At Risk
16623,246,4,1015.24,United Kingdom,2011-04-08 10:09:00,592,2,4,3,243,At Risk,Low Value/At Risk
16624,81,2,810.5699999999999,United Kingdom,2011-09-20 12:39:00,197,3,2,3,323,Need Attention,Medium Value
16625,275,5,1654.03,United Kingdom,2011-03-10 12:50:00,544,2,4,4,244,At Risk,Low Value/At Risk
16626,1,17,4413.1,United Kingdom,2011-12-09 11:56:00,267,5,5,5,555,Champions,High Value
16627,79,1,322.8,United Kingdom,2011-09-21 14:38:00,79,3,1,2,312,About to Sleep,Low Value/At Risk
16628,30,7,2318.1,United Kingdom,2011-11-10 12:45:00,642,4,4,4,444,Champions,High Value
16629,74,2,417.73,United Kingdom,2011-09-27 10:34:00,96,3,2,2,322,Need Attention,Medium Value
16630,407,1,106.80000000000001,United Kingdom,2010-10-28 14:30:00,407,2,1,1,211,About to Sleep,Low Value/At Risk
16631,482,7,1892.52,United Kingdom,2010-08-15 11:20:00,652,1,4,4,144,At Risk,Low Value/At Risk
16632,486,2,406.4,United Kingdom,2010-08-11 11:39:00,581,1,2,2,122,At Risk,Low Value/At Risk
16633,17,6,2883.1,United Kingdom,2011-11-22 13:41:00,234,5,4,4,544,Champions,High Value
16634,223,6,1814.61,United Kingdom,2011-05-01 12:09:00,688,2,4,4,244,At Risk,Low Value/At Risk
16635,407,1,473.0,United Kingdom,2010-10-29 09:41:00,407,2,1,2,212,About to Sleep,Low Value/At Risk
16636,438,4,3802.04,United Kingdom,2010-09-27 13:13:00,646,1,4,5,145,At Risk,Low Value/At Risk
16637,32,4,1154.47,United Kingdom,2011-11-07 13:17:00,226,4,4,3,443,Loyal,High Value
16638,23,15,2430.53,United Kingdom,2011-11-17 11:09:00,478,4,5,4,454,Champions,High Value
16639,31,4,1747.98,United Kingdom,2011-11-08 13:20:00,409,4,4,4,444,Champions,High Value
16640,398,1,179.4,United Kingdom,2010-11-07 10:48:00,398,2,1,1,211,About to Sleep,Low Value/At Risk
16641,106,2,554.5,United Kingdom,2011-08-26 12:49:00,702,3,2,2,322,Need Attention,Medium Value
16642,5,3,1077.45,United Kingdom,2011-12-05 11:31:00,415,5,3,3,533,Loyal,High Value
16643,246,2,923.11,United Kingdom,2011-04-08 08:24:00,423,2,2,3,223,Need Attention,Medium Value
16644,178,2,833.78,United Kingdom,2011-06-15 12:39:00,212,3,2,3,323,Need Attention,Medium Value
16645,736,1,160.39,United Kingdom,2009-12-04 09:49:00,736,1,1,1,111,At Risk,Low Value/At Risk
16646,449,1,678.8,United Kingdom,2010-09-16 13:28:00,449,1,1,3,113,At Risk,Low Value/At Risk
16647,170,4,541.9,United Kingdom,2011-06-23 11:47:00,544,3,4,2,342,Potential,High Value
16648,43,3,672.8,United Kingdom,2011-10-28 08:58:00,590,4,3,3,433,Loyal,High Value
16649,520,1,306.58000000000004,United Kingdom,2010-07-07 15:41:00,520,1,1,2,112,At Risk,Low Value/At Risk
16650,72,7,1916.11,United Kingdom,2011-09-29 09:51:00,519,3,4,4,344,Loyal,High Value
16651,587,1,136.2,United Kingdom,2010-05-02 11:46:00,587,1,1,1,111,At Risk,Low Value/At Risk
16652,59,16,17550.39,United Kingdom,2011-10-12 09:38:00,633,3,5,5,355,Loyal,High Value
16653,16,2,1212.66,United Kingdom,2011-11-23 14:51:00,71,5,2,3,523,New Customers,Medium Value
16654,141,8,1711.47,United Kingdom,2011-07-21 15:23:00,612,3,5,4,354,Loyal,High Value
16655,18,13,6548.37,United Kingdom,2011-11-22 11:25:00,677,5,5,5,555,Champions,High Value
16656,22,30,16833.170000000002,United Kingdom,2011-11-17 14:43:00,735,4,5,5,455,Champions,High Value
16657,10,4,933.62,United Kingdom,2011-11-30 11:48:00,255,5,4,3,543,Loyal,High Value
16658,368,6,814.07,United Kingdom,2010-12-06 13:47:00,619,2,4,3,243,At Risk,Low Value/At Risk
16659,189,1,39.12,United Kingdom,2011-06-03 15:03:00,189,2,1,1,211,About to Sleep,Low Value/At Risk
16660,16,7,1879.55,United Kingdom,2011-11-23 14:53:00,695,5,4,4,544,Champions,High Value
16661,540,4,986.63,United Kingdom,2010-06-17 15:24:00,722,1,4,3,143,At Risk,Low Value/At Risk
16662,394,1,163.8,United Kingdom,2010-11-10 16:56:00,394,2,1,1,211,About to Sleep,Low Value/At Risk
16663,729,1,165.0,United Kingdom,2009-12-10 13:12:00,729,1,2,1,121,At Risk,Low Value/At Risk
16664,569,1,109.2,United Kingdom,2010-05-19 17:11:00,569,1,2,1,121,At Risk,Low Value/At Risk
16665,362,1,135.39999999999998,United Kingdom,2010-12-12 14:03:00,362,2,2,1,221,Need Attention,Medium Value
16666,19,2,225.94,United Kingdom,2011-11-20 14:01:00,621,5,2,1,521,New Customers,Medium Value
16667,68,2,570.13,United Kingdom,2011-10-02 15:26:00,284,3,2,2,322,Need Attention,Medium Value
16668,15,13,862.42,United Kingdom,2011-11-24 17:43:00,631,5,5,3,553,Loyal,High Value
16669,24,3,1374.8700000000001,United Kingdom,2011-11-16 12:26:00,78,4,3,4,434,Loyal,High Value
16670,17,20,8030.150000000001,United Kingdom,2011-11-23 09:34:00,729,5,5,5,555,Champions,High Value
16671,28,3,1692.27,United Kingdom,2011-11-11 13:40:00,165,4,3,4,434,Loyal,High Value
16672,2,20,8134.9400000000005,United Kingdom,2011-12-07 16:29:00,267,5,5,5,555,Champions,High Value
16673,679,1,188.83,United Kingdom,2010-01-29 14:22:00,679,1,2,1,121,At Risk,Low Value/At Risk
16674,55,2,319.61,United Kingdom,2011-10-16 11:31:00,98,4,2,2,422,New Customers,Medium Value
16675,442,2,608.86,United Kingdom,2010-09-24 12:15:00,478,1,2,2,122,At Risk,Low Value/At Risk
16676,34,6,2361.9,United Kingdom,2011-11-06 12:01:00,418,4,4,4,444,Champions,High Value
16677,411,2,880.62,United Kingdom,2010-10-24 14:53:00,652,1,2,3,123,At Risk,Low Value/At Risk
16678,3,12,3109.99,United Kingdom,2011-12-07 12:17:00,283,5,5,5,555,Champions,High Value
16679,366,3,793.06,United Kingdom,2010-12-08 13:51:00,547,2,3,3,233,At Risk,Low Value/At Risk
16680,43,3,821.45,United Kingdom,2011-10-27 17:35:00,535,4,3,3,433,Loyal,High Value
16681,73,7,1921.84,United Kingdom,2011-09-28 11:11:00,641,3,4,4,344,Loyal,High Value
16682,5,5,1028.0,United Kingdom,2011-12-05 12:13:00,188,5,4,3,543,Loyal,High Value
16683,534,1,320.25,United Kingdom,2010-06-24 10:36:00,534,1,2,2,122,At Risk,Low Value/At Risk
16684,4,55,147142.77,United Kingdom,2011-12-05 14:06:00,732,5,5,5,555,Champions,High Value
16685,61,2,324.24,United Kingdom,2011-10-09 13:58:00,61,3,2,2,322,Need Attention,Medium Value
16686,47,16,5070.92,United Kingdom,2011-10-23 13:49:00,733,4,5,5,455,Champions,High Value
16687,391,1,157.63,United Kingdom,2010-11-14 11:46:00,391,2,2,1,221,Need Attention,Medium Value
16688,1,4,1260.86,United Kingdom,2011-12-08 15:24:00,61,5,4,4,544,Champions,High Value
16689,76,2,422.59999999999997,United Kingdom,2011-09-25 11:39:00,82,3,2,2,322,Need Attention,Medium Value
16690,72,4,353.03,United Kingdom,2011-09-28 15:02:00,451,3,4,2,342,Potential,High Value
16691,418,2,178.83,United Kingdom,2010-10-17 15:03:00,561,1,2,1,121,At Risk,Low Value/At Risk
16692,256,4,1914.6999999999998,United Kingdom,2011-03-28 14:46:00,442,2,4,4,244,At Risk,Low Value/At Risk
16693,69,5,1199.46,United Kingdom,2011-10-02 11:10:00,657,3,4,3,343,Loyal,High Value
16694,723,1,98.30000000000001,United Kingdom,2009-12-16 15:45:00,723,1,2,1,121,At Risk,Low Value/At Risk
16695,562,2,193.15,United Kingdom,2010-05-27 12:36:00,562,1,2,1,121,At Risk,Low Value/At Risk
16696,135,4,657.9000000000001,United Kingdom,2011-07-27 14:23:00,248,3,4,3,343,Loyal,High Value
16697,241,1,112.75,United Kingdom,2011-04-12 17:12:00,241,2,2,1,221,Need Attention,Medium Value
16698,227,2,1998.0,United Kingdom,2011-04-27 10:52:00,253,2,2,4,224,Need Attention,Medium Value
16699,380,7,994.6,United Kingdom,2010-11-24 14:38:00,735,2,4,3,243,At Risk,Low Value/At Risk
16700,9,25,9167.710000000001,United Kingdom,2011-12-01 11:00:00,738,5,5,5,555,Champions,High Value
16701,9,26,9916.73,United Kingdom,2011-12-01 11:10:00,738,5,5,5,555,Champions,High Value
16702,415,4,1110.83,United Kingdom,2010-10-20 14:10:00,732,1,4,3,143,At Risk,Low Value/At Risk
16704,618,2,695.66,United Kingdom,2010-03-31 14:02:00,672,1,2,3,123,At Risk,Low Value/At Risk
16705,1,42,43515.051,United Kingdom,2011-12-09 12:08:00,730,5,5,5,555,Champions,High Value
16706,37,3,531.35,United Kingdom,2011-11-02 13:50:00,114,4,3,2,432,Potential,High Value
16707,400,4,551.11,United Kingdom,2010-11-04 14:39:00,640,2,4,2,242,At Risk,Low Value/At Risk
16708,46,1,656.63,United Kingdom,2011-10-25 12:20:00,46,4,2,3,423,New Customers,Medium Value
16709,85,14,9087.460000000001,United Kingdom,2011-09-16 10:56:00,730,3,5,5,355,Loyal,High Value
16710,19,22,6349.09,United Kingdom,2011-11-20 14:50:00,735,5,5,5,555,Champions,High Value
16711,3,9,2868.48,United Kingdom,2011-12-06 16:32:00,737,5,5,4,554,Champions,High Value
16712,9,13,4266.99,United Kingdom,2011-11-30 13:48:00,401,5,5,5,555,Champions,High Value
16713,19,32,14560.69,United Kingdom,2011-11-21 12:36:00,725,4,5,5,455,Champions,High Value
16714,219,4,1529.8,United Kingdom,2011-05-05 11:09:00,671,2,4,4,244,At Risk,Low Value/At Risk
16715,78,2,625.52,United Kingdom,2011-09-22 18:15:00,563,3,2,3,323,Need Attention,Medium Value
16716,267,3,2149.6800000000003,United Kingdom,2011-03-18 10:03:00,631,2,3,4,234,At Risk,Low Value/At Risk
16717,24,14,6986.2300000000005,United Kingdom,2011-11-16 12:16:00,732,4,5,5,455,Champions,High Value
16718,369,5,3647.53,United Kingdom,2010-12-05 13:03:00,733,2,4,5,245,At Risk,Low Value/At Risk
16719,15,14,3973.3,United Kingdom,2011-11-25 09:27:00,727,5,5,5,555,Champions,High Value
16720,26,3,795.48,United Kingdom,2011-11-13 16:22:00,722,4,3,3,433,Loyal,High Value
16721,262,1,292.47,United Kingdom,2011-03-22 16:08:00,262,2,2,2,222,Need Attention,Medium Value
16722,17,22,8989.08,United Kingdom,2011-11-22 13:28:00,736,5,5,5,555,Champions,High Value
16723,91,4,1301.63,United Kingdom,2011-09-09 13:01:00,735,3,4,4,344,Loyal,High Value
16724,405,1,147.35,United Kingdom,2010-10-31 11:40:00,405,2,2,1,221,Need Attention,Medium Value
16725,302,14,1882.11,United Kingdom,2011-02-10 16:52:00,726,2,5,4,254,At Risk,Low Value/At Risk
16726,26,7,2088.41,United Kingdom,2011-11-13 14:53:00,411,4,4,4,444,Champions,High Value
16727,364,4,1437.42,United Kingdom,2010-12-10 13:48:00,689,2,4,4,244,At Risk,Low Value/At Risk
16728,46,4,1054.67,United Kingdom,2011-10-24 14:36:00,264,4,4,3,443,Loyal,High Value
16729,38,21,7239.92,United Kingdom,2011-11-01 14:29:00,241,4,5,5,455,Champions,High Value
16730,52,3,743.11,United Kingdom,2011-10-18 14:11:00,319,4,3,3,433,Loyal,High Value
16731,648,1,174.05,United Kingdom,2010-03-01 15:05:00,648,1,2,1,121,At Risk,Low Value/At Risk
16732,32,4,4387.64,United Kingdom,2011-11-08 09:54:00,731,4,4,5,445,Champions,High Value
16733,530,1,259.68,United Kingdom,2010-06-28 10:12:00,530,1,2,1,121,At Risk,Low Value/At Risk
16734,52,3,650.51,United Kingdom,2011-10-18 13:44:00,114,4,3,3,433,Loyal,High Value
16735,79,14,6270.56,United Kingdom,2011-09-22 11:49:00,732,3,5,5,355,Loyal,High Value
16736,506,5,2956.56,United Kingdom,2010-07-22 10:09:00,736,1,4,4,144,At Risk,Low Value/At Risk
16737,53,2,835.1999999999999,United Kingdom,2011-10-17 13:03:00,578,4,2,3,423,New Customers,Medium Value
16738,298,1,3.75,United Kingdom,2011-02-15 09:46:00,298,2,2,1,221,Need Attention,Medium Value
16739,177,2,786.43,United Kingdom,2011-06-16 09:17:00,537,3,2,3,323,Need Attention,Medium Value
16740,395,1,236.81,United Kingdom,2010-11-09 13:34:00,395,2,2,1,221,Need Attention,Medium Value
16741,625,1,173.06,United Kingdom,2010-03-24 15:15:00,625,1,2,1,121,At Risk,Low Value/At Risk
16742,47,14,2852.6099999999997,United Kingdom,2011-10-24 12:02:00,723,4,5,4,454,Champions,High Value
16743,29,14,4253.26,United Kingdom,2011-11-10 13:13:00,596,4,5,5,455,Champions,High Value
16744,11,7,1304.76,United Kingdom,2011-11-28 13:06:00,173,5,4,4,544,Champions,High Value
16745,87,17,7194.3,United Kingdom,2011-09-14 11:58:00,312,3,5,5,355,Loyal,High Value
16746,5,42,18066.4,United Kingdom,2011-12-05 12:33:00,735,5,5,5,555,Champions,High Value
16747,38,2,836.06,United Kingdom,2011-11-02 11:37:00,68,4,2,3,423,New Customers,Medium Value
16748,18,14,3637.33,United Kingdom,2011-11-22 10:17:00,730,5,5,5,555,Champions,High Value
16749,591,2,4387.08,United Kingdom,2010-04-27 13:06:00,724,1,2,5,125,At Risk,Low Value/At Risk
16750,45,5,623.93,United Kingdom,2011-10-26 12:48:00,232,4,4,3,443,Loyal,High Value
16751,31,1,1764.72,United Kingdom,2011-11-09 10:48:00,31,4,2,4,424,New Customers,Medium Value
16752,373,1,415.0,United Kingdom,2010-12-02 12:18:00,373,2,2,2,222,Need Attention,Medium Value
16753,58,1,223.92000000000002,United Kingdom,2011-10-12 13:14:00,58,4,2,1,421,New Customers,Medium Value
16754,372,29,67502.47,United Kingdom,2010-12-02 17:38:00,642,2,5,5,255,At Risk,Low Value/At Risk
16755,114,7,2900.58,United Kingdom,2011-08-17 13:21:00,730,3,4,4,344,Loyal,High Value
16756,215,7,1312.3700000000001,United Kingdom,2011-05-09 09:33:00,640,2,4,4,244,At Risk,Low Value/At Risk
16757,319,2,270.48,United Kingdom,2011-01-25 11:59:00,409,2,2,1,221,Need Attention,Medium Value
16758,65,1,369.34000000000003,United Kingdom,2011-10-05 14:47:00,65,3,2,2,322,Need Attention,Medium Value
16759,8,3,789.79,United Kingdom,2011-12-02 12:42:00,31,5,3,3,533,Loyal,High Value
16760,430,1,228.0,United Kingdom,2010-10-05 15:55:00,430,1,2,1,121,At Risk,Low Value/At Risk
16761,97,1,316.62,United Kingdom,2011-09-04 11:15:00,97,3,2,2,322,Need Attention,Medium Value
16762,20,3,1501.38,United Kingdom,2011-11-20 11:43:00,144,4,3,4,434,Loyal,High Value
16763,199,2,964.6999999999999,United Kingdom,2011-05-25 11:52:00,738,2,2,3,223,Need Attention,Medium Value
16764,4,13,2799.25,United Kingdom,2011-12-06 11:41:00,143,5,5,4,554,Champions,High Value
16765,294,2,454.75,United Kingdom,2011-02-18 15:41:00,382,2,2,2,222,Need Attention,Medium Value
16766,273,2,1145.6,United Kingdom,2011-03-11 15:22:00,273,2,2,3,223,Need Attention,Medium Value
16767,31,15,8073.8,United Kingdom,2011-11-09 09:42:00,590,4,5,5,455,Champions,High Value
16768,48,9,1708.12,United Kingdom,2011-10-23 10:38:00,733,4,5,4,454,Champions,High Value
16769,260,4,1141.75,United Kingdom,2011-03-24 13:41:00,726,2,4,3,243,At Risk,Low Value/At Risk
16770,58,9,1932.13,United Kingdom,2011-10-13 12:21:00,474,4,5,4,454,Champions,High Value
16771,33,10,3967.6,United Kingdom,2011-11-06 13:28:00,731,4,5,5,455,Champions,High Value
16772,423,3,3723.5499999999997,United Kingdom,2010-10-12 13:19:00,722,1,3,5,135,At Risk,Low Value/At Risk
16773,57,3,421.24,United Kingdom,2011-10-13 14:37:00,733,4,3,2,432,Potential,High Value
16774,68,8,1594.45,United Kingdom,2011-10-03 12:41:00,661,3,5,4,354,Loyal,High Value
16775,10,16,3056.89,United Kingdom,2011-11-29 15:22:00,442,5,5,5,555,Champions,High Value
16776,60,2,619.85,United Kingdom,2011-10-10 13:04:00,416,3,2,3,323,Need Attention,Medium Value
16777,80,5,1307.76,United Kingdom,2011-09-20 13:41:00,633,3,4,4,344,Loyal,High Value
16778,74,2,245.94,United Kingdom,2011-09-26 13:48:00,274,3,2,1,321,Need Attention,Medium Value
16779,2,53,33268.24,United Kingdom,2011-12-07 14:54:00,736,5,5,5,555,Champions,High Value
16780,100,3,605.55,United Kingdom,2011-08-31 16:09:00,407,3,3,2,332,Potential,High Value
16781,372,2,934.25,United Kingdom,2010-12-02 14:26:00,669,2,2,3,223,Need Attention,Medium Value
16782,10,38,10438.41,United Kingdom,2011-11-29 13:20:00,731,5,5,5,555,Champions,High Value
16783,437,1,391.95,United Kingdom,2010-09-29 11:53:00,437,1,2,2,122,At Risk,Low Value/At Risk
16784,20,5,896.53,United Kingdom,2011-11-20 12:20:00,621,4,4,3,443,Loyal,High Value
16785,410,1,533.78,United Kingdom,2010-10-26 10:36:00,410,2,2,2,222,Need Attention,Medium Value
16786,394,1,51.839999999999996,United Kingdom,2010-11-11 08:25:00,394,2,2,1,221,Need Attention,Medium Value
16787,398,4,1035.43,United Kingdom,2010-11-07 11:01:00,699,2,4,3,243,At Risk,Low Value/At Risk
16788,123,5,1950.3,United Kingdom,2011-08-08 14:53:00,671,3,4,4,344,Loyal,High Value
16789,8,1,80.8,United Kingdom,2011-12-01 15:12:00,8,5,2,1,521,New Customers,Medium Value
16790,4,6,1545.6200000000001,United Kingdom,2011-12-06 11:53:00,38,5,4,4,544,Champions,High Value
16791,29,15,4038.69,United Kingdom,2011-11-10 19:12:00,736,4,5,5,455,Champions,High Value
16792,282,5,623.46,United Kingdom,2011-03-02 14:41:00,704,2,4,3,243,At Risk,Low Value/At Risk
16793,57,1,243.84,United Kingdom,2011-10-13 15:08:00,57,4,2,1,421,New Customers,Medium Value
16794,1,15,2090.91,United Kingdom,2011-12-08 17:54:00,624,5,5,4,554,Champions,High Value
16795,365,3,2492.39,United Kingdom,2010-12-09 14:08:00,683,2,3,4,234,At Risk,Low Value/At Risk
16796,89,1,305.62,United Kingdom,2011-09-11 14:01:00,89,3,2,2,322,Need Attention,Medium Value
16797,393,5,1827.77,United Kingdom,2010-11-11 19:14:00,737,2,4,4,244,At Risk,Low Value/At Risk
16798,554,3,848.71,United Kingdom,2010-06-03 19:01:00,729,1,3,3,133,At Risk,Low Value/At Risk
16799,432,2,495.98,United Kingdom,2010-10-03 14:28:00,454,1,2,2,122,At Risk,Low Value/At Risk
16800,11,1,1201.49,United Kingdom,2011-11-28 14:06:00,11,5,2,3,523,New Customers,Medium Value
16801,163,4,1619.73,United Kingdom,2011-06-29 15:33:00,273,3,4,4,344,Loyal,High Value
16802,679,2,582.61,United Kingdom,2010-01-29 13:44:00,730,1,2,2,122,At Risk,Low Value/At Risk
16803,65,1,332.3,United Kingdom,2011-10-05 14:28:00,65,3,2,2,322,Need Attention,Medium Value
16804,23,3,536.99,United Kingdom,2011-11-16 16:43:00,270,4,3,2,432,Potential,High Value
16805,174,5,1097.24,United Kingdom,2011-06-19 11:23:00,731,3,4,3,343,Loyal,High Value
16806,103,4,801.49,United Kingdom,2011-08-28 15:27:00,239,3,4,3,343,Loyal,High Value
16807,143,6,2123.88,United Kingdom,2011-07-20 12:00:00,623,3,4,4,344,Loyal,High Value
16808,99,2,288.42,United Kingdom,2011-09-01 19:34:00,274,3,2,1,321,Need Attention,Medium Value
16809,23,9,1727.43,United Kingdom,2011-11-16 15:45:00,605,4,5,4,454,Champions,High Value
16810,192,2,842.0400000000001,United Kingdom,2011-05-31 15:32:00,420,2,2,3,223,Need Attention,Medium Value
16811,5,2,547.07,United Kingdom,2011-12-05 11:39:00,17,5,2,2,522,New Customers,Medium Value
16812,361,4,2392.0,United Kingdom,2010-12-14 12:35:00,382,2,4,4,244,At Risk,Low Value/At Risk
16813,8,10,1692.98,United Kingdom,2011-12-01 14:03:00,204,5,5,4,554,Champions,High Value
16814,14,36,12499.710000000001,United Kingdom,2011-11-25 13:27:00,608,5,5,5,555,Champions,High Value
16815,454,2,410.97,United Kingdom,2010-09-12 10:59:00,537,1,2,2,122,At Risk,Low Value/At Risk
16816,103,4,417.06,United Kingdom,2011-08-28 14:16:00,358,3,4,2,342,Potential,High Value
16817,3,13,2804.9,United Kingdom,2011-12-07 11:03:00,432,5,5,4,554,Champions,High Value
16818,11,11,3349.57,United Kingdom,2011-11-29 10:41:00,206,5,5,5,555,Champions,High Value
16819,465,2,182.59,United Kingdom,2010-08-31 17:37:00,465,1,2,1,121,At Risk,Low Value/At Risk
16820,96,1,497.61,United Kingdom,2011-09-05 12:06:00,96,3,2,2,322,Need Attention,Medium Value
16821,382,1,113.35,United Kingdom,2010-11-23 10:04:00,382,2,2,1,221,Need Attention,Medium Value
16822,686,1,181.39,United Kingdom,2010-01-22 14:22:00,686,1,2,1,121,At Risk,Low Value/At Risk
16823,227,7,2260.09,United Kingdom,2011-04-26 15:00:00,738,2,4,4,244,At Risk,Low Value/At Risk
16824,16,3,686.24,United Kingdom,2011-11-24 12:38:00,394,5,3,3,533,Loyal,High Value
16825,39,5,1826.89,United Kingdom,2011-11-01 11:51:00,534,4,4,4,444,Champions,High Value
16826,51,1,341.7,United Kingdom,2011-10-19 14:05:00,51,4,2,2,422,New Customers,Medium Value
16827,393,5,392.13,United Kingdom,2010-11-11 14:04:00,589,2,4,2,242,At Risk,Low Value/At Risk
16828,93,2,128.5,United Kingdom,2011-09-07 15:10:00,112,3,2,1,321,Need Attention,Medium Value
16829,157,2,513.32,United Kingdom,2011-07-06 10:48:00,388,3,2,2,322,Need Attention,Medium Value
16830,39,4,1207.5,United Kingdom,2011-11-01 11:35:00,727,4,4,3,443,Loyal,High Value
16831,565,1,91.8,United Kingdom,2010-05-24 09:08:00,565,1,2,1,121,At Risk,Low Value/At Risk
16832,184,5,417.61,United Kingdom,2011-06-08 15:36:00,459,3,4,2,342,Potential,High Value
16833,1,6,2409.04,United Kingdom,2011-12-08 14:39:00,623,5,4,4,544,Champions,High Value
16834,228,2,898.96,United Kingdom,2011-04-26 09:37:00,674,2,3,3,233,At Risk,Low Value/At Risk
16835,128,6,1538.41,United Kingdom,2011-08-03 13:50:00,570,3,4,4,344,Loyal,High Value
16836,40,4,782.37,United Kingdom,2011-10-31 10:05:00,574,4,4,3,443,Loyal,High Value
16837,31,11,3170.98,United Kingdom,2011-11-08 14:27:00,246,4,5,5,455,Champions,High Value
16838,197,4,1159.61,United Kingdom,2011-05-26 13:13:00,663,2,4,3,243,At Risk,Low Value/At Risk
16839,9,44,22310.49,United Kingdom,2011-12-01 09:03:00,666,5,5,5,555,Champions,High Value
16840,603,2,139.85,United Kingdom,2010-04-15 15:48:00,675,1,3,1,131,At Risk,Low Value/At Risk
16841,37,12,4006.06,United Kingdom,2011-11-03 11:51:00,697,4,5,5,455,Champions,High Value
16842,101,3,1264.19,United Kingdom,2011-08-31 10:42:00,302,3,3,4,334,Loyal,High Value
16843,43,35,19571.43,United Kingdom,2011-10-28 09:06:00,730,4,5,5,455,Champions,High Value
16844,563,2,614.34,United Kingdom,2010-05-26 10:29:00,583,1,3,2,132,At Risk,Low Value/At Risk
16845,618,1,253.88,United Kingdom,2010-03-31 13:09:00,618,1,2,1,121,At Risk,Low Value/At Risk
16846,50,3,842.41,United Kingdom,2011-10-20 13:55:00,640,4,3,3,433,Loyal,High Value
16847,43,2,614.89,United Kingdom,2011-10-27 13:29:00,618,4,3,2,432,Potential,High Value
16848,53,4,1411.62,United Kingdom,2011-10-18 08:42:00,433,4,4,4,444,Champions,High Value
16849,187,1,124.57,United Kingdom,2011-06-06 09:16:00,187,3,2,1,321,Need Attention,Medium Value
16850,334,1,332.41,United Kingdom,2011-01-10 11:09:00,334,2,2,2,222,Need Attention,Medium Value
16851,4,3,342.45,United Kingdom,2011-12-05 13:32:00,52,5,3,2,532,Potential,High Value
16852,10,2,144.91000000000003,United Kingdom,2011-11-29 13:22:00,176,5,3,1,531,Potential,High Value
16854,417,2,1408.96,United Kingdom,2010-10-18 16:31:00,640,1,3,4,134,At Risk,Low Value/At Risk
16855,24,2,328.4,United Kingdom,2011-11-16 12:03:00,43,4,3,2,432,Potential,High Value
16856,15,3,358.49,United Kingdom,2011-11-25 08:59:00,442,5,3,2,532,Potential,High Value
16857,443,1,352.8,United Kingdom,2010-09-23 10:49:00,443,1,2,2,122,At Risk,Low Value/At Risk
16858,369,10,4668.28,United Kingdom,2010-12-06 09:52:00,725,2,5,5,255,At Risk,Low Value/At Risk
16859,145,7,1932.41,United Kingdom,2011-07-18 12:19:00,646,3,4,4,344,Loyal,High Value
16860,453,3,1610.62,United Kingdom,2010-09-13 10:05:00,662,1,3,4,134,At Risk,Low Value/At Risk
16861,60,5,946.59,United Kingdom,2011-10-11 09:05:00,509,3,4,3,343,Loyal,High Value
16862,547,4,662.33,United Kingdom,2010-06-10 13:05:00,701,1,4,3,143,At Risk,Low Value/At Risk
16863,31,3,998.52,United Kingdom,2011-11-08 15:26:00,410,4,3,3,433,Loyal,High Value
16864,434,2,409.25,United Kingdom,2010-10-01 16:16:00,599,1,3,2,132,At Risk,Low Value/At Risk
16865,402,1,130.95,United Kingdom,2010-11-03 11:34:00,402,2,2,1,221,Need Attention,Medium Value
16866,141,3,207.73999999999998,United Kingdom,2011-07-22 10:06:00,162,3,3,1,331,Potential,High Value
16867,690,1,76.74000000000001,United Kingdom,2010-01-19 09:11:00,690,1,2,1,121,At Risk,Low Value/At Risk
16868,394,3,393.39,United Kingdom,2010-11-10 13:17:00,594,2,3,2,232,At Risk,Low Value/At Risk
16869,23,4,825.42,United Kingdom,2011-11-17 12:02:00,175,4,4,3,443,Loyal,High Value
16870,469,1,450.15999999999997,United Kingdom,2010-08-27 13:53:00,469,1,2,2,122,At Risk,Low Value/At Risk
16871,22,6,2812.34,United Kingdom,2011-11-17 19:27:00,271,4,4,4,444,Champions,High Value
16872,77,6,1213.13,United Kingdom,2011-09-23 16:05:00,463,3,4,3,343,Loyal,High Value
16873,5,12,14617.39,United Kingdom,2011-12-05 12:05:00,668,5,5,5,555,Champions,High Value
16874,379,1,217.74,United Kingdom,2010-11-25 13:08:00,379,2,2,1,221,Need Attention,Medium Value
16875,67,11,4234.53,United Kingdom,2011-10-03 13:39:00,704,3,5,5,355,Loyal,High Value
16876,404,1,136.01,United Kingdom,2010-11-01 11:59:00,404,2,2,1,221,Need Attention,Medium Value
16877,12,6,853.72,United Kingdom,2011-11-27 13:47:00,208,5,4,3,543,Loyal,High Value
16878,84,1,13.3,United Kingdom,2011-09-16 17:39:00,84,3,2,1,321,Need Attention,Medium Value
16880,31,8,1840.86,United Kingdom,2011-11-09 11:33:00,493,4,5,4,454,Champions,High Value
16881,67,1,432.0,United Kingdom,2011-10-04 10:33:00,67,3,2,2,322,Need Attention,Medium Value
16882,67,3,705.12,United Kingdom,2011-10-04 10:42:00,317,3,3,3,333,Loyal,High Value
16883,187,19,2396.59,United Kingdom,2011-06-05 12:51:00,736,3,5,4,354,Loyal,High Value
16884,38,4,1073.92,United Kingdom,2011-11-02 11:52:00,571,4,4,3,443,Loyal,High Value
16885,15,4,710.74,United Kingdom,2011-11-24 13:40:00,385,5,4,3,543,Loyal,High Value
16886,456,1,134.0,United Kingdom,2010-09-09 15:08:00,456,1,2,1,121,At Risk,Low Value/At Risk
16887,35,3,660.72,United Kingdom,2011-11-04 14:07:00,738,4,3,3,433,Loyal,High Value
16888,401,3,437.15,United Kingdom,2010-11-04 12:39:00,701,2,3,2,232,At Risk,Low Value/At Risk
16889,195,6,2530.9,United Kingdom,2011-05-29 11:05:00,566,2,4,4,244,At Risk,Low Value/At Risk
16890,477,3,285.41,United Kingdom,2010-08-20 11:23:00,582,1,3,1,131,At Risk,Low Value/At Risk
16891,2,11,2056.82,United Kingdom,2011-12-08 11:15:00,736,5,5,4,554,Champions,High Value
16892,1,7,762.1,United Kingdom,2011-12-08 13:18:00,731,5,4,3,543,Loyal,High Value
16893,367,2,401.77,United Kingdom,2010-12-08 12:06:00,376,2,3,2,232,At Risk,Low Value/At Risk
16894,502,3,1324.06,United Kingdom,2010-07-25 15:43:00,535,1,3,4,134,At Risk,Low Value/At Risk
16895,65,5,1121.42,United Kingdom,2011-10-06 12:15:00,666,3,4,3,343,Loyal,High Value
16896,555,1,103.95,United Kingdom,2010-06-02 15:40:00,555,1,2,1,121,At Risk,Low Value/At Risk
16897,299,2,289.78,United Kingdom,2011-02-13 15:02:00,314,2,3,1,231,At Risk,Low Value/At Risk
16898,26,5,1016.37,United Kingdom,2011-11-13 15:44:00,577,4,4,3,443,Loyal,High Value
16899,8,8,1721.02,United Kingdom,2011-12-02 12:03:00,397,5,5,4,554,Champions,High Value
16900,17,3,887.11,United Kingdom,2011-11-23 10:32:00,63,5,3,3,533,Loyal,High Value
16901,729,1,204.26,United Kingdom,2009-12-10 16:30:00,729,1,2,1,121,At Risk,Low Value/At Risk
16902,116,1,1706.88,United Kingdom,2011-08-15 14:17:00,116,3,2,4,324,Need Attention,Medium Value
16903,29,3,1062.28,United Kingdom,2011-11-10 15:32:00,415,4,3,3,433,Loyal,High Value
16904,4,21,5132.37,United Kingdom,2011-12-05 13:10:00,411,5,5,5,555,Champions,High Value
16905,5,17,5034.15,United Kingdom,2011-12-04 14:01:00,729,5,5,5,555,Champions,High Value
16906,82,7,1448.8,United Kingdom,2011-09-19 11:49:00,575,3,4,4,344,Loyal,High Value
16907,29,9,1707.9,United Kingdom,2011-11-10 18:04:00,526,4,5,4,454,Champions,High Value
16908,722,1,252.59,United Kingdom,2009-12-17 13:35:00,722,1,2,1,121,At Risk,Low Value/At Risk
16909,72,1,379.14,United Kingdom,2011-09-28 16:45:00,72,3,2,2,322,Need Attention,Medium Value
16910,4,8,1510.06,United Kingdom,2011-12-05 12:51:00,91,5,5,4,554,Champions,High Value
16911,636,2,255.25,United Kingdom,2010-03-14 12:18:00,661,1,3,1,131,At Risk,Low Value/At Risk
16912,29,15,4480.31,United Kingdom,2011-11-11 12:18:00,731,4,5,5,455,Champions,High Value
16913,290,3,423.90999999999997,United Kingdom,2011-02-22 12:56:00,652,2,3,2,232,At Risk,Low Value/At Risk
16914,36,1,208.46,United Kingdom,2011-11-03 15:27:00,36,4,2,1,421,New Customers,Medium Value
16915,9,11,1543.18,United Kingdom,2011-11-30 16:39:00,569,5,5,4,554,Champions,High Value
16916,24,4,1123.4,United Kingdom,2011-11-16 12:08:00,415,4,4,3,443,Loyal,High Value
16917,277,2,1857.83,United Kingdom,2011-03-08 11:55:00,632,2,3,4,234,At Risk,Low Value/At Risk
16918,50,16,3213.29,United Kingdom,2011-10-21 12:50:00,737,4,5,5,455,Champions,High Value
16919,156,24,5125.91,United Kingdom,2011-07-06 13:35:00,477,3,5,5,355,Loyal,High Value
16920,411,1,355.45,United Kingdom,2010-10-24 14:07:00,411,1,2,2,122,At Risk,Low Value/At Risk
16921,61,3,446.67,United Kingdom,2011-10-09 16:22:00,600,3,3,2,332,Potential,High Value
16922,573,1,611.08,United Kingdom,2010-05-16 11:24:00,573,1,2,2,122,At Risk,Low Value/At Risk
16923,12,32,13378.36,United Kingdom,2011-11-27 13:00:00,678,5,5,5,555,Champions,High Value
16924,21,3,846.75,United Kingdom,2011-11-18 12:53:00,84,4,3,3,433,Loyal,High Value
16925,540,1,125.65,United Kingdom,2010-06-17 15:03:00,540,1,2,1,121,At Risk,Low Value/At Risk
16926,371,5,1421.35,United Kingdom,2010-12-03 13:42:00,526,2,4,4,244,At Risk,Low Value/At Risk
16927,116,3,543.05,United Kingdom,2011-08-16 11:10:00,362,3,3,2,332,Potential,High Value
16928,80,29,4113.23,United Kingdom,2011-09-20 15:10:00,675,3,5,5,355,Loyal,High Value
16929,4,7,1295.39,United Kingdom,2011-12-06 08:37:00,156,5,4,4,544,Champions,High Value
16930,26,3,380.55,United Kingdom,2011-11-13 16:13:00,68,4,3,2,432,Potential,High Value
16931,5,23,5233.62,United Kingdom,2011-12-04 13:15:00,397,5,5,5,555,Champions,High Value
16932,53,3,440.71,United Kingdom,2011-10-17 14:12:00,571,4,3,2,432,Potential,High Value
16933,1,9,3181.25,United Kingdom,2011-12-08 12:54:00,730,5,5,5,555,Champions,High Value
16934,55,6,2110.9900000000002,United Kingdom,2011-10-16 12:40:00,622,4,4,4,444,Champions,High Value
16935,382,3,535.1,United Kingdom,2010-11-23 09:16:00,421,2,3,2,232,At Risk,Low Value/At Risk
16936,26,2,551.17,United Kingdom,2011-11-14 11:04:00,386,4,3,2,432,Potential,High Value
16937,499,1,202.1,United Kingdom,2010-07-28 17:56:00,499,1,2,1,121,At Risk,Low Value/At Risk
16938,9,9,7043.18,United Kingdom,2011-12-01 10:20:00,660,5,5,5,555,Champions,High Value
16939,489,3,449.0,United Kingdom,2010-08-08 12:24:00,649,1,3,2,132,At Risk,Low Value/At Risk
16940,52,8,6427.66,United Kingdom,2011-10-18 13:15:00,731,4,5,5,455,Champions,High Value
16941,612,1,33.0,United Kingdom,2010-04-07 11:13:00,612,1,2,1,121,At Risk,Low Value/At Risk
16942,13,9,1920.59,United Kingdom,2011-11-27 12:40:00,228,5,5,4,554,Champions,High Value
16943,212,5,1299.49,United Kingdom,2011-05-12 11:57:00,624,2,4,4,244,At Risk,Low Value/At Risk
16944,610,1,101.36,United Kingdom,2010-04-09 11:03:00,610,1,2,1,121,At Risk,Low Value/At Risk
16945,22,33,8548.16,United Kingdom,2011-11-18 11:39:00,731,4,5,5,455,Champions,High Value
16946,383,5,1222.04,United Kingdom,2010-11-21 14:06:00,648,2,4,3,243,At Risk,Low Value/At Risk
16947,236,5,955.21,United Kingdom,2011-04-18 09:38:00,647,2,4,3,243,At Risk,Low Value/At Risk
16948,139,7,868.77,United Kingdom,2011-07-24 12:46:00,656,3,4,3,343,Loyal,High Value
16949,4,6,1286.27,United Kingdom,2011-12-06 11:07:00,317,5,4,4,544,Champions,High Value
16950,57,10,3784.37,United Kingdom,2011-10-14 09:06:00,685,4,5,5,455,Champions,High Value
16951,135,3,1277.75,United Kingdom,2011-07-28 12:05:00,304,3,3,4,334,Loyal,High Value
16952,109,5,798.78,United Kingdom,2011-08-22 13:03:00,728,3,4,3,343,Loyal,High Value
16953,30,1,20.8,United Kingdom,2011-11-09 15:54:00,30,4,2,1,421,New Customers,Medium Value
16954,1,20,6081.88,United Kingdom,2011-12-09 09:46:00,690,5,5,5,555,Champions,High Value
16955,185,6,1309.41,United Kingdom,2011-06-08 10:36:00,678,3,4,4,344,Loyal,High Value
16956,18,1,308.74,United Kingdom,2011-11-22 08:56:00,18,5,2,2,522,New Customers,Medium Value
16957,239,2,416.64,United Kingdom,2011-04-14 13:56:00,282,2,3,2,232,At Risk,Low Value/At Risk
16958,435,1,809.44,United Kingdom,2010-09-30 14:25:00,435,1,2,3,123,At Risk,Low Value/At Risk
16959,87,1,117.35000000000001,United Kingdom,2011-09-13 15:03:00,87,3,2,1,321,Need Attention,Medium Value
16960,39,8,2043.43,United Kingdom,2011-11-01 11:35:00,647,4,5,4,454,Champions,High Value
16961,116,3,794.56,United Kingdom,2011-08-15 13:46:00,532,3,3,3,333,Loyal,High Value
16962,410,1,251.04,United Kingdom,2010-10-26 11:36:00,410,2,2,1,221,Need Attention,Medium Value
16963,187,1,110.55000000000001,United Kingdom,2011-06-05 13:48:00,187,3,2,1,321,Need Attention,Medium Value
16964,733,2,207.85,United Kingdom,2009-12-06 12:53:00,733,1,3,1,131,At Risk,Low Value/At Risk
16965,227,1,201.19,United Kingdom,2011-04-27 12:08:00,227,2,2,1,221,Need Attention,Medium Value
16966,8,7,2154.97,United Kingdom,2011-12-01 13:40:00,240,5,4,4,544,Champions,High Value
16967,189,1,319.02,United Kingdom,2011-06-03 14:24:00,189,2,2,2,222,Need Attention,Medium Value
16968,4,2,439.43,United Kingdom,2011-12-05 15:02:00,108,5,3,2,532,Potential,High Value
16969,39,3,650.41,United Kingdom,2011-10-31 13:12:00,192,4,3,3,433,Loyal,High Value
16970,626,1,71.4,United Kingdom,2010-03-23 13:50:00,626,1,2,1,121,At Risk,Low Value/At Risk
16971,38,1,357.21,United Kingdom,2011-11-01 15:06:00,38,4,2,2,422,New Customers,Medium Value
16972,383,2,786.25,United Kingdom,2010-11-22 10:59:00,457,2,3,3,233,At Risk,Low Value/At Risk
16973,386,1,127.0,United Kingdom,2010-11-18 13:56:00,386,2,2,1,221,Need Attention,Medium Value
16974,523,2,365.5,United Kingdom,2010-07-05 10:18:00,565,1,3,2,132,At Risk,Low Value/At Risk
16975,423,3,926.12,United Kingdom,2010-10-12 17:53:00,506,1,3,3,133,At Risk,Low Value/At Risk
16976,267,1,251.51999999999998,United Kingdom,2011-03-17 16:33:00,267,2,2,1,221,Need Attention,Medium Value
16977,395,4,496.0,United Kingdom,2010-11-09 13:17:00,632,2,4,2,242,At Risk,Low Value/At Risk
16978,78,3,768.88,United Kingdom,2011-09-23 12:50:00,666,3,3,3,333,Loyal,High Value
16979,4,9,2859.74,United Kingdom,2011-12-06 12:21:00,450,5,5,4,554,Champions,High Value
16980,255,3,1473.3300000000002,United Kingdom,2011-03-29 16:36:00,428,2,3,4,234,At Risk,Low Value/At Risk
16982,61,1,384.06,United Kingdom,2011-10-10 12:28:00,61,3,2,2,322,Need Attention,Medium Value
16983,13,11,3710.22,United Kingdom,2011-11-27 12:10:00,447,5,5,5,555,Champions,High Value
16984,88,9,10754.8,United Kingdom,2011-09-12 13:43:00,642,3,5,5,355,Loyal,High Value
16985,17,23,10923.16,United Kingdom,2011-11-22 13:33:00,729,5,5,5,555,Champions,High Value
16986,30,11,4888.75,United Kingdom,2011-11-10 11:55:00,673,4,5,5,455,Champions,High Value
16987,3,11,2535.9,United Kingdom,2011-12-06 17:26:00,737,5,5,4,554,Champions,High Value
16988,5,2,382.67,United Kingdom,2011-12-04 16:02:00,380,5,3,2,532,Potential,High Value
16989,7,6,1133.25,United Kingdom,2011-12-02 16:39:00,151,5,4,3,543,Loyal,High Value
16990,219,2,344.0,United Kingdom,2011-05-05 08:30:00,423,2,3,2,232,At Risk,Low Value/At Risk
16991,421,1,1041.21,United Kingdom,2010-10-14 14:08:00,421,1,2,3,123,At Risk,Low Value/At Risk
16992,11,13,5476.5,United Kingdom,2011-11-29 11:50:00,667,5,5,5,555,Champions,High Value
16993,464,2,1950.9499999999998,United Kingdom,2010-09-02 12:16:00,576,1,3,4,134,At Risk,Low Value/At Risk
16996,30,9,2123.61,United Kingdom,2011-11-09 16:43:00,418,4,5,4,454,Champions,High Value
16997,288,3,702.0,United Kingdom,2011-02-24 17:28:00,326,2,3,3,233,At Risk,Low Value/At Risk
16998,150,5,402.0,United Kingdom,2011-07-13 09:44:00,444,3,4,2,342,Potential,High Value
16999,23,2,484.82,United Kingdom,2011-11-16 13:53:00,74,4,3,2,432,Potential,High Value
17000,396,2,406.3,United Kingdom,2010-11-08 13:35:00,408,2,3,2,232,At Risk,Low Value/At Risk
17001,1,19,6640.8,United Kingdom,2011-12-09 09:38:00,625,5,5,5,555,Champions,High Value
17002,86,7,2571.55,United Kingdom,2011-09-15 12:40:00,641,3,4,4,344,Loyal,High Value
17003,402,4,830.16,United Kingdom,2010-11-02 13:15:00,579,2,4,3,243,At Risk,Low Value/At Risk
17004,46,4,2425.16,United Kingdom,2011-10-24 14:25:00,424,4,4,4,444,Champions,High Value
17005,471,2,742.36,United Kingdom,2010-08-26 10:57:00,589,1,3,3,133,At Risk,Low Value/At Risk
17006,5,8,1636.32,United Kingdom,2011-12-05 12:09:00,644,5,5,4,554,Champions,High Value
17007,51,7,1120.1,United Kingdom,2011-10-20 10:47:00,437,4,4,3,443,Loyal,High Value
17008,429,1,81.36,United Kingdom,2010-10-06 15:19:00,429,1,2,1,121,At Risk,Low Value/At Risk
17009,551,1,242.06,United Kingdom,2010-06-06 16:01:00,551,1,2,1,121,At Risk,Low Value/At Risk
17010,18,1,195.36,United Kingdom,2011-11-21 14:49:00,18,5,2,1,521,New Customers,Medium Value
17011,30,3,671.7,United Kingdom,2011-11-09 13:30:00,652,4,3,3,433,Loyal,High Value
17012,725,1,384.16,United Kingdom,2009-12-14 17:34:00,725,1,2,2,122,At Risk,Low Value/At Risk
17014,8,3,586.33,United Kingdom,2011-12-01 14:09:00,67,5,3,2,532,Potential,High Value
17015,29,3,1842.56,United Kingdom,2011-11-11 10:45:00,185,4,3,4,434,Loyal,High Value
17016,577,1,552.4,United Kingdom,2010-05-12 12:32:00,577,1,2,2,122,At Risk,Low Value/At Risk
17017,3,29,14110.61,United Kingdom,2011-12-07 09:32:00,736,5,5,5,555,Champions,High Value
17018,41,6,2287.7,United Kingdom,2011-10-30 11:42:00,735,4,4,4,444,Champions,High Value
17019,11,11,4012.2,United Kingdom,2011-11-28 13:06:00,738,5,5,5,555,Champions,High Value
17020,542,2,935.62,United Kingdom,2010-06-15 13:06:00,647,1,3,3,133,At Risk,Low Value/At Risk
17021,442,6,1182.22,United Kingdom,2010-09-23 20:01:00,589,1,4,3,143,At Risk,Low Value/At Risk
17022,31,2,260.0,United Kingdom,2011-11-08 17:09:00,433,4,3,1,431,Potential,High Value
17023,417,3,800.18,United Kingdom,2010-10-18 15:37:00,697,1,3,3,133,At Risk,Low Value/At Risk
17024,45,3,95.85,United Kingdom,2011-10-25 13:47:00,158,4,3,1,431,Potential,High Value
17025,61,5,1510.6399999999999,United Kingdom,2011-10-10 09:06:00,641,3,4,4,344,Loyal,High Value
17026,185,3,208.98,United Kingdom,2011-06-07 14:28:00,417,3,3,1,331,Potential,High Value
17027,79,9,1327.1100000000001,United Kingdom,2011-09-22 12:24:00,730,3,5,4,354,Loyal,High Value
17028,581,3,1593.83,United Kingdom,2010-05-07 15:33:00,721,1,3,4,134,At Risk,Low Value/At Risk
17029,111,7,2137.3,United Kingdom,2011-08-21 11:06:00,664,3,4,4,344,Loyal,High Value
17030,64,1,146.87,United Kingdom,2011-10-07 08:49:00,64,3,2,1,321,Need Attention,Medium Value
17031,12,6,2773.85,United Kingdom,2011-11-28 10:23:00,581,5,4,4,544,Champions,High Value
17032,548,8,3004.6,United Kingdom,2010-06-10 12:16:00,729,1,5,5,155,At Risk,Low Value/At Risk
17033,86,4,1332.79,United Kingdom,2011-09-14 14:34:00,397,3,4,4,344,Loyal,High Value
17034,16,5,1283.92,United Kingdom,2011-11-23 15:14:00,513,5,4,4,544,Champions,High Value
17035,246,4,613.59,United Kingdom,2011-04-08 11:23:00,737,2,4,2,242,At Risk,Low Value/At Risk
17036,383,1,176.9,United Kingdom,2010-11-21 14:26:00,383,2,2,1,221,Need Attention,Medium Value
17037,88,1,1267.32,United Kingdom,2011-09-13 12:49:00,88,3,2,4,324,Need Attention,Medium Value
17038,30,2,743.17,United Kingdom,2011-11-09 13:50:00,415,4,3,3,433,Loyal,High Value
17039,604,1,1954.99,United Kingdom,2010-04-14 12:56:00,604,1,2,4,124,At Risk,Low Value/At Risk
17040,138,2,463.25,United Kingdom,2011-07-25 10:19:00,550,3,3,2,332,Potential,High Value
17041,27,6,1686.28,United Kingdom,2011-11-13 11:21:00,600,4,4,4,444,Champions,High Value
17042,3,5,1044.3799999999999,United Kingdom,2011-12-07 12:26:00,247,5,4,3,543,Loyal,High Value
17043,32,8,2616.55,United Kingdom,2011-11-07 15:33:00,730,4,5,4,454,Champions,High Value
17044,25,12,11962.3,United Kingdom,2011-11-14 14:28:00,733,4,5,5,455,Champions,High Value
17045,113,5,827.6800000000001,United Kingdom,2011-08-18 17:09:00,429,3,4,3,343,Loyal,High Value
17046,157,5,1906.07,United Kingdom,2011-07-05 14:24:00,620,3,4,4,344,Loyal,High Value
17047,85,6,2289.23,United Kingdom,2011-09-15 13:27:00,732,3,4,4,344,Loyal,High Value
17048,118,7,2071.68,United Kingdom,2011-08-14 11:49:00,690,3,4,4,344,Loyal,High Value
17049,3,19,9947.48,United Kingdom,2011-12-07 10:48:00,646,5,5,5,555,Champions,High Value
17050,96,11,4691.79,United Kingdom,2011-09-04 13:48:00,682,3,5,5,355,Loyal,High Value
17051,194,4,714.39,United Kingdom,2011-05-29 14:13:00,628,2,4,3,243,At Risk,Low Value/At Risk
17052,28,1,413.75,United Kingdom,2011-11-11 14:50:00,28,4,2,2,422,New Customers,Medium Value
17053,131,1,498.48,United Kingdom,2011-08-01 10:23:00,131,3,2,2,322,Need Attention,Medium Value
17054,28,5,1356.33,United Kingdom,2011-11-11 12:56:00,245,4,4,4,444,Champions,High Value
17055,446,1,239.55,United Kingdom,2010-09-20 12:21:00,446,1,2,1,121,At Risk,Low Value/At Risk
17056,738,1,128.60000000000002,United Kingdom,2009-12-01 12:55:00,738,1,2,1,121,At Risk,Low Value/At Risk
17057,596,1,294.74,United Kingdom,2010-04-22 19:21:00,596,1,2,2,122,At Risk,Low Value/At Risk
17058,82,3,1179.89,United Kingdom,2011-09-19 10:13:00,240,3,3,3,333,Loyal,High Value
17059,30,9,5602.53,United Kingdom,2011-11-10 12:27:00,682,4,5,5,455,Champions,High Value
17060,266,1,234.24,United Kingdom,2011-03-18 13:27:00,266,2,2,1,221,Need Attention,Medium Value
17061,74,11,5232.2300000000005,United Kingdom,2011-09-27 11:24:00,232,3,5,5,355,Loyal,High Value
17062,314,6,1208.22,United Kingdom,2011-01-30 11:01:00,440,2,4,3,243,At Risk,Low Value/At Risk
17063,21,13,3638.53,United Kingdom,2011-11-18 16:19:00,739,4,5,5,455,Champions,High Value
17064,59,3,859.35,United Kingdom,2011-10-12 10:18:00,327,3,3,3,333,Loyal,High Value
17065,638,2,194.7,United Kingdom,2010-03-12 11:41:00,638,1,3,1,131,At Risk,Low Value/At Risk
17066,726,1,228.34,United Kingdom,2009-12-13 13:24:00,726,1,2,1,121,At Risk,Low Value/At Risk
17067,725,3,454.54,United Kingdom,2009-12-15 08:39:00,732,1,3,2,132,At Risk,Low Value/At Risk
17068,12,47,9161.08,United Kingdom,2011-11-27 13:14:00,621,5,5,5,555,Champions,High Value
17069,28,14,5794.28,United Kingdom,2011-11-11 17:13:00,737,4,5,5,455,Champions,High Value
17070,114,2,445.32,United Kingdom,2011-08-17 17:01:00,410,3,3,2,332,Potential,High Value
17071,28,13,3801.2000000000003,United Kingdom,2011-11-11 16:31:00,684,4,5,5,455,Champions,High Value
17072,625,1,282.05,United Kingdom,2010-03-24 16:33:00,625,1,2,1,121,At Risk,Low Value/At Risk
17073,18,4,1446.09,United Kingdom,2011-11-22 11:47:00,109,5,4,4,544,Champions,High Value
17074,563,1,203.05,United Kingdom,2010-05-26 12:04:00,563,1,2,1,121,At Risk,Low Value/At Risk
17075,18,10,2241.73,United Kingdom,2011-11-22 11:58:00,726,5,5,4,554,Champions,High Value
17076,36,6,1242.75,United Kingdom,2011-11-03 17:53:00,736,4,4,3,443,Loyal,High Value
17077,578,1,306.0,United Kingdom,2010-05-10 16:36:00,578,1,2,2,122,At Risk,Low Value/At Risk
17078,36,2,378.2,United Kingdom,2011-11-03 19:17:00,36,4,3,2,432,Potential,High Value
17079,78,1,118.80000000000001,United Kingdom,2011-09-22 15:34:00,78,3,2,1,321,Need Attention,Medium Value
17080,22,7,957.53,United Kingdom,2011-11-17 12:59:00,526,4,4,3,443,Loyal,High Value
17081,25,6,964.39,United Kingdom,2011-11-14 12:56:00,655,4,4,3,443,Loyal,High Value
17082,33,6,4732.03,United Kingdom,2011-11-06 15:17:00,725,4,4,5,445,Champions,High Value
17083,109,9,4049.79,United Kingdom,2011-08-22 15:43:00,669,3,5,5,355,Loyal,High Value
17084,35,3,5202.97,United Kingdom,2011-11-04 14:54:00,396,4,3,5,435,Loyal,High Value
17085,123,28,7891.41,United Kingdom,2011-08-08 14:15:00,734,3,5,5,355,Loyal,High Value
17086,7,6,2050.08,United Kingdom,2011-12-02 13:54:00,64,5,4,4,544,Champions,High Value
17087,738,1,221.53,United Kingdom,2009-12-02 10:41:00,738,1,2,1,121,At Risk,Low Value/At Risk
17088,28,4,1991.01,United Kingdom,2011-11-11 14:23:00,254,4,4,4,444,Champions,High Value
17089,386,1,128.45,United Kingdom,2010-11-18 15:33:00,386,2,2,1,221,Need Attention,Medium Value
17090,4,13,3149.48,United Kingdom,2011-12-05 13:44:00,508,5,5,5,555,Champions,High Value
17091,3,19,7811.1,United Kingdom,2011-12-07 10:43:00,723,5,5,5,555,Champions,High Value
17092,50,11,5594.96,United Kingdom,2011-10-20 19:51:00,675,4,5,5,455,Champions,High Value
17093,593,1,235.88,United Kingdom,2010-04-26 10:22:00,593,1,2,1,121,At Risk,Low Value/At Risk
17094,322,2,402.20000000000005,United Kingdom,2011-01-21 13:09:00,424,2,3,2,232,At Risk,Low Value/At Risk
17095,23,7,2572.25,United Kingdom,2011-11-17 12:21:00,725,4,4,4,444,Champions,High Value
17096,15,11,3759.18,United Kingdom,2011-11-24 15:01:00,555,5,5,5,555,Champions,High Value
17097,2,9,1340.45,Spain,2011-12-07 17:05:00,430,5,5,4,554,Champions,High Value
17098,382,3,591.0699999999999,United Kingdom,2010-11-23 12:13:00,541,2,3,2,232,At Risk,Low Value/At Risk
17099,533,1,582.17,United Kingdom,2010-06-24 16:25:00,533,1,2,2,122,At Risk,Low Value/At Risk
17100,18,2,971.74,United Kingdom,2011-11-21 16:36:00,18,5,3,3,533,Loyal,High Value
17101,10,7,2507.05,United Kingdom,2011-11-29 13:57:00,550,5,4,4,544,Champions,High Value
17102,262,1,25.5,United Kingdom,2011-03-23 10:08:00,262,2,2,1,221,Need Attention,Medium Value
17103,722,1,424.3,United Kingdom,2009-12-17 14:08:00,722,1,2,2,122,At Risk,Low Value/At Risk
17104,424,1,474.03,United Kingdom,2010-10-12 12:21:00,424,1,2,2,122,At Risk,Low Value/At Risk
17105,159,2,665.78,United Kingdom,2011-07-03 15:53:00,306,3,3,3,333,Loyal,High Value
17106,389,1,491.23,United Kingdom,2010-11-15 14:11:00,389,2,2,2,222,Need Attention,Medium Value
17107,33,10,16075.42,United Kingdom,2011-11-06 14:14:00,677,4,5,5,455,Champions,High Value
17108,664,1,174.95,United Kingdom,2010-02-14 12:22:00,664,1,2,1,121,At Risk,Low Value/At Risk
17109,29,8,1295.46,United Kingdom,2011-11-10 16:59:00,498,4,5,4,454,Champions,High Value
17110,165,3,510.7,United Kingdom,2011-06-27 12:58:00,610,3,3,2,332,Potential,High Value
17111,47,2,476.58,United Kingdom,2011-10-23 15:59:00,425,4,3,2,432,Potential,High Value
17112,503,1,205.17,United Kingdom,2010-07-25 11:14:00,503,1,2,1,121,At Risk,Low Value/At Risk
17113,574,6,2322.59,United Kingdom,2010-05-14 13:59:00,698,1,4,4,144,At Risk,Low Value/At Risk
17114,6,8,808.62,United Kingdom,2011-12-04 12:17:00,335,5,5,3,553,Loyal,High Value
17115,8,7,2761.4900000000002,United Kingdom,2011-12-01 14:30:00,735,5,4,4,544,Champions,High Value
17116,648,1,389.78,United Kingdom,2010-03-01 16:29:00,648,1,2,2,122,At Risk,Low Value/At Risk
17117,288,1,116.19999999999999,United Kingdom,2011-02-24 13:54:00,288,2,2,1,221,Need Attention,Medium Value
17118,318,1,157.02,United Kingdom,2011-01-26 12:19:00,318,2,2,1,221,Need Attention,Medium Value
17119,3,2,606.91,United Kingdom,2011-12-06 14:40:00,60,5,3,2,532,Potential,High Value
17120,233,1,307.46,United Kingdom,2011-04-20 15:21:00,233,2,2,2,222,Need Attention,Medium Value
17121,403,1,314.74,United Kingdom,2010-11-02 11:47:00,403,2,2,2,222,Need Attention,Medium Value
17122,119,4,570.5,United Kingdom,2011-08-12 14:33:00,500,3,4,2,342,Potential,High Value
17123,162,3,977.17,United Kingdom,2011-07-01 10:47:00,573,3,3,3,333,Loyal,High Value
17124,185,1,298.89,United Kingdom,2011-06-07 14:02:00,185,3,2,2,322,Need Attention,Medium Value
17125,50,1,259.35,United Kingdom,2011-10-20 14:41:00,50,4,2,1,421,New Customers,Medium Value
17126,152,9,2070.44,United Kingdom,2011-07-10 13:52:00,465,3,5,4,354,Loyal,High Value
17127,429,5,1155.0300000000002,United Kingdom,2010-10-07 09:54:00,735,1,4,3,143,At Risk,Low Value/At Risk
17128,335,1,157.09,United Kingdom,2011-01-09 12:02:00,335,2,2,1,221,Need Attention,Medium Value
17129,520,1,31.85,United Kingdom,2010-07-07 13:46:00,520,1,2,1,121,At Risk,Low Value/At Risk
17131,5,5,2463.17,United Kingdom,2011-12-04 12:52:00,76,5,4,4,544,Champions,High Value
17132,452,2,1272.8,United Kingdom,2010-09-13 16:31:00,488,1,3,4,134,At Risk,Low Value/At Risk
17133,16,12,14622.33,United Kingdom,2011-11-24 12:27:00,629,5,5,5,555,Champions,High Value
17134,107,3,637.1,United Kingdom,2011-08-25 09:53:00,442,3,3,3,333,Loyal,High Value
17135,16,10,1954.16,United Kingdom,2011-11-23 16:48:00,579,5,5,4,554,Champions,High Value
17136,662,1,231.68,United Kingdom,2010-02-15 13:13:00,662,1,2,1,121,At Risk,Low Value/At Risk
17137,416,6,1133.63,United Kingdom,2010-10-19 14:51:00,678,1,4,3,143,At Risk,Low Value/At Risk
17138,276,7,4417.27,United Kingdom,2011-03-09 11:54:00,673,2,4,5,245,At Risk,Low Value/At Risk
17139,16,25,19584.46,United Kingdom,2011-11-24 10:12:00,698,5,5,5,555,Champions,High Value
17140,247,1,465.32,United Kingdom,2011-04-06 13:33:00,247,2,2,2,222,Need Attention,Medium Value
17141,418,4,754.33,United Kingdom,2010-10-17 14:54:00,684,1,4,3,143,At Risk,Low Value/At Risk
17142,239,4,1283.75,United Kingdom,2011-04-14 18:22:00,684,2,4,4,244,At Risk,Low Value/At Risk
17143,417,2,924.11,United Kingdom,2010-10-18 15:27:00,515,1,3,3,133,At Risk,Low Value/At Risk
17144,1,2,984.57,United Kingdom,2011-12-08 17:57:00,85,5,3,3,533,Loyal,High Value
17145,513,4,3120.91,United Kingdom,2010-07-15 09:02:00,659,1,4,5,145,At Risk,Low Value/At Risk
17146,106,13,5860.24,United Kingdom,2011-08-26 12:44:00,676,3,5,5,355,Loyal,High Value
17147,23,9,3199.95,United Kingdom,2011-11-17 12:32:00,698,4,5,5,455,Champions,High Value
17148,52,1,124.88,United Kingdom,2011-10-19 09:59:00,52,4,2,1,421,New Customers,Medium Value
17149,451,1,143.10000000000002,United Kingdom,2010-09-14 14:56:00,451,1,2,1,121,At Risk,Low Value/At Risk
17150,377,6,1375.65,United Kingdom,2010-11-28 11:27:00,734,2,4,4,244,At Risk,Low Value/At Risk
17151,735,1,231.90000000000003,United Kingdom,2009-12-04 14:56:00,735,1,2,1,121,At Risk,Low Value/At Risk
17152,195,4,2016.5,United Kingdom,2011-05-29 12:19:00,426,2,4,4,244,At Risk,Low Value/At Risk
17153,24,1,213.78,United Kingdom,2011-11-15 13:42:00,24,4,2,1,421,New Customers,Medium Value
17154,75,1,329.34,United Kingdom,2011-09-25 13:42:00,75,3,2,2,322,Need Attention,Medium Value
17155,18,7,892.46,United Kingdom,2011-11-22 12:38:00,737,5,4,3,543,Loyal,High Value
17156,492,1,591.87,United Kingdom,2010-08-05 11:30:00,492,1,2,2,122,At Risk,Low Value/At Risk
17157,8,19,5151.9,United Kingdom,2011-12-02 09:10:00,735,5,5,5,555,Champions,High Value
17158,32,5,1980.0,United Kingdom,2011-11-07 15:15:00,642,4,4,4,444,Champions,High Value
17159,22,5,2099.59,United Kingdom,2011-11-18 10:52:00,645,4,4,4,444,Champions,High Value
17160,31,17,10209.16,United Kingdom,2011-11-08 14:05:00,736,4,5,5,455,Champions,High Value
17161,444,1,856.01,United Kingdom,2010-09-21 16:44:00,444,1,2,3,123,At Risk,Low Value/At Risk
17162,29,10,1715.46,United Kingdom,2011-11-11 11:34:00,306,4,5,4,454,Champions,High Value
17163,22,4,699.78,United Kingdom,2011-11-18 08:57:00,676,4,4,3,443,Loyal,High Value
17164,33,7,2467.35,United Kingdom,2011-11-07 09:14:00,273,4,4,4,444,Champions,High Value
17165,284,6,1794.32,United Kingdom,2011-02-28 16:39:00,729,2,4,4,244,At Risk,Low Value/At Risk
17166,39,2,206.34,United Kingdom,2011-11-01 09:46:00,204,4,3,1,431,Potential,High Value
17167,380,3,867.11,United Kingdom,2010-11-25 10:05:00,445,2,3,3,233,At Risk,Low Value/At Risk
17168,499,1,400.2,United Kingdom,2010-07-29 12:33:00,499,1,2,2,122,At Risk,Low Value/At Risk
17169,58,3,1156.73,United Kingdom,2011-10-13 10:25:00,578,4,3,3,433,Loyal,High Value
17170,374,2,178.68,United Kingdom,2010-11-30 15:55:00,389,2,3,1,231,At Risk,Low Value/At Risk
17171,289,2,384.59,United Kingdom,2011-02-23 16:37:00,662,2,3,2,232,At Risk,Low Value/At Risk
17172,79,3,956.5699999999999,United Kingdom,2011-09-22 09:36:00,727,3,3,3,333,Loyal,High Value
17173,5,8,3766.6,United Kingdom,2011-12-04 14:40:00,131,5,5,5,555,Champions,High Value
17174,218,1,59.9,United Kingdom,2011-05-06 11:47:00,218,2,2,1,221,Need Attention,Medium Value
17175,44,4,1443.69,United Kingdom,2011-10-26 15:31:00,296,4,4,4,444,Champions,High Value
17176,202,3,902.3199999999999,United Kingdom,2011-05-22 12:41:00,677,2,3,3,233,At Risk,Low Value/At Risk
17177,505,1,119.5,United Kingdom,2010-07-22 14:53:00,505,1,2,1,121,At Risk,Low Value/At Risk
17178,731,1,436.71,United Kingdom,2009-12-08 16:20:00,731,1,2,2,122,At Risk,Low Value/At Risk
17179,178,6,1507.26,United Kingdom,2011-06-14 16:48:00,563,3,4,4,344,Loyal,High Value
17180,56,11,2256.98,United Kingdom,2011-10-14 15:46:00,687,4,5,4,454,Champions,High Value
17181,57,3,465.37,United Kingdom,2011-10-13 14:48:00,596,4,3,2,432,Potential,High Value
17182,423,2,321.3,United Kingdom,2010-10-13 10:09:00,718,1,3,2,132,At Risk,Low Value/At Risk
17183,8,6,3347.31,United Kingdom,2011-12-02 10:07:00,105,5,4,5,545,Champions,High Value
17184,569,2,198.41000000000003,United Kingdom,2010-05-19 14:24:00,730,1,3,1,131,At Risk,Low Value/At Risk
17185,592,3,229.46,United Kingdom,2010-04-27 12:15:00,598,1,3,1,131,At Risk,Low Value/At Risk
17186,47,2,144.0,United Kingdom,2011-10-24 10:20:00,60,4,3,1,431,Potential,High Value
17187,227,2,467.71,United Kingdom,2011-04-27 12:39:00,526,2,3,2,232,At Risk,Low Value/At Risk
17188,11,13,4592.93,United Kingdom,2011-11-28 13:53:00,731,5,5,5,555,Champions,High Value
17189,106,5,957.63,United Kingdom,2011-08-25 19:39:00,738,3,4,3,343,Loyal,High Value
17190,59,7,1743.04,United Kingdom,2011-10-12 11:33:00,644,3,4,4,344,Loyal,High Value
17191,28,15,4836.05,United Kingdom,2011-11-11 16:58:00,738,4,5,5,455,Champions,High Value
17192,536,1,77.83,United Kingdom,2010-06-21 16:07:00,536,1,2,1,121,At Risk,Low Value/At Risk
17193,36,9,2310.04,United Kingdom,2011-11-04 12:47:00,738,4,5,4,454,Champions,High Value
17194,274,3,812.5,United Kingdom,2011-03-11 12:05:00,530,2,3,3,233,At Risk,Low Value/At Risk
17195,655,1,562.98,United Kingdom,2010-02-22 13:05:00,655,1,2,2,122,At Risk,Low Value/At Risk
17196,428,1,352.9,United Kingdom,2010-10-08 11:31:00,428,1,2,2,122,At Risk,Low Value/At Risk
17197,30,1,1013.01,United Kingdom,2011-11-10 10:32:00,30,4,2,3,423,New Customers,Medium Value
17198,24,3,1213.88,United Kingdom,2011-11-16 10:39:00,371,4,3,3,433,Loyal,High Value
17199,582,1,145.12,United Kingdom,2010-05-06 13:53:00,582,1,2,1,121,At Risk,Low Value/At Risk
17200,387,4,356.71,United Kingdom,2010-11-17 13:04:00,652,2,4,2,242,At Risk,Low Value/At Risk
17201,54,4,1242.04,United Kingdom,2011-10-17 11:55:00,668,4,4,3,443,Loyal,High Value
17202,421,1,160.65,United Kingdom,2010-10-15 11:25:00,421,1,2,1,121,At Risk,Low Value/At Risk
17203,36,10,5575.88,United Kingdom,2011-11-04 12:27:00,388,4,5,5,455,Champions,High Value
17204,175,9,5504.6900000000005,United Kingdom,2011-06-17 14:46:00,548,3,5,5,355,Loyal,High Value
17205,54,3,999.35,United Kingdom,2011-10-17 12:46:00,564,4,3,3,433,Loyal,High Value
17206,53,1,204.24,United Kingdom,2011-10-17 13:25:00,53,4,2,1,421,New Customers,Medium Value
17207,652,1,303.21999999999997,United Kingdom,2010-02-25 19:08:00,652,1,2,2,122,At Risk,Low Value/At Risk
17208,396,1,115.35,United Kingdom,2010-11-09 12:50:00,396,2,2,1,221,Need Attention,Medium Value
17209,649,3,611.6,United Kingdom,2010-02-28 16:01:00,737,1,3,2,132,At Risk,Low Value/At Risk
17210,393,1,253.37,United Kingdom,2010-11-12 12:15:00,393,2,2,1,221,Need Attention,Medium Value
17211,27,13,4046.65,United Kingdom,2011-11-13 12:03:00,726,4,5,5,455,Champions,High Value
17212,253,3,794.41,United Kingdom,2011-03-31 19:42:00,487,2,3,3,233,At Risk,Low Value/At Risk
17213,40,13,5182.3,United Kingdom,2011-10-30 14:53:00,725,4,5,5,455,Champions,High Value
17214,60,6,1069.1200000000001,United Kingdom,2011-10-10 13:17:00,359,3,4,3,343,Loyal,High Value
17215,464,1,186.15,United Kingdom,2010-09-01 13:39:00,464,1,2,1,121,At Risk,Low Value/At Risk
17216,554,1,65.05,United Kingdom,2010-06-03 13:03:00,554,1,2,1,121,At Risk,Low Value/At Risk
17217,234,2,218.0,United Kingdom,2011-04-19 17:19:00,619,2,3,1,231,At Risk,Low Value/At Risk
17218,4,18,4192.68,United Kingdom,2011-12-05 13:52:00,683,5,5,5,555,Champions,High Value
17219,32,2,259.13,United Kingdom,2011-11-08 11:25:00,417,4,3,1,431,Potential,High Value
17220,24,21,4481.75,United Kingdom,2011-11-15 13:47:00,689,4,5,5,455,Champions,High Value
17221,7,5,978.52,United Kingdom,2011-12-02 13:35:00,607,5,4,3,543,Loyal,High Value
17222,65,6,1605.01,United Kingdom,2011-10-05 13:58:00,698,3,4,4,344,Loyal,High Value
17223,310,3,873.53,United Kingdom,2011-02-02 15:57:00,375,2,3,3,233,At Risk,Low Value/At Risk
17224,501,1,100.86,United Kingdom,2010-07-26 13:30:00,501,1,2,1,121,At Risk,Low Value/At Risk
17225,582,1,131.15,United Kingdom,2010-05-07 11:38:00,582,1,2,1,121,At Risk,Low Value/At Risk
17226,309,3,900.12,United Kingdom,2011-02-04 11:52:00,665,2,3,3,233,At Risk,Low Value/At Risk
17227,19,12,2022.03,United Kingdom,2011-11-21 10:51:00,693,4,5,4,454,Champions,High Value
17228,16,13,3177.24,United Kingdom,2011-11-24 10:24:00,638,5,5,5,555,Champions,High Value
17229,96,2,318.76,United Kingdom,2011-09-04 13:56:00,143,3,3,2,332,Potential,High Value
17230,264,18,9924.95,United Kingdom,2011-03-20 16:12:00,731,2,5,5,255,At Risk,Low Value/At Risk
17231,12,25,7197.04,United Kingdom,2011-11-27 15:18:00,732,5,5,5,555,Champions,High Value
17232,3,2,421.52,United Kingdom,2011-12-07 12:21:00,15,5,3,2,532,Potential,High Value
17233,35,3,560.86,United Kingdom,2011-11-04 14:06:00,725,4,3,2,432,Potential,High Value
17234,183,1,149.89000000000001,United Kingdom,2011-06-10 11:20:00,183,3,2,1,321,Need Attention,Medium Value
17235,25,8,1904.8799999999999,United Kingdom,2011-11-14 15:51:00,553,4,5,4,454,Champions,High Value
17236,13,12,1929.26,United Kingdom,2011-11-27 12:00:00,642,5,5,4,554,Champions,High Value
17237,11,4,1002.08,United Kingdom,2011-11-28 15:02:00,382,5,4,3,543,Loyal,High Value
17238,3,32,7783.1,United Kingdom,2011-12-07 11:35:00,739,5,5,5,555,Champions,High Value
17239,313,4,1189.45,United Kingdom,2011-01-31 09:41:00,527,2,4,3,243,At Risk,Low Value/At Risk
17240,596,1,130.6,United Kingdom,2010-04-22 15:44:00,596,1,2,1,121,At Risk,Low Value/At Risk
17241,385,12,2744.14,United Kingdom,2010-11-19 13:01:00,662,2,5,4,254,At Risk,Low Value/At Risk
17242,108,5,2889.28,United Kingdom,2011-08-23 14:55:00,685,3,4,4,344,Loyal,High Value
17243,1,69,20889.86,United Kingdom,2011-12-08 13:26:00,738,5,5,5,555,Champions,High Value
17244,53,5,1826.04,United Kingdom,2011-10-17 15:19:00,734,4,4,4,444,Champions,High Value
17245,205,2,371.63,United Kingdom,2011-05-19 10:43:00,689,2,3,2,232,At Risk,Low Value/At Risk
17246,547,2,38.92,United Kingdom,2010-06-11 12:36:00,738,1,3,1,131,At Risk,Low Value/At Risk
17247,15,1,282.19,United Kingdom,2011-11-24 15:21:00,15,5,2,1,521,New Customers,Medium Value
17248,120,2,546.16,United Kingdom,2011-08-11 13:34:00,482,3,3,2,332,Potential,High Value
17249,429,1,68.03,United Kingdom,2010-10-07 11:33:00,429,1,2,1,121,At Risk,Low Value/At Risk
17250,4,2,384.52,United Kingdom,2011-12-06 12:15:00,261,5,3,2,532,Potential,High Value
17251,363,3,812.4300000000001,United Kingdom,2010-12-12 11:06:00,725,2,3,3,233,At Risk,Low Value/At Risk
17252,117,2,353.86,United Kingdom,2011-08-15 09:45:00,186,3,3,2,332,Potential,High Value
17253,18,1,178.26,United Kingdom,2011-11-21 12:59:00,18,5,2,1,521,New Customers,Medium Value
17254,5,3,470.73,United Kingdom,2011-12-05 12:46:00,401,5,3,2,532,Potential,High Value
17255,41,4,799.13,United Kingdom,2011-10-30 12:18:00,446,4,4,3,443,Loyal,High Value
17256,107,5,498.93,United Kingdom,2011-08-24 13:30:00,600,3,4,2,342,Potential,High Value
17257,436,2,192.73,United Kingdom,2010-09-29 12:51:00,437,1,3,1,131,At Risk,Low Value/At Risk
17258,397,2,417.3,United Kingdom,2010-11-08 12:37:00,665,2,3,2,232,At Risk,Low Value/At Risk
17259,148,6,1889.34,United Kingdom,2011-07-14 15:01:00,655,3,4,4,344,Loyal,High Value
17260,411,1,120.95,United Kingdom,2010-10-24 13:21:00,411,1,2,1,121,At Risk,Low Value/At Risk
17261,510,1,230.44,United Kingdom,2010-07-18 11:49:00,510,1,2,1,121,At Risk,Low Value/At Risk
17262,52,11,2757.62,United Kingdom,2011-10-18 12:56:00,725,4,5,4,454,Champions,High Value
17263,208,1,63.440000000000005,United Kingdom,2011-05-15 14:32:00,208,2,2,1,221,Need Attention,Medium Value
17264,424,1,279.59,United Kingdom,2010-10-11 12:52:00,424,1,2,1,121,At Risk,Low Value/At Risk
17265,139,2,562.9,United Kingdom,2011-07-24 10:49:00,181,3,3,2,332,Potential,High Value
17266,2,5,517.73,United Kingdom,2011-12-07 14:12:00,641,5,4,2,542,Potential,High Value
17267,127,2,317.62,United Kingdom,2011-08-04 17:22:00,127,3,3,2,332,Potential,High Value
17268,108,11,1733.8899999999999,United Kingdom,2011-08-24 10:06:00,732,3,5,4,354,Loyal,High Value
17269,386,1,537.46,United Kingdom,2010-11-19 11:12:00,386,2,2,2,222,Need Attention,Medium Value
17270,469,2,604.4,United Kingdom,2010-08-27 14:09:00,732,1,3,2,132,At Risk,Low Value/At Risk
17271,736,1,210.39,United Kingdom,2009-12-03 13:49:00,736,1,2,1,121,At Risk,Low Value/At Risk
17272,42,4,2148.63,United Kingdom,2011-10-28 16:37:00,263,4,4,4,444,Champions,High Value
17273,424,1,141.12,United Kingdom,2010-10-11 15:57:00,424,1,2,1,121,At Risk,Low Value/At Risk
17274,35,2,577.38,United Kingdom,2011-11-04 13:16:00,396,4,3,2,432,Potential,High Value
17275,383,1,114.52,United Kingdom,2010-11-21 13:26:00,383,2,2,1,221,Need Attention,Medium Value
17276,402,1,508.39,United Kingdom,2010-11-02 16:20:00,402,2,2,2,222,Need Attention,Medium Value
17277,228,2,1065.3500000000001,United Kingdom,2011-04-26 12:47:00,323,2,3,3,233,At Risk,Low Value/At Risk
17278,241,2,271.24,United Kingdom,2011-04-12 13:10:00,565,2,3,1,231,At Risk,Low Value/At Risk
17279,58,1,187.82999999999998,United Kingdom,2011-10-13 11:58:00,58,4,2,1,421,New Customers,Medium Value
17280,438,1,118.85999999999999,United Kingdom,2010-09-27 16:46:00,438,1,2,1,121,At Risk,Low Value/At Risk
17281,374,6,797.8499999999999,United Kingdom,2010-11-30 18:05:00,673,2,4,3,243,At Risk,Low Value/At Risk
17282,130,5,2339.66,United Kingdom,2011-08-01 14:29:00,549,3,4,4,344,Loyal,High Value
17283,379,1,188.46,United Kingdom,2010-11-26 11:53:00,379,2,2,1,221,Need Attention,Medium Value
17284,60,8,2793.16,United Kingdom,2011-10-10 14:38:00,445,3,5,4,354,Loyal,High Value
17285,628,2,428.34,United Kingdom,2010-03-21 13:38:00,663,1,3,2,132,At Risk,Low Value/At Risk
17286,22,3,395.48,United Kingdom,2011-11-18 12:47:00,400,4,3,2,432,Potential,High Value
17287,26,21,4111.96,United Kingdom,2011-11-13 13:27:00,737,4,5,5,455,Champions,High Value
17288,9,11,2499.98,United Kingdom,2011-11-30 16:09:00,394,5,5,4,554,Champions,High Value
17289,32,9,2079.39,United Kingdom,2011-11-08 12:01:00,641,4,5,4,454,Champions,High Value
17290,4,8,1501.44,United Kingdom,2011-12-06 12:38:00,726,5,5,4,554,Champions,High Value
17291,308,1,550.8000000000001,United Kingdom,2011-02-04 13:04:00,308,2,2,2,222,Need Attention,Medium Value
17292,472,2,271.75,United Kingdom,2010-08-24 17:14:00,579,1,3,1,131,At Risk,Low Value/At Risk
17293,8,17,3774.23,United Kingdom,2011-12-01 14:37:00,736,5,5,5,555,Champions,High Value
17294,669,2,467.78999999999996,United Kingdom,2010-02-08 16:12:00,669,1,3,2,132,At Risk,Low Value/At Risk
17295,29,3,556.95,United Kingdom,2011-11-11 10:49:00,65,4,3,2,432,Potential,High Value
17296,730,1,338.13,United Kingdom,2009-12-09 14:01:00,730,1,2,2,122,At Risk,Low Value/At Risk
17297,17,1,131.78,United Kingdom,2011-11-22 14:43:00,17,5,2,1,521,New Customers,Medium Value
17298,101,5,957.5600000000001,United Kingdom,2011-08-30 16:43:00,642,3,4,3,343,Loyal,High Value
17299,12,6,1016.08,United Kingdom,2011-11-28 12:01:00,481,5,4,3,543,Loyal,High Value
17300,391,2,393.64,United Kingdom,2010-11-14 10:56:00,482,2,3,2,232,At Risk,Low Value/At Risk
17301,21,2,330.43,United Kingdom,2011-11-18 13:43:00,624,4,3,2,432,Potential,High Value
17302,15,5,1135.63,United Kingdom,2011-11-25 09:36:00,306,5,4,3,543,Loyal,High Value
17303,361,1,250.04,United Kingdom,2010-12-13 13:32:00,361,2,2,1,221,Need Attention,Medium Value
17304,534,1,111.5,United Kingdom,2010-06-23 16:23:00,534,1,2,1,121,At Risk,Low Value/At Risk
17305,649,1,2135.46,United Kingdom,2010-03-01 12:47:00,649,1,2,4,124,At Risk,Low Value/At Risk
17306,11,21,9782.35,United Kingdom,2011-11-29 12:14:00,404,5,5,5,555,Champions,High Value
17307,395,11,3999.8900000000003,United Kingdom,2010-11-09 13:40:00,689,2,5,5,255,At Risk,Low Value/At Risk
17308,393,2,4511.76,United Kingdom,2010-11-11 13:19:00,453,2,3,5,235,At Risk,Low Value/At Risk
17309,95,3,330.59000000000003,United Kingdom,2011-09-05 15:20:00,673,3,3,2,332,Potential,High Value
17310,387,2,1025.1,United Kingdom,2010-11-17 16:00:00,535,2,3,3,233,At Risk,Low Value/At Risk
17311,78,6,3566.56,United Kingdom,2011-09-22 14:11:00,675,3,4,5,345,Loyal,High Value
17312,139,3,644.3,United Kingdom,2011-07-24 11:52:00,159,3,3,3,333,Loyal,High Value
17313,31,1,2328.84,United Kingdom,2011-11-08 15:45:00,31,4,2,4,424,New Customers,Medium Value
17314,25,17,4904.43,United Kingdom,2011-11-15 09:41:00,737,4,5,5,455,Champions,High Value
17315,2,43,9650.6,United Kingdom,2011-12-08 12:15:00,439,5,5,5,555,Champions,High Value
17316,420,1,124.45,United Kingdom,2010-10-15 14:35:00,420,1,2,1,121,At Risk,Low Value/At Risk
17317,46,3,2600.34,United Kingdom,2011-10-24 17:19:00,90,4,3,4,434,Loyal,High Value
17318,725,1,164.28,United Kingdom,2009-12-14 13:11:00,725,1,2,1,121,At Risk,Low Value/At Risk
17319,669,1,29.1,United Kingdom,2010-02-08 15:47:00,669,1,2,1,121,At Risk,Low Value/At Risk
17320,100,6,2895.77,United Kingdom,2011-08-31 13:31:00,687,3,4,4,344,Loyal,High Value
17321,8,6,1741.18,United Kingdom,2011-12-01 13:41:00,578,5,4,4,544,Champions,High Value
17322,376,5,922.59,United Kingdom,2010-11-28 14:41:00,737,2,4,3,243,At Risk,Low Value/At Risk
17323,15,12,1565.59,United Kingdom,2011-11-24 17:29:00,699,5,5,4,554,Champions,High Value
17324,18,12,2301.87,United Kingdom,2011-11-22 10:34:00,721,5,5,4,554,Champions,High Value
17325,280,3,609.5699999999999,United Kingdom,2011-03-04 13:09:00,642,2,3,2,232,At Risk,Low Value/At Risk
17326,408,2,321.95,United Kingdom,2010-10-27 15:38:00,529,2,3,2,232,At Risk,Low Value/At Risk
17327,410,2,152.35,United Kingdom,2010-10-26 09:54:00,563,1,3,1,131,At Risk,Low Value/At Risk
17328,673,1,104.7,United Kingdom,2010-02-04 17:11:00,673,1,2,1,121,At Risk,Low Value/At Risk
17329,14,5,1004.4300000000001,United Kingdom,2011-11-25 14:24:00,736,5,4,3,543,Loyal,High Value
17330,23,4,423.8,United Kingdom,2011-11-17 08:56:00,648,4,4,2,442,Potential,High Value
17331,124,1,175.2,United Kingdom,2011-08-08 11:55:00,124,3,2,1,321,Need Attention,Medium Value
17332,528,5,838.27,United Kingdom,2010-06-29 16:10:00,656,1,4,3,143,At Risk,Low Value/At Risk
17333,86,1,494.25,United Kingdom,2011-09-15 10:11:00,86,3,2,2,322,Need Attention,Medium Value
17334,302,3,635.15,United Kingdom,2011-02-10 14:59:00,407,2,3,3,233,At Risk,Low Value/At Risk
17335,384,2,508.0,United Kingdom,2010-11-21 10:17:00,685,2,3,2,232,At Risk,Low Value/At Risk
17336,472,1,81.12,United Kingdom,2010-08-24 15:37:00,472,1,2,1,121,At Risk,Low Value/At Risk
17337,151,4,2027.8700000000001,United Kingdom,2011-07-11 14:55:00,310,3,4,4,344,Loyal,High Value
17338,17,17,12142.57,United Kingdom,2011-11-22 14:23:00,639,5,5,5,555,Champions,High Value
17339,94,3,362.36,United Kingdom,2011-09-06 13:29:00,509,3,3,2,332,Potential,High Value
17340,30,18,22404.82,United Kingdom,2011-11-10 10:45:00,663,4,5,5,455,Champions,High Value
17341,157,5,1889.83,United Kingdom,2011-07-06 12:33:00,540,3,4,4,344,Loyal,High Value
17342,380,4,1227.54,United Kingdom,2010-11-25 11:07:00,670,2,4,3,243,At Risk,Low Value/At Risk
17343,355,6,1259.94,United Kingdom,2010-12-19 15:07:00,736,2,4,4,244,At Risk,Low Value/At Risk
17344,46,2,468.11,United Kingdom,2011-10-24 12:56:00,729,4,3,2,432,Potential,High Value
17345,15,10,1604.68,United Kingdom,2011-11-24 15:03:00,738,5,5,4,554,Champions,High Value
17346,4,26,5323.0,United Kingdom,2011-12-06 12:18:00,601,5,5,5,555,Champions,High Value
17347,86,1,228.96,United Kingdom,2011-09-14 13:12:00,86,3,2,1,321,Need Attention,Medium Value
17348,15,9,2476.41,United Kingdom,2011-11-25 11:25:00,640,5,5,4,554,Champions,High Value
17349,179,5,852.25,United Kingdom,2011-06-13 14:29:00,631,3,4,3,343,Loyal,High Value
17350,8,7,1906.041,United Kingdom,2011-12-01 15:47:00,676,5,4,4,544,Champions,High Value
17351,36,12,1988.23,United Kingdom,2011-11-03 18:45:00,729,4,5,4,454,Champions,High Value
17352,696,1,36.25,United Kingdom,2010-01-12 16:13:00,696,1,2,1,121,At Risk,Low Value/At Risk
17353,129,4,3242.0,United Kingdom,2011-08-02 17:19:00,624,3,4,5,345,Loyal,High Value
17354,51,4,3143.46,United Kingdom,2011-10-20 10:34:00,428,4,4,5,445,Champions,High Value
17355,386,1,285.11,United Kingdom,2010-11-18 13:18:00,386,2,2,1,221,Need Attention,Medium Value
17356,312,5,946.47,United Kingdom,2011-02-01 11:07:00,689,2,4,3,243,At Risk,Low Value/At Risk
17357,24,2,388.14,United Kingdom,2011-11-15 16:30:00,24,4,3,2,432,Potential,High Value
17358,303,5,866.05,United Kingdom,2011-02-09 16:57:00,653,2,4,3,243,At Risk,Low Value/At Risk
17359,11,2,284.46,United Kingdom,2011-11-28 14:37:00,648,5,3,1,531,Potential,High Value
17360,17,6,1231.3799999999999,United Kingdom,2011-11-22 13:11:00,435,5,4,3,543,Loyal,High Value
17361,49,5,880.64,United Kingdom,2011-10-21 15:43:00,676,4,4,3,443,Loyal,High Value
17362,239,7,1024.04,United Kingdom,2011-04-14 14:43:00,703,2,4,3,243,At Risk,Low Value/At Risk
17363,395,3,940.86,United Kingdom,2010-11-09 17:11:00,402,2,3,3,233,At Risk,Low Value/At Risk
17364,1,28,12070.42,United Kingdom,2011-12-09 09:00:00,732,5,5,5,555,Champions,High Value
17365,13,15,8224.98,United Kingdom,2011-11-27 12:13:00,677,5,5,5,555,Champions,High Value
17366,432,2,1096.24,United Kingdom,2010-10-03 16:04:00,456,1,3,3,133,At Risk,Low Value/At Risk
17367,238,1,168.4,United Kingdom,2011-04-15 14:21:00,238,2,2,1,221,Need Attention,Medium Value
17368,23,14,2826.14,United Kingdom,2011-11-16 15:26:00,724,4,5,4,454,Champions,High Value
17369,456,1,979.1999999999999,United Kingdom,2010-09-10 09:49:00,456,1,2,3,123,At Risk,Low Value/At Risk
17370,73,4,446.18,United Kingdom,2011-09-28 10:14:00,170,3,4,2,342,Potential,High Value
17371,17,6,662.55,United Kingdom,2011-11-22 13:30:00,732,5,4,3,543,Loyal,High Value
17372,41,28,4377.56,United Kingdom,2011-10-30 11:37:00,736,4,5,5,455,Champions,High Value
17373,40,7,1167.5,United Kingdom,2011-10-30 15:28:00,649,4,4,3,443,Loyal,High Value
17374,219,3,727.11,United Kingdom,2011-05-05 09:05:00,395,2,3,3,233,At Risk,Low Value/At Risk
17375,199,4,660.55,United Kingdom,2011-05-24 15:45:00,432,2,4,3,243,At Risk,Low Value/At Risk
17376,71,4,453.64,United Kingdom,2011-09-30 12:36:00,523,3,4,2,342,Potential,High Value
17377,24,78,18319.41,United Kingdom,2011-11-16 11:17:00,738,4,5,5,455,Champions,High Value
17378,374,1,10.95,United Kingdom,2010-11-30 18:46:00,374,2,2,1,221,Need Attention,Medium Value
17379,11,1,404.66,United Kingdom,2011-11-28 13:56:00,11,5,2,2,522,New Customers,Medium Value
17380,434,3,645.0,United Kingdom,2010-10-01 16:42:00,535,1,3,3,133,At Risk,Low Value/At Risk
17381,9,38,40002.37,United Kingdom,2011-12-01 11:59:00,548,5,5,5,555,Champions,High Value
17382,65,8,902.28,United Kingdom,2011-10-05 13:05:00,570,3,5,3,353,Loyal,High Value
17383,4,2,309.99,United Kingdom,2011-12-05 17:36:00,453,5,3,2,532,Potential,High Value
17384,19,3,507.55,United Kingdom,2011-11-20 15:48:00,467,4,3,2,432,Potential,High Value
17385,15,1,261.11,United Kingdom,2011-11-25 11:02:00,15,5,2,1,521,New Customers,Medium Value
17386,8,7,2812.77,United Kingdom,2011-12-02 11:28:00,385,5,4,4,544,Champions,High Value
17387,20,2,784.11,United Kingdom,2011-11-20 11:00:00,34,4,3,3,433,Loyal,High Value
17388,78,11,2691.57,United Kingdom,2011-09-23 10:31:00,730,3,5,4,354,Loyal,High Value
17389,1,61,57224.68,United Kingdom,2011-12-09 09:38:00,736,5,5,5,555,Champions,High Value
17390,421,1,149.3,United Kingdom,2010-10-15 11:29:00,421,1,2,1,121,At Risk,Low Value/At Risk
17391,164,2,508.8,United Kingdom,2011-06-29 09:58:00,165,3,3,2,332,Potential,High Value
17392,307,3,626.56,United Kingdom,2011-02-06 12:48:00,450,2,3,3,233,At Risk,Low Value/At Risk
17393,411,2,381.15,United Kingdom,2010-10-25 11:10:00,488,1,3,2,132,At Risk,Low Value/At Risk
17394,219,1,203.86999999999998,United Kingdom,2011-05-04 13:22:00,219,2,2,1,221,Need Attention,Medium Value
17395,508,1,97.5,United Kingdom,2010-07-19 15:34:00,508,1,2,1,121,At Risk,Low Value/At Risk
17396,39,14,8807.1,United Kingdom,2011-10-31 14:12:00,441,4,5,5,455,Champions,High Value
17397,22,3,1233.18,United Kingdom,2011-11-17 14:08:00,416,4,3,3,433,Loyal,High Value
17398,115,3,653.38,United Kingdom,2011-08-17 09:48:00,255,3,3,3,333,Loyal,High Value
17400,126,8,4677.05,United Kingdom,2011-08-05 15:38:00,722,3,5,5,355,Loyal,High Value
17401,541,1,114.85,United Kingdom,2010-06-16 16:54:00,541,1,2,1,121,At Risk,Low Value/At Risk
17402,5,23,5096.18,United Kingdom,2011-12-05 10:15:00,723,5,5,5,555,Champions,High Value
17403,36,2,400.57,United Kingdom,2011-11-03 15:18:00,451,4,3,2,432,Potential,High Value
17404,4,23,47781.12,Sweden,2011-12-05 16:26:00,702,5,5,5,555,Champions,High Value
17405,1,3,1031.41,United Kingdom,2011-12-08 17:12:00,150,5,3,3,533,Loyal,High Value
17406,333,13,4905.05,United Kingdom,2011-01-10 15:07:00,733,2,5,5,255,At Risk,Low Value/At Risk
17407,412,1,552.9,United Kingdom,2010-10-24 11:57:00,412,1,2,2,122,At Risk,Low Value/At Risk
17408,163,3,316.09000000000003,United Kingdom,2011-06-29 12:53:00,514,3,3,2,332,Potential,High Value
17409,185,10,7793.51,United Kingdom,2011-06-08 10:36:00,729,3,5,5,355,Loyal,High Value
17410,16,5,1214.72,United Kingdom,2011-11-23 15:46:00,215,5,4,3,543,Loyal,High Value
17411,12,5,1425.38,United Kingdom,2011-11-27 14:25:00,737,5,4,4,544,Champions,High Value
17412,3,16,4417.52,United Kingdom,2011-12-07 11:36:00,737,5,5,5,555,Champions,High Value
17413,405,2,560.14,United Kingdom,2010-10-31 12:33:00,570,2,3,2,232,At Risk,Low Value/At Risk
17414,44,6,2249.52,United Kingdom,2011-10-27 12:13:00,736,4,4,4,444,Champions,High Value
17415,80,1,507.84,United Kingdom,2011-09-21 12:50:00,80,3,2,2,322,Need Attention,Medium Value
17416,30,22,17298.45,United Kingdom,2011-11-10 12:47:00,725,4,5,5,455,Champions,High Value
17417,549,1,164.18,United Kingdom,2010-06-09 10:00:00,549,1,2,1,121,At Risk,Low Value/At Risk
17418,42,3,670.0600000000001,United Kingdom,2011-10-28 13:00:00,387,4,3,3,433,Loyal,High Value
17419,11,18,6500.52,United Kingdom,2011-11-28 13:47:00,683,5,5,5,555,Champions,High Value
17420,50,6,1084.43,United Kingdom,2011-10-20 14:52:00,401,4,4,3,443,Loyal,High Value
17421,386,3,1059.41,United Kingdom,2010-11-18 16:57:00,735,2,3,3,233,At Risk,Low Value/At Risk
17422,16,11,3594.76,United Kingdom,2011-11-23 13:27:00,535,5,5,5,555,Champions,High Value
17423,46,3,1118.95,United Kingdom,2011-10-24 13:36:00,394,4,3,3,433,Loyal,High Value
17425,19,2,759.17,United Kingdom,2011-11-20 15:30:00,61,4,3,3,433,Loyal,High Value
17426,8,13,8077.77,United Kingdom,2011-12-01 18:07:00,660,5,5,5,555,Champions,High Value
17427,72,1,100.8,United Kingdom,2011-09-29 11:29:00,72,3,2,1,321,Need Attention,Medium Value
17428,1,45,31819.760000000002,United Kingdom,2011-12-09 09:45:00,738,5,5,5,555,Champions,High Value
17429,128,5,1357.46,United Kingdom,2011-08-03 13:22:00,430,3,4,4,344,Loyal,High Value
17430,33,4,735.17,United Kingdom,2011-11-07 09:24:00,480,4,4,3,443,Loyal,High Value
17431,313,1,403.3,United Kingdom,2011-01-30 14:36:00,313,2,2,2,222,Need Attention,Medium Value
17432,18,9,1751.39,United Kingdom,2011-11-21 17:33:00,736,5,5,4,554,Champions,High Value
17433,88,2,569.96,United Kingdom,2011-09-12 14:24:00,385,3,3,2,332,Potential,High Value
17434,2,7,2373.82,United Kingdom,2011-12-07 13:16:00,85,5,4,4,544,Champions,High Value
17435,411,1,331.35,United Kingdom,2010-10-24 13:55:00,411,1,2,2,122,At Risk,Low Value/At Risk
17436,2,5,534.06,United Kingdom,2011-12-08 12:30:00,733,5,4,2,542,Potential,High Value
17437,530,1,373.17,United Kingdom,2010-06-28 11:11:00,530,1,2,2,122,At Risk,Low Value/At Risk
17438,254,5,1422.77,United Kingdom,2011-03-31 10:26:00,641,2,4,4,244,At Risk,Low Value/At Risk
17439,656,1,325.74,United Kingdom,2010-02-22 12:48:00,656,1,2,2,122,At Risk,Low Value/At Risk
17440,157,4,323.58,United Kingdom,2011-07-06 11:54:00,549,3,4,2,342,Potential,High Value
17441,732,1,293.35,United Kingdom,2009-12-07 13:32:00,732,1,2,2,122,At Risk,Low Value/At Risk
17442,37,15,4620.3,United Kingdom,2011-11-03 09:17:00,662,4,5,5,455,Champions,High Value
17443,220,1,534.24,Canada,2011-05-04 10:47:00,220,2,2,2,222,Need Attention,Medium Value
17444,148,3,2940.04,Canada,2011-07-15 12:05:00,173,3,3,4,334,Loyal,High Value
17446,177,2,120.9,United Kingdom,2011-06-16 10:42:00,310,3,3,1,331,Potential,High Value
17447,40,2,541.53,United Kingdom,2011-10-30 14:18:00,72,4,3,2,432,Potential,High Value
17448,497,46,14556.97,United Kingdom,2010-07-30 14:07:00,645,1,5,5,155,At Risk,Low Value/At Risk
17449,2,13,4951.15,United Kingdom,2011-12-07 16:56:00,730,5,5,5,555,Champions,High Value
17450,8,51,246973.09,United Kingdom,2011-12-01 13:29:00,438,5,5,5,555,Champions,High Value
17451,1,7,1721.4,United Kingdom,2011-12-08 15:02:00,106,5,4,4,544,Champions,High Value
17453,18,2,486.71999999999997,United Kingdom,2011-11-22 09:42:00,64,5,3,2,532,Potential,High Value
17454,192,10,1547.94,United Kingdom,2011-05-31 13:58:00,693,2,5,4,254,At Risk,Low Value/At Risk
17455,204,1,131.7,United Kingdom,2011-05-20 12:31:00,204,2,2,1,221,Need Attention,Medium Value
17456,365,2,1225.42,United Kingdom,2010-12-09 15:23:00,456,2,3,3,233,At Risk,Low Value/At Risk
17457,127,14,5984.8099999999995,United Kingdom,2011-08-05 12:48:00,732,3,5,5,355,Loyal,High Value
17458,15,2,529.58,United Kingdom,2011-11-24 13:01:00,382,5,3,2,532,Potential,High Value
17459,43,2,657.3,United Kingdom,2011-10-27 13:25:00,60,4,3,3,433,Loyal,High Value
17460,94,16,2228.27,United Kingdom,2011-09-06 15:04:00,686,3,5,4,354,Loyal,High Value
17461,23,3,757.46,United Kingdom,2011-11-17 10:21:00,30,4,3,3,433,Loyal,High Value
17462,60,2,675.69,United Kingdom,2011-10-10 13:56:00,284,3,3,3,333,Loyal,High Value
17463,16,7,2557.91,United Kingdom,2011-11-23 13:40:00,589,5,4,4,544,Champions,High Value
17464,158,3,1000.94,United Kingdom,2011-07-04 13:19:00,619,3,3,3,333,Loyal,High Value
17465,426,7,2542.79,United Kingdom,2010-10-10 11:56:00,736,1,4,4,144,At Risk,Low Value/At Risk
17466,10,2,763.28,United Kingdom,2011-11-29 13:15:00,79,5,3,3,533,Loyal,High Value
17467,395,1,102.6,United Kingdom,2010-11-09 12:58:00,395,2,2,1,221,Need Attention,Medium Value
17468,10,3,194.8,United Kingdom,2011-11-29 15:33:00,375,5,3,1,531,Potential,High Value
17469,16,17,5051.25,United Kingdom,2011-11-23 13:15:00,723,5,5,5,555,Champions,High Value
17470,45,11,2804.87,United Kingdom,2011-10-26 12:42:00,508,4,5,4,454,Champions,High Value
17471,475,1,321.65000000000003,United Kingdom,2010-08-22 11:53:00,475,1,2,2,122,At Risk,Low Value/At Risk
17472,191,4,935.1,United Kingdom,2011-06-01 14:57:00,628,2,4,3,243,At Risk,Low Value/At Risk
17473,409,2,607.0,United Kingdom,2010-10-27 11:45:00,456,2,3,2,232,At Risk,Low Value/At Risk
17474,600,1,1047.0,United Kingdom,2010-04-19 10:43:00,600,1,2,3,123,At Risk,Low Value/At Risk
17475,79,1,194.37,United Kingdom,2011-09-21 14:55:00,79,3,2,1,321,Need Attention,Medium Value
17476,396,2,489.86,United Kingdom,2010-11-09 10:21:00,738,2,3,2,232,At Risk,Low Value/At Risk
17477,613,2,1144.3,United Kingdom,2010-04-06 10:06:00,648,1,3,3,133,At Risk,Low Value/At Risk
17478,408,2,1272.8,United Kingdom,2010-10-27 15:01:00,633,2,3,4,234,At Risk,Low Value/At Risk
17479,633,1,389.26000000000005,United Kingdom,2010-03-17 09:26:00,633,1,2,2,122,At Risk,Low Value/At Risk
17480,78,2,902.03,United Kingdom,2011-09-23 11:39:00,445,3,3,3,333,Loyal,High Value
17481,4,4,1255.59,United Kingdom,2011-12-06 12:28:00,94,5,4,4,544,Champions,High Value
17482,487,2,778.19,United Kingdom,2010-08-09 15:33:00,578,1,3,3,133,At Risk,Low Value/At Risk
17483,65,4,591.73,United Kingdom,2011-10-05 13:10:00,415,3,4,2,342,Potential,High Value
17484,576,2,209.57,United Kingdom,2010-05-12 15:41:00,624,1,3,1,131,At Risk,Low Value/At Risk
17486,261,1,396.87,United Kingdom,2011-03-23 14:00:00,261,2,2,2,222,Need Attention,Medium Value
17487,728,1,160.55,United Kingdom,2009-12-11 15:06:00,728,1,2,1,121,At Risk,Low Value/At Risk
17488,641,1,336.5,United Kingdom,2010-03-08 14:07:00,641,1,2,2,122,At Risk,Low Value/At Risk
17489,59,2,376.64,United Kingdom,2011-10-12 08:56:00,213,3,3,2,332,Potential,High Value
17490,1,9,2750.5,United Kingdom,2011-12-09 09:08:00,570,5,5,4,554,Champions,High Value
17491,1,17,5981.07,United Kingdom,2011-12-08 16:18:00,591,5,5,5,555,Champions,High Value
17492,248,3,1122.42,United Kingdom,2011-04-05 15:21:00,518,2,3,3,233,At Risk,Low Value/At Risk
17493,385,1,100.91000000000001,United Kingdom,2010-11-19 16:57:00,385,2,2,1,221,Need Attention,Medium Value
17494,502,1,54.699999999999996,United Kingdom,2010-07-26 10:06:00,502,1,2,1,121,At Risk,Low Value/At Risk
17495,8,3,806.72,United Kingdom,2011-12-02 12:08:00,391,5,3,3,533,Loyal,High Value
17496,359,4,1412.89,United Kingdom,2010-12-16 08:39:00,694,2,4,4,244,At Risk,Low Value/At Risk
17497,390,2,287.25,United Kingdom,2010-11-14 14:17:00,611,2,3,1,231,At Risk,Low Value/At Risk
17498,76,1,272.22,United Kingdom,2011-09-25 12:25:00,76,3,2,1,321,Need Attention,Medium Value
17499,290,2,1341.39,United Kingdom,2011-02-23 09:14:00,562,2,3,4,234,At Risk,Low Value/At Risk
17500,17,3,1138.0,United Kingdom,2011-11-22 14:25:00,30,5,3,3,533,Loyal,High Value
17501,221,2,288.6,United Kingdom,2011-05-03 09:47:00,221,2,3,1,231,At Risk,Low Value/At Risk
17502,9,4,689.1,United Kingdom,2011-11-30 13:13:00,29,5,4,3,543,Loyal,High Value
17503,3,2,558.96,United Kingdom,2011-12-07 09:18:00,39,5,3,2,532,Potential,High Value
17504,206,18,9565.12,United Kingdom,2011-05-17 12:59:00,670,2,5,5,255,At Risk,Low Value/At Risk
17505,162,5,2435.48,United Kingdom,2011-07-01 12:50:00,605,3,4,4,344,Loyal,High Value
17506,76,1,302.2,United Kingdom,2011-09-25 11:39:00,76,3,2,2,322,Need Attention,Medium Value
17507,262,2,605.58,United Kingdom,2011-03-23 11:48:00,309,2,3,2,232,At Risk,Low Value/At Risk
17508,281,8,4579.23,Greece,2011-03-04 08:10:00,733,2,5,5,255,At Risk,Low Value/At Risk
17509,58,8,6115.14,United Kingdom,2011-10-13 10:26:00,63,4,5,5,455,Champions,High Value
17510,25,2,514.56,United Kingdom,2011-11-15 10:00:00,421,4,3,2,432,Potential,High Value
17511,3,60,175603.55,United Kingdom,2011-12-07 10:12:00,738,5,5,5,555,Champions,High Value
17512,29,18,5467.820000000001,United Kingdom,2011-11-11 12:11:00,729,4,5,5,455,Champions,High Value
17513,72,3,1158.8,United Kingdom,2011-09-28 16:42:00,479,3,3,3,333,Loyal,High Value
17514,128,2,542.83,United Kingdom,2011-08-03 15:45:00,669,3,3,2,332,Potential,High Value
17515,31,9,1617.46,United Kingdom,2011-11-08 14:04:00,550,4,5,4,454,Champions,High Value
17516,15,6,957.55,United Kingdom,2011-11-24 16:51:00,379,5,4,3,543,Loyal,High Value
17517,309,1,153.94,United Kingdom,2011-02-04 11:48:00,309,2,2,1,221,Need Attention,Medium Value
17518,426,2,329.42,United Kingdom,2010-10-10 12:40:00,621,1,3,2,132,At Risk,Low Value/At Risk
17519,17,15,5109.47,United Kingdom,2011-11-22 16:43:00,739,5,5,5,555,Champions,High Value
17520,54,1,546.81,United Kingdom,2011-10-17 12:04:00,54,4,2,2,422,New Customers,Medium Value
17521,30,5,1278.06,United Kingdom,2011-11-10 11:22:00,435,4,4,4,444,Champions,High Value
17522,2,5,1070.71,United Kingdom,2011-12-08 12:31:00,218,5,4,3,543,Loyal,High Value
17523,11,4,652.74,United Kingdom,2011-11-28 13:20:00,19,5,4,3,543,Loyal,High Value
17524,361,3,539.14,United Kingdom,2010-12-13 14:32:00,438,2,3,2,232,At Risk,Low Value/At Risk
17525,360,3,1161.9,United Kingdom,2010-12-15 12:05:00,429,2,3,3,233,At Risk,Low Value/At Risk
17526,5,12,4166.04,United Kingdom,2011-12-05 11:05:00,722,5,5,5,555,Champions,High Value
17527,54,4,939.37,United Kingdom,2011-10-17 12:32:00,218,4,4,3,443,Loyal,High Value
17528,1,8,3628.5,United Kingdom,2011-12-08 13:27:00,71,5,5,5,555,Champions,High Value
17529,610,2,1240.25,United Kingdom,2010-04-08 17:51:00,698,1,3,3,133,At Risk,Low Value/At Risk
17530,1,12,3141.51,United Kingdom,2011-12-08 18:42:00,733,5,5,5,555,Champions,High Value
17531,190,3,1266.82,United Kingdom,2011-06-02 19:17:00,618,2,3,4,234,At Risk,Low Value/At Risk
17532,386,1,65.34,United Kingdom,2010-11-19 08:13:00,386,2,2,1,221,Need Attention,Medium Value
17533,435,1,34.8,United Kingdom,2010-10-01 09:14:00,435,1,2,1,121,At Risk,Low Value/At Risk
17534,54,5,1668.83,United Kingdom,2011-10-17 12:47:00,652,4,4,4,444,Champions,High Value
17535,280,1,164.4,United Kingdom,2011-03-04 15:20:00,280,2,2,1,221,Need Attention,Medium Value
17536,177,3,364.83,United Kingdom,2011-06-15 13:23:00,683,3,3,2,332,Potential,High Value
17537,30,2,897.62,United Kingdom,2011-11-10 10:56:00,303,4,3,3,433,Loyal,High Value
17538,26,1,98.42,United Kingdom,2011-11-14 12:12:00,26,4,2,1,421,New Customers,Medium Value
17539,618,4,1226.57,United Kingdom,2010-04-01 12:07:00,727,1,4,3,143,At Risk,Low Value/At Risk
17540,25,6,1590.6000000000001,United Kingdom,2011-11-15 11:56:00,600,4,4,4,444,Champions,High Value
17541,510,1,124.46,United Kingdom,2010-07-18 11:36:00,510,1,2,1,121,At Risk,Low Value/At Risk
17542,270,3,341.7,United Kingdom,2011-03-15 11:45:00,642,2,3,2,232,At Risk,Low Value/At Risk
17543,550,1,120.05,United Kingdom,2010-06-08 12:41:00,550,1,2,1,121,At Risk,Low Value/At Risk
17544,390,3,960.69,United Kingdom,2010-11-14 15:08:00,390,2,3,3,233,At Risk,Low Value/At Risk
17545,43,6,1448.54,United Kingdom,2011-10-27 14:04:00,578,4,4,4,444,Champions,High Value
17547,376,2,727.85,United Kingdom,2010-11-29 09:41:00,665,2,3,3,233,At Risk,Low Value/At Risk
17548,234,4,731.26,United Kingdom,2011-04-20 12:01:00,396,2,4,3,243,At Risk,Low Value/At Risk
17549,24,2,148.86,United Kingdom,2011-11-16 09:59:00,52,4,3,1,431,Potential,High Value
17550,197,9,2547.64,United Kingdom,2011-05-26 14:09:00,670,2,5,4,254,At Risk,Low Value/At Risk
17551,359,1,306.84,United Kingdom,2010-12-15 14:12:00,359,2,2,2,222,Need Attention,Medium Value
17552,60,12,3085.29,United Kingdom,2011-10-10 17:00:00,628,3,5,5,355,Loyal,High Value
17553,130,4,3757.6,United Kingdom,2011-08-02 10:00:00,611,3,4,5,345,Loyal,High Value
17554,1,5,1952.45,United Kingdom,2011-12-08 14:15:00,148,5,4,4,544,Champions,High Value
17555,20,5,1057.74,United Kingdom,2011-11-20 12:22:00,586,4,4,3,443,Loyal,High Value
17556,206,2,300.67,United Kingdom,2011-05-18 10:48:00,379,2,3,2,232,At Risk,Low Value/At Risk
17557,14,4,575.46,United Kingdom,2011-11-25 12:57:00,733,5,4,2,542,Potential,High Value
17558,393,1,259.17,United Kingdom,2010-11-11 14:36:00,393,2,2,1,221,Need Attention,Medium Value
17559,513,1,167.62,United Kingdom,2010-07-15 12:02:00,513,1,2,1,121,At Risk,Low Value/At Risk
17560,95,8,1895.8,United Kingdom,2011-09-06 09:18:00,661,3,5,4,354,Loyal,High Value
17561,19,4,722.34,United Kingdom,2011-11-20 12:53:00,733,4,4,3,443,Loyal,High Value
17562,14,7,1122.38,United Kingdom,2011-11-25 14:21:00,173,5,4,3,543,Loyal,High Value
17563,578,2,392.38,United Kingdom,2010-05-10 14:54:00,612,1,3,2,132,At Risk,Low Value/At Risk
17564,24,3,454.01,United Kingdom,2011-11-15 13:27:00,80,4,3,2,432,Potential,High Value
17565,587,1,131.83,United Kingdom,2010-05-02 11:54:00,587,1,2,1,121,At Risk,Low Value/At Risk
17566,8,2,901.21,United Kingdom,2011-12-01 19:54:00,25,5,3,3,533,Loyal,High Value
17567,7,9,5356.03,United Kingdom,2011-12-02 15:48:00,442,5,5,5,555,Champions,High Value
17568,633,1,382.79,United Kingdom,2010-03-16 16:45:00,633,1,2,2,122,At Risk,Low Value/At Risk
17569,332,1,344.14,United Kingdom,2011-01-11 14:15:00,332,2,2,2,222,Need Attention,Medium Value
17570,382,1,100.0,United Kingdom,2010-11-23 11:56:00,382,2,2,1,221,Need Attention,Medium Value
17571,50,5,1703.75,United Kingdom,2011-10-20 15:57:00,543,4,4,4,444,Champions,High Value
17572,71,10,723.01,United Kingdom,2011-09-29 17:53:00,725,3,5,3,353,Loyal,High Value
17573,29,3,380.6,United Kingdom,2011-11-10 13:01:00,94,4,3,2,432,Potential,High Value
17574,243,1,185.65,United Kingdom,2011-04-11 09:47:00,243,2,2,1,221,Need Attention,Medium Value
17575,667,1,171.7,United Kingdom,2010-02-10 13:48:00,667,1,2,1,121,At Risk,Low Value/At Risk
17576,8,41,9056.81,United Kingdom,2011-12-01 17:56:00,736,5,5,5,555,Champions,High Value
17577,645,2,348.75,United Kingdom,2010-03-04 13:01:00,669,1,3,2,132,At Risk,Low Value/At Risk
17578,218,7,1047.33,United Kingdom,2011-05-05 18:38:00,530,2,4,3,243,At Risk,Low Value/At Risk
17579,5,4,753.28,United Kingdom,2011-12-05 12:28:00,578,5,4,3,543,Loyal,High Value
17580,253,5,545.27,United Kingdom,2011-04-01 12:41:00,422,2,4,2,242,At Risk,Low Value/At Risk
17581,1,43,18757.75,United Kingdom,2011-12-09 12:21:00,737,5,5,5,555,Champions,High Value
17582,236,5,1450.7,United Kingdom,2011-04-17 13:18:00,624,2,4,4,244,At Risk,Low Value/At Risk
17583,560,1,135.95,United Kingdom,2010-05-28 14:24:00,560,1,2,1,121,At Risk,Low Value/At Risk
17584,7,6,5309.42,United Kingdom,2011-12-02 17:12:00,684,5,4,5,545,Champions,High Value
17585,109,7,2093.3,United Kingdom,2011-08-22 13:30:00,478,3,4,4,344,Loyal,High Value
17586,619,1,167.4,United Kingdom,2010-03-30 13:12:00,619,1,2,1,121,At Risk,Low Value/At Risk
17587,628,1,181.66,United Kingdom,2010-03-21 14:16:00,628,1,2,1,121,At Risk,Low Value/At Risk
17588,100,7,2939.55,United Kingdom,2011-08-31 13:37:00,638,3,4,4,344,Loyal,High Value
17589,60,18,14049.87,United Kingdom,2011-10-10 16:58:00,642,3,5,5,355,Loyal,High Value
17590,2,3,1479.22,United Kingdom,2011-12-07 12:55:00,40,5,3,4,534,Loyal,High Value
17591,73,8,2776.67,United Kingdom,2011-09-27 13:42:00,691,3,5,4,354,Loyal,High Value
17592,739,1,148.3,United Kingdom,2009-12-01 10:49:00,739,1,2,1,121,At Risk,Low Value/At Risk
17593,4,11,8095.8,United Kingdom,2011-12-06 10:30:00,735,5,5,5,555,Champions,High Value
17594,85,4,2497.88,United Kingdom,2011-09-15 16:34:00,605,3,4,4,344,Loyal,High Value
17595,12,2,388.79,United Kingdom,2011-11-27 16:08:00,37,5,3,2,532,Potential,High Value
17596,23,13,4920.67,United Kingdom,2011-11-16 14:11:00,724,4,5,5,455,Champions,High Value
17597,214,5,3484.09,United Kingdom,2011-05-10 11:54:00,583,2,4,5,245,At Risk,Low Value/At Risk
17598,381,1,409.98,United Kingdom,2010-11-23 17:43:00,381,2,2,2,222,Need Attention,Medium Value
17599,478,1,52.05,United Kingdom,2010-08-19 12:50:00,478,1,2,1,121,At Risk,Low Value/At Risk
17600,18,1,161.67000000000002,United Kingdom,2011-11-22 09:43:00,18,5,2,1,521,New Customers,Medium Value
17601,239,2,421.48,United Kingdom,2011-04-14 18:02:00,380,2,3,2,232,At Risk,Low Value/At Risk
17602,2,14,7451.13,United Kingdom,2011-12-07 13:53:00,619,5,5,5,555,Champions,High Value
17603,78,4,1793.48,United Kingdom,2011-09-22 14:18:00,730,3,4,4,344,Loyal,High Value
17604,217,6,945.9300000000001,United Kingdom,2011-05-06 13:43:00,682,2,4,3,243,At Risk,Low Value/At Risk
17605,590,1,160.75,United Kingdom,2010-04-28 14:45:00,590,1,2,1,121,At Risk,Low Value/At Risk
17606,737,1,87.30000000000001,United Kingdom,2009-12-02 13:32:00,737,1,2,1,121,At Risk,Low Value/At Risk
17607,376,1,333.81,United Kingdom,2010-11-28 13:11:00,376,2,2,2,222,Need Attention,Medium Value
17608,33,4,498.53,United Kingdom,2011-11-06 13:06:00,607,4,4,2,442,Potential,High Value
17609,41,11,1894.34,United Kingdom,2011-10-30 12:28:00,609,4,5,4,454,Champions,High Value
17610,540,5,1529.49,United Kingdom,2010-06-17 16:34:00,733,1,4,4,144,At Risk,Low Value/At Risk
17611,7,28,8371.98,United Kingdom,2011-12-02 13:29:00,738,5,5,5,555,Champions,High Value
17612,53,18,5394.86,United Kingdom,2011-10-17 14:59:00,723,4,5,5,455,Champions,High Value
17613,23,14,4559.150000000001,United Kingdom,2011-11-17 10:51:00,306,4,5,5,455,Champions,High Value
17614,57,1,390.07,United Kingdom,2011-10-13 16:01:00,57,4,2,2,422,New Customers,Medium Value
17615,130,6,733.2,United Kingdom,2011-08-01 14:06:00,485,3,4,3,343,Loyal,High Value
17616,174,4,1060.8,United Kingdom,2011-06-19 10:11:00,452,3,4,3,343,Loyal,High Value
17617,559,1,395.33,United Kingdom,2010-05-30 12:48:00,559,1,2,2,122,At Risk,Low Value/At Risk
17618,6,11,4073.2400000000002,United Kingdom,2011-12-04 11:50:00,685,5,5,5,555,Champions,High Value
17619,312,1,218.52,United Kingdom,2011-01-31 14:18:00,312,2,2,1,221,Need Attention,Medium Value
17620,60,1,81.44,United Kingdom,2011-10-11 12:08:00,60,3,2,1,321,Need Attention,Medium Value
17621,21,6,3175.12,United Kingdom,2011-11-18 17:11:00,432,4,4,5,445,Champions,High Value
17622,598,2,1130.21,United Kingdom,2010-04-21 12:36:00,598,1,3,3,133,At Risk,Low Value/At Risk
17623,33,7,2383.67,United Kingdom,2011-11-07 11:32:00,725,4,4,4,444,Champions,High Value
17624,15,4,1568.63,United Kingdom,2011-11-25 10:52:00,720,5,4,4,544,Champions,High Value
17625,18,8,6067.8,United Kingdom,2011-11-21 13:36:00,725,5,5,5,555,Champions,High Value
17626,603,1,254.0,United Kingdom,2010-04-16 12:15:00,603,1,2,1,121,At Risk,Low Value/At Risk
17627,479,1,296.36,United Kingdom,2010-08-18 11:27:00,479,1,2,2,122,At Risk,Low Value/At Risk
17628,81,1,75.75,United Kingdom,2011-09-19 15:21:00,81,3,2,1,321,Need Attention,Medium Value
17629,6,10,2455.52,United Kingdom,2011-12-04 10:56:00,421,5,5,4,554,Champions,High Value
17630,170,2,503.59999999999997,United Kingdom,2011-06-23 11:58:00,232,3,3,2,332,Potential,High Value
17631,2,7,998.49,United Kingdom,2011-12-08 09:47:00,730,5,4,3,543,Loyal,High Value
17633,31,7,2057.39,United Kingdom,2011-11-08 13:25:00,389,4,4,4,444,Champions,High Value
17634,36,9,2361.9700000000003,United Kingdom,2011-11-03 13:09:00,338,4,5,4,454,Champions,High Value
17635,424,3,1265.58,United Kingdom,2010-10-11 15:12:00,591,1,3,4,134,At Risk,Low Value/At Risk
17636,19,1,285.56,United Kingdom,2011-11-20 14:40:00,19,4,2,1,421,New Customers,Medium Value
17637,31,2,547.0600000000001,United Kingdom,2011-11-08 12:51:00,115,4,3,2,432,Potential,High Value
17638,647,2,842.4,United Kingdom,2010-03-02 14:32:00,722,1,3,3,133,At Risk,Low Value/At Risk
17639,276,6,615.17,United Kingdom,2011-03-08 15:22:00,484,2,4,2,242,At Risk,Low Value/At Risk
17640,87,6,3168.94,United Kingdom,2011-09-14 09:13:00,627,3,4,5,345,Loyal,High Value
17642,120,5,1824.49,United Kingdom,2011-08-12 09:11:00,734,3,4,4,344,Loyal,High Value
17643,373,2,541.25,United Kingdom,2010-12-01 14:38:00,505,2,3,2,232,At Risk,Low Value/At Risk
17644,1,20,6028.6,United Kingdom,2011-12-08 13:43:00,662,5,5,5,555,Champions,High Value
17646,219,12,4149.79,United Kingdom,2011-05-04 13:17:00,724,2,5,5,255,At Risk,Low Value/At Risk
17647,65,3,331.65999999999997,United Kingdom,2011-10-05 15:38:00,669,3,3,2,332,Potential,High Value
17648,61,5,2216.37,United Kingdom,2011-10-10 09:41:00,385,3,4,4,344,Loyal,High Value
17649,138,3,1578.89,United Kingdom,2011-07-24 15:53:00,472,3,3,4,334,Loyal,High Value
17650,21,1,166.08,United Kingdom,2011-11-18 14:52:00,21,4,2,1,421,New Customers,Medium Value
17651,12,16,5703.52,United Kingdom,2011-11-28 10:29:00,527,5,5,5,555,Champions,High Value
17652,25,12,4867.72,United Kingdom,2011-11-14 12:55:00,281,4,5,5,455,Champions,High Value
17653,37,4,1207.56,United Kingdom,2011-11-03 12:46:00,120,4,4,3,443,Loyal,High Value
17654,277,1,117.55,United Kingdom,2011-03-07 13:17:00,277,2,2,1,221,Need Attention,Medium Value
17655,11,9,3652.48,United Kingdom,2011-11-29 11:34:00,417,5,5,5,555,Champions,High Value
17656,73,5,1674.69,United Kingdom,2011-09-27 13:04:00,129,3,4,4,344,Loyal,High Value
17657,430,1,126.0,United Kingdom,2010-10-05 14:52:00,430,1,2,1,121,At Risk,Low Value/At Risk
17658,26,2,595.42,United Kingdom,2011-11-14 12:07:00,211,4,3,2,432,Potential,High Value
17659,17,14,3834.79,United Kingdom,2011-11-22 13:29:00,386,5,5,5,555,Champions,High Value
17660,141,2,359.47,United Kingdom,2011-07-21 13:37:00,737,3,3,2,332,Potential,High Value
17662,662,2,412.92,United Kingdom,2010-02-16 09:38:00,723,1,3,2,132,At Risk,Low Value/At Risk
17663,26,17,5175.83,United Kingdom,2011-11-14 08:56:00,646,4,5,5,455,Champions,High Value
17664,19,4,1166.23,United Kingdom,2011-11-21 11:29:00,620,4,4,3,443,Loyal,High Value
17665,493,1,563.1,United Kingdom,2010-08-03 13:12:00,493,1,2,2,122,At Risk,Low Value/At Risk
17666,4,5,2047.8,United Kingdom,2011-12-06 09:06:00,528,5,4,4,544,Champions,High Value
17667,66,9,3950.7,United Kingdom,2011-10-04 14:32:00,655,3,5,5,355,Loyal,High Value
17668,1,2,347.75,United Kingdom,2011-12-08 13:25:00,38,5,3,2,532,Potential,High Value
17669,43,10,6142.35,United Kingdom,2011-10-28 08:53:00,617,4,5,5,455,Champions,High Value
17670,228,1,205.7,United Kingdom,2011-04-26 09:12:00,228,2,2,1,221,Need Attention,Medium Value
17671,16,5,2403.34,United Kingdom,2011-11-24 12:21:00,376,5,4,4,544,Champions,High Value
17672,50,7,5778.63,United Kingdom,2011-10-20 14:18:00,682,4,4,5,445,Champions,High Value
17673,2,13,4233.58,United Kingdom,2011-12-08 12:50:00,630,5,5,5,555,Champions,High Value
17674,74,2,851.7,United Kingdom,2011-09-26 13:35:00,369,3,3,3,333,Loyal,High Value
17675,1,70,38259.6,United Kingdom,2011-12-08 18:03:00,729,5,5,5,555,Champions,High Value
17676,4,10,2765.84,United Kingdom,2011-12-05 15:16:00,620,5,5,4,554,Champions,High Value
17677,2,54,36692.91,United Kingdom,2011-12-08 09:56:00,724,5,5,5,555,Champions,High Value
17678,264,2,599.76,United Kingdom,2011-03-21 11:52:00,603,2,3,2,232,At Risk,Low Value/At Risk
17679,53,7,3577.61,United Kingdom,2011-10-18 07:43:00,736,4,4,5,445,Champions,High Value
17680,24,3,497.45,United Kingdom,2011-11-16 12:42:00,511,4,3,2,432,Potential,High Value
17681,597,5,731.2,United Kingdom,2010-04-21 17:22:00,694,1,4,3,143,At Risk,Low Value/At Risk
17682,10,11,4456.78,United Kingdom,2011-11-29 15:59:00,642,5,5,5,555,Champions,High Value
17683,386,3,819.01,United Kingdom,2010-11-19 10:11:00,554,2,3,3,233,At Risk,Low Value/At Risk
17684,44,1,239.41,United Kingdom,2011-10-27 11:10:00,44,4,2,1,421,New Customers,Medium Value
17685,17,12,5943.17,United Kingdom,2011-11-23 11:36:00,666,5,5,5,555,Champions,High Value
17686,7,9,8296.81,United Kingdom,2011-12-02 15:39:00,534,5,5,5,555,Champions,High Value
17687,421,1,432.68,United Kingdom,2010-10-15 12:30:00,421,1,2,2,122,At Risk,Low Value/At Risk
17688,394,1,304.2,United Kingdom,2010-11-11 10:41:00,394,2,2,2,222,Need Attention,Medium Value
17689,388,2,317.08,United Kingdom,2010-11-16 13:22:00,474,2,3,2,232,At Risk,Low Value/At Risk
17690,30,20,7448.1,United Kingdom,2011-11-09 15:17:00,674,4,5,5,455,Champions,High Value
17691,358,4,780.0500000000001,United Kingdom,2010-12-16 17:20:00,547,2,4,3,243,At Risk,Low Value/At Risk
17692,127,12,2975.8,United Kingdom,2011-08-04 14:01:00,541,3,5,5,355,Loyal,High Value
17693,137,1,200.47,United Kingdom,2011-07-25 15:48:00,137,3,2,1,321,Need Attention,Medium Value
17694,142,3,1695.97,United Kingdom,2011-07-21 12:00:00,563,3,3,4,334,Loyal,High Value
17695,132,5,1746.04,United Kingdom,2011-07-31 10:40:00,681,3,4,4,344,Loyal,High Value
17696,38,27,7679.59,United Kingdom,2011-11-01 13:43:00,729,4,5,5,455,Champions,High Value
17697,236,1,338.95,United Kingdom,2011-04-17 15:40:00,236,2,2,2,222,Need Attention,Medium Value
17698,261,1,154.95,United Kingdom,2011-03-24 11:34:00,261,2,2,1,221,Need Attention,Medium Value
17699,477,2,442.0,United Kingdom,2010-08-20 09:39:00,562,1,3,2,132,At Risk,Low Value/At Risk
17700,17,14,6679.97,United Kingdom,2011-11-23 11:51:00,739,5,5,5,555,Champions,High Value
17701,253,1,417.95,United Kingdom,2011-04-01 12:25:00,253,2,2,2,222,Need Attention,Medium Value
17702,30,6,3144.04,United Kingdom,2011-11-09 16:03:00,401,4,4,5,445,Champions,High Value
17703,35,4,1094.84,United Kingdom,2011-11-04 15:51:00,418,4,4,3,443,Loyal,High Value
17704,169,2,885.19,United Kingdom,2011-06-24 09:40:00,240,3,3,3,333,Loyal,High Value
17705,3,11,2083.9,United Kingdom,2011-12-06 13:45:00,577,5,5,4,554,Champions,High Value
17706,4,31,20749.98,United Kingdom,2011-12-05 13:34:00,690,5,5,5,555,Champions,High Value
17707,185,8,609.3000000000001,United Kingdom,2011-06-07 15:03:00,733,3,5,2,352,Potential,High Value
17708,188,4,887.9300000000001,United Kingdom,2011-06-05 10:12:00,424,3,4,3,343,Loyal,High Value
17709,170,5,671.01,United Kingdom,2011-06-23 11:55:00,603,3,4,3,343,Loyal,High Value
17710,424,1,293.5,United Kingdom,2010-10-12 07:49:00,424,1,2,2,122,At Risk,Low Value/At Risk
17711,11,2,385.1,United Kingdom,2011-11-29 11:40:00,290,5,3,2,532,Potential,High Value
17712,45,1,522.91,United Kingdom,2011-10-26 12:28:00,45,4,2,2,422,New Customers,Medium Value
17713,382,4,1198.09,United Kingdom,2010-11-22 16:50:00,549,2,4,3,243,At Risk,Low Value/At Risk
17714,321,5,1410.18,United Kingdom,2011-01-23 10:32:00,514,2,4,4,244,At Risk,Low Value/At Risk
17715,201,2,489.59999999999997,United Kingdom,2011-05-23 12:32:00,593,2,3,2,232,At Risk,Low Value/At Risk
17716,23,24,15956.97,United Kingdom,2011-11-17 12:00:00,737,4,5,5,455,Champions,High Value
17717,421,1,376.92,United Kingdom,2010-10-14 12:54:00,421,1,2,2,122,At Risk,Low Value/At Risk
17718,232,2,439.18,United Kingdom,2011-04-21 13:39:00,645,2,3,2,232,At Risk,Low Value/At Risk
17719,38,15,5396.04,United Kingdom,2011-11-02 10:36:00,256,4,5,5,455,Champions,High Value
17720,26,10,2768.91,United Kingdom,2011-11-13 15:04:00,579,4,5,4,454,Champions,High Value
17721,659,1,307.21000000000004,United Kingdom,2010-02-18 15:18:00,659,1,2,2,122,At Risk,Low Value/At Risk
17722,96,5,4430.36,United Kingdom,2011-09-04 15:22:00,376,3,4,5,345,Loyal,High Value
17723,127,7,3378.4000000000005,United Kingdom,2011-08-04 18:37:00,376,3,4,5,345,Loyal,High Value
17724,71,3,1033.0,United Kingdom,2011-09-29 15:26:00,138,3,3,3,333,Loyal,High Value
17725,16,11,3439.08,United Kingdom,2011-11-23 16:34:00,267,5,5,5,555,Champions,High Value
17726,395,7,1092.06,United Kingdom,2010-11-09 13:37:00,682,2,4,3,243,At Risk,Low Value/At Risk
17727,15,1,1060.25,United Kingdom,2011-11-24 17:06:00,15,5,2,3,523,New Customers,Medium Value
17728,4,5,4238.76,United Kingdom,2011-12-06 08:52:00,453,5,4,5,545,Champions,High Value
17729,596,1,438.65000000000003,United Kingdom,2010-04-22 15:03:00,596,1,2,2,122,At Risk,Low Value/At Risk
17730,3,20,7773.8,United Kingdom,2011-12-06 15:43:00,590,5,5,5,555,Champions,High Value
17731,79,6,1708.99,United Kingdom,2011-09-21 15:02:00,669,3,4,4,344,Loyal,High Value
17732,373,8,2470.39,United Kingdom,2010-12-02 09:29:00,488,2,5,4,254,At Risk,Low Value/At Risk
17733,39,2,692.19,United Kingdom,2011-11-01 08:16:00,262,4,3,3,433,Loyal,High Value
17734,54,6,1442.32,United Kingdom,2011-10-17 12:33:00,642,4,4,4,444,Champions,High Value
17735,2,26,17244.93,United Kingdom,2011-12-07 16:47:00,497,5,5,5,555,Champions,High Value
17736,9,3,377.44,United Kingdom,2011-11-30 15:36:00,113,5,3,2,532,Potential,High Value
17737,9,2,168.24,United Kingdom,2011-11-30 15:16:00,58,5,3,1,531,Potential,High Value
17738,19,13,4183.56,United Kingdom,2011-11-20 15:05:00,631,4,5,5,455,Champions,High Value
17739,12,18,7730.59,United Kingdom,2011-11-28 09:12:00,733,5,5,5,555,Champions,High Value
17740,389,6,426.9,United Kingdom,2010-11-15 16:33:00,697,2,4,2,242,At Risk,Low Value/At Risk
17741,407,2,101.1,United Kingdom,2010-10-29 11:59:00,561,2,3,1,231,At Risk,Low Value/At Risk
17742,113,11,2098.48,United Kingdom,2011-08-18 15:28:00,738,3,5,4,354,Loyal,High Value
17743,448,1,229.2,United Kingdom,2010-09-17 14:54:00,448,1,2,1,121,At Risk,Low Value/At Risk
17744,4,7,2649.14,United Kingdom,2011-12-06 12:11:00,381,5,4,4,544,Champions,High Value
17745,478,2,600.34,United Kingdom,2010-08-19 12:30:00,556,1,3,2,132,At Risk,Low Value/At Risk
17746,240,4,904.1800000000001,United Kingdom,2011-04-13 14:31:00,610,2,4,3,243,At Risk,Low Value/At Risk
17747,113,1,71.4,United Kingdom,2011-08-19 08:13:00,113,3,2,1,321,Need Attention,Medium Value
17748,527,1,358.15,United Kingdom,2010-06-30 13:49:00,527,1,2,2,122,At Risk,Low Value/At Risk
17749,178,3,1026.18,United Kingdom,2011-06-14 15:45:00,546,3,3,3,333,Loyal,High Value
17750,5,9,1797.57,United Kingdom,2011-12-04 14:09:00,164,5,5,4,554,Champions,High Value
17751,421,1,157.85999999999999,United Kingdom,2010-10-14 13:57:00,421,1,2,1,121,At Risk,Low Value/At Risk
17752,359,1,80.64,United Kingdom,2010-12-15 16:19:00,359,2,2,1,221,Need Attention,Medium Value
17753,464,4,390.56,United Kingdom,2010-09-01 15:49:00,702,1,4,2,142,At Risk,Low Value/At Risk
17754,1,13,4577.53,United Kingdom,2011-12-09 11:20:00,728,5,5,5,555,Champions,High Value
17756,376,3,733.7,United Kingdom,2010-11-29 12:20:00,394,2,3,3,233,At Risk,Low Value/At Risk
17757,1,56,9422.45,United Kingdom,2011-12-08 15:31:00,695,5,5,5,555,Champions,High Value
17758,19,12,5012.53,United Kingdom,2011-11-20 14:45:00,568,4,5,5,455,Champions,High Value
17759,17,5,1276.91,United Kingdom,2011-11-22 16:02:00,584,5,4,4,544,Champions,High Value
17760,22,6,918.93,United Kingdom,2011-11-18 10:56:00,650,4,4,3,443,Loyal,High Value
17761,33,1,712.78,United Kingdom,2011-11-07 10:23:00,33,4,2,3,423,New Customers,Medium Value
17762,456,1,129.75,United Kingdom,2010-09-09 17:40:00,456,1,2,1,121,At Risk,Low Value/At Risk
17763,263,4,86.15,United Kingdom,2011-03-21 14:25:00,659,2,4,1,241,At Risk,Low Value/At Risk
17764,51,5,1623.64,United Kingdom,2011-10-20 11:03:00,736,4,4,4,444,Champions,High Value
17765,159,4,530.8,United Kingdom,2011-07-04 12:41:00,449,3,4,2,342,Potential,High Value
17766,381,2,299.61,United Kingdom,2010-11-23 14:29:00,381,2,3,2,232,At Risk,Low Value/At Risk
17767,15,2,413.05,United Kingdom,2011-11-24 14:42:00,410,5,3,2,532,Potential,High Value
17768,8,7,3509.51,United Kingdom,2011-12-01 13:22:00,738,5,4,5,545,Champions,High Value
17769,13,17,7103.08,United Kingdom,2011-11-27 11:18:00,690,5,5,5,555,Champions,High Value
17770,199,5,1143.27,United Kingdom,2011-05-25 12:34:00,282,2,4,3,243,At Risk,Low Value/At Risk
17771,57,4,387.41,United Kingdom,2011-10-14 11:43:00,589,4,4,2,442,Potential,High Value
17772,11,3,384.77,United Kingdom,2011-11-29 11:05:00,393,5,3,2,532,Potential,High Value
17773,514,2,585.27,United Kingdom,2010-07-13 14:07:00,690,1,3,2,132,At Risk,Low Value/At Risk
17774,97,9,3328.05,United Kingdom,2011-09-04 12:49:00,669,3,5,5,355,Loyal,High Value
17775,255,1,56.4,United Kingdom,2011-03-30 10:50:00,255,2,2,1,221,Need Attention,Medium Value
17776,387,2,338.56,United Kingdom,2010-11-18 12:14:00,723,2,3,2,232,At Risk,Low Value/At Risk
17777,25,3,665.86,United Kingdom,2011-11-15 12:02:00,100,4,3,3,433,Loyal,High Value
17778,662,1,197.70000000000002,United Kingdom,2010-02-16 12:44:00,662,1,2,1,121,At Risk,Low Value/At Risk
17779,21,3,658.57,United Kingdom,2011-11-18 14:15:00,144,4,3,3,433,Loyal,High Value
17780,667,3,352.91,United Kingdom,2010-02-10 13:43:00,685,1,3,2,132,At Risk,Low Value/At Risk
17781,159,2,188.02,United Kingdom,2011-07-03 16:00:00,253,3,3,1,331,Potential,High Value
17782,383,2,679.02,United Kingdom,2010-11-22 11:15:00,383,2,3,3,233,At Risk,Low Value/At Risk
17783,72,3,379.91,United Kingdom,2011-09-28 16:07:00,513,3,3,2,332,Potential,High Value
17784,550,1,112.86,United Kingdom,2010-06-07 16:08:00,550,1,2,1,121,At Risk,Low Value/At Risk
17785,53,3,403.38,United Kingdom,2011-10-17 13:43:00,565,4,3,2,432,Potential,High Value
17786,85,2,278.74,United Kingdom,2011-09-15 12:51:00,317,3,3,1,331,Potential,High Value
17787,153,4,2601.4700000000003,United Kingdom,2011-07-10 11:24:00,371,3,4,4,344,Loyal,High Value
17788,74,2,1117.9,United Kingdom,2011-09-27 10:09:00,130,3,3,3,333,Loyal,High Value
17789,281,2,397.15,United Kingdom,2011-03-03 13:14:00,661,2,3,2,232,At Risk,Low Value/At Risk
17790,27,20,2783.61,United Kingdom,2011-11-13 11:30:00,544,4,5,4,454,Champions,High Value
17791,30,1,106.1,United Kingdom,2011-11-10 12:09:00,30,4,2,1,421,New Customers,Medium Value
17792,467,2,370.05,United Kingdom,2010-08-29 14:30:00,478,1,3,2,132,At Risk,Low Value/At Risk
17793,25,1,323.04,United Kingdom,2011-11-14 14:24:00,25,4,2,2,422,New Customers,Medium Value
17794,687,2,147.3,United Kingdom,2010-01-22 10:18:00,689,1,3,1,131,At Risk,Low Value/At Risk
17795,180,2,350.39,United Kingdom,2011-06-13 12:36:00,265,3,3,2,332,Potential,High Value
17796,40,7,1361.99,United Kingdom,2011-10-30 15:38:00,421,4,4,4,444,Champions,High Value
17797,22,8,1985.87,United Kingdom,2011-11-17 13:21:00,724,4,5,4,454,Champions,High Value
17798,582,1,183.09,United Kingdom,2010-05-07 11:42:00,582,1,2,1,121,At Risk,Low Value/At Risk
17799,22,20,6341.89,United Kingdom,2011-11-17 15:16:00,726,4,5,5,455,Champions,High Value
17800,37,9,1199.01,United Kingdom,2011-11-02 12:57:00,334,4,5,3,453,Loyal,High Value
17801,451,3,798.3299999999999,United Kingdom,2010-09-14 14:32:00,692,1,3,3,133,At Risk,Low Value/At Risk
17802,82,10,5053.12,United Kingdom,2011-09-18 14:56:00,726,3,5,5,355,Loyal,High Value
17803,392,1,184.66,United Kingdom,2010-11-12 13:53:00,392,2,2,1,221,Need Attention,Medium Value
17804,376,3,385.23,United Kingdom,2010-11-28 14:01:00,739,2,3,2,232,At Risk,Low Value/At Risk
17805,74,2,927.03,United Kingdom,2011-09-27 11:49:00,610,3,3,3,333,Loyal,High Value
17806,11,1,546.04,United Kingdom,2011-11-28 14:12:00,11,5,2,2,522,New Customers,Medium Value
17807,395,3,437.87,United Kingdom,2010-11-09 16:21:00,704,2,3,2,232,At Risk,Low Value/At Risk
17808,549,4,262.64,United Kingdom,2010-06-09 10:44:00,581,1,4,1,141,At Risk,Low Value/At Risk
17809,16,20,11337.39,United Kingdom,2011-11-23 12:59:00,737,5,5,5,555,Champions,High Value
17810,669,2,374.81,United Kingdom,2010-02-09 10:47:00,684,1,3,2,132,At Risk,Low Value/At Risk
17811,4,47,9609.8,United Kingdom,2011-12-05 13:46:00,446,5,5,5,555,Champions,High Value
17812,13,7,1165.8899999999999,United Kingdom,2011-11-27 11:47:00,530,5,4,3,543,Loyal,High Value
17813,14,5,1770.8799999999999,United Kingdom,2011-11-25 16:13:00,71,5,4,4,544,Champions,High Value
17814,375,2,1617.32,United Kingdom,2010-11-29 14:21:00,422,2,3,4,234,At Risk,Low Value/At Risk
17815,393,1,591.96,United Kingdom,2010-11-11 14:39:00,393,2,2,2,222,Need Attention,Medium Value
17816,37,6,112.32,United Kingdom,2011-11-03 11:34:00,724,4,4,1,441,Potential,High Value
17817,4,6,807.85,United Kingdom,2011-12-05 14:39:00,422,5,4,3,543,Loyal,High Value
17818,738,1,130.18,United Kingdom,2009-12-02 11:34:00,738,1,2,1,121,At Risk,Low Value/At Risk
17819,72,12,6612.5199999999995,United Kingdom,2011-09-29 10:52:00,726,3,5,5,355,Loyal,High Value
17820,374,1,183.56,United Kingdom,2010-11-30 17:43:00,374,2,2,1,221,Need Attention,Medium Value
17821,406,1,334.62,United Kingdom,2010-10-29 13:20:00,406,2,2,2,222,Need Attention,Medium Value
17822,420,5,2188.5,United Kingdom,2010-10-15 13:47:00,561,1,4,4,144,At Risk,Low Value/At Risk
17823,421,2,494.25,United Kingdom,2010-10-14 16:24:00,421,1,3,2,132,At Risk,Low Value/At Risk
17824,51,1,298.4,United Kingdom,2011-10-19 14:14:00,51,4,2,2,422,New Customers,Medium Value
17825,599,4,731.96,United Kingdom,2010-04-20 12:01:00,726,1,4,3,143,At Risk,Low Value/At Risk
17826,374,1,134.59,United Kingdom,2010-11-30 13:23:00,374,2,2,1,221,Need Attention,Medium Value
17827,5,6,2388.05,United Kingdom,2011-12-04 15:00:00,622,5,4,4,544,Champions,High Value
17828,23,4,1820.09,Malta,2011-11-17 08:41:00,185,4,4,4,444,Champions,High Value
17829,299,5,4756.74,United Arab Emirates,2011-02-14 12:46:00,655,2,4,5,245,At Risk,Low Value/At Risk
17830,2,3,398.7,United Kingdom,2011-12-08 12:28:00,289,5,3,2,532,Potential,High Value
17831,33,1,35.400000000000006,United Kingdom,2011-11-06 15:09:00,33,4,2,1,421,New Customers,Medium Value
17832,50,1,155.37,United Kingdom,2011-10-21 11:43:00,50,4,2,1,421,New Customers,Medium Value
17833,723,1,342.36,United Kingdom,2009-12-16 13:40:00,723,1,2,2,122,At Risk,Low Value/At Risk
17834,415,2,730.47,United Kingdom,2010-10-21 12:09:00,445,1,3,3,133,At Risk,Low Value/At Risk
17835,3,3,350.64,United Kingdom,2011-12-07 11:48:00,23,5,3,2,532,Potential,High Value
17836,47,1,110.21000000000001,United Kingdom,2011-10-23 16:13:00,47,4,2,1,421,New Customers,Medium Value
17837,42,8,1593.38,United Kingdom,2011-10-28 16:13:00,163,4,5,4,454,Champions,High Value
17838,27,13,6722.900000000001,United Kingdom,2011-11-13 11:20:00,631,4,5,5,455,Champions,High Value
17839,42,1,338.8,United Kingdom,2011-10-28 17:27:00,42,4,2,2,422,New Customers,Medium Value
17840,444,1,185.72,United Kingdom,2010-09-22 12:24:00,444,1,2,1,121,At Risk,Low Value/At Risk
17841,2,211,70884.07,United Kingdom,2011-12-08 12:07:00,737,5,5,5,555,Champions,High Value
17842,602,1,430.69,United Kingdom,2010-04-16 14:23:00,602,1,2,2,122,At Risk,Low Value/At Risk
17843,303,2,326.23,United Kingdom,2011-02-09 15:33:00,412,2,3,2,232,At Risk,Low Value/At Risk
17844,107,1,51.559999999999995,Canada,2011-08-25 11:27:00,107,3,2,1,321,Need Attention,Medium Value
17845,555,4,598.19,United Kingdom,2010-06-02 15:20:00,576,1,4,2,142,At Risk,Low Value/At Risk
17846,85,1,2033.1,United Kingdom,2011-09-15 15:20:00,85,3,2,4,324,Need Attention,Medium Value
17847,516,2,129.69,United Kingdom,2010-07-12 10:00:00,645,1,3,1,131,At Risk,Low Value/At Risk
17848,81,30,3650.9,United Kingdom,2011-09-19 16:49:00,733,3,5,5,355,Loyal,High Value
17849,218,8,1063.76,United Kingdom,2011-05-05 13:46:00,635,2,5,3,253,At Risk,Low Value/At Risk
17850,372,155,56600.08,United Kingdom,2010-12-02 15:27:00,735,2,5,5,255,At Risk,Low Value/At Risk
17851,422,6,1563.34,United Kingdom,2010-10-13 15:13:00,736,1,4,4,144,At Risk,Low Value/At Risk
17852,12,5,663.21,United Kingdom,2011-11-28 12:36:00,731,5,4,3,543,Loyal,High Value
17853,407,3,1608.19,United Kingdom,2010-10-28 15:29:00,736,2,3,4,234,At Risk,Low Value/At Risk
17854,185,6,1071.45,United Kingdom,2011-06-07 16:21:00,732,3,4,3,343,Loyal,High Value
17855,373,1,417.94,United Kingdom,2010-12-02 09:44:00,373,2,2,2,222,Need Attention,Medium Value
17856,2,4,1418.03,United Kingdom,2011-12-08 09:40:00,282,5,4,4,544,Champions,High Value
17857,4,24,28682.24,United Kingdom,2011-12-05 13:13:00,642,5,5,5,555,Champions,High Value
17858,6,30,12797.65,United Kingdom,2011-12-04 11:56:00,733,5,5,5,555,Champions,High Value
17859,305,1,148.21,United Kingdom,2011-02-08 10:32:00,305,2,2,1,221,Need Attention,Medium Value
17860,369,4,1015.54,United Kingdom,2010-12-06 12:41:00,728,2,4,3,243,At Risk,Low Value/At Risk
17861,3,18,5127.69,United Kingdom,2011-12-06 16:21:00,730,5,5,5,555,Champions,High Value
17862,324,4,1279.09,United Kingdom,2011-01-20 12:23:00,563,2,4,4,244,At Risk,Low Value/At Risk
17863,59,12,5745.2,United Kingdom,2011-10-11 13:45:00,653,3,5,5,355,Loyal,High Value
17864,13,5,924.32,United Kingdom,2011-11-27 11:15:00,428,5,4,3,543,Loyal,High Value
17865,31,46,26374.39,United Kingdom,2011-11-09 12:08:00,739,4,5,5,455,Champions,High Value
17866,143,3,1134.95,United Kingdom,2011-07-20 11:07:00,725,3,3,3,333,Loyal,High Value
17867,30,15,1621.2800000000002,United Kingdom,2011-11-09 14:15:00,737,4,5,4,454,Champions,High Value
17868,386,1,234.65,United Kingdom,2010-11-18 18:55:00,386,2,2,1,221,Need Attention,Medium Value
17869,107,7,1036.16,United Kingdom,2011-08-24 16:16:00,547,3,4,3,343,Loyal,High Value
17870,2,13,3108.15,United Kingdom,2011-12-07 15:07:00,382,5,5,5,555,Champions,High Value
17871,205,5,1118.99,United Kingdom,2011-05-19 11:32:00,693,2,4,3,243,At Risk,Low Value/At Risk
17872,382,1,235.87,United Kingdom,2010-11-23 12:02:00,382,2,2,1,221,Need Attention,Medium Value
17873,80,18,6515.88,United Kingdom,2011-09-20 16:41:00,723,3,5,5,355,Loyal,High Value
17874,185,6,683.46,United Kingdom,2011-06-07 12:54:00,256,3,4,3,343,Loyal,High Value
17875,688,1,167.1,United Kingdom,2010-01-20 15:30:00,688,1,2,1,121,At Risk,Low Value/At Risk
17876,400,3,3424.02,United Kingdom,2010-11-05 10:52:00,675,2,3,5,235,At Risk,Low Value/At Risk
17877,170,1,237.61,United Kingdom,2011-06-22 13:00:00,170,3,2,1,321,Need Attention,Medium Value
17878,44,3,1412.33,United Kingdom,2011-10-27 11:24:00,395,4,3,4,434,Loyal,High Value
17879,174,1,178.51999999999998,United Kingdom,2011-06-19 12:36:00,174,3,2,1,321,Need Attention,Medium Value
17880,365,3,824.9200000000001,United Kingdom,2010-12-10 10:21:00,730,2,3,3,233,At Risk,Low Value/At Risk
17881,304,1,133.35000000000002,United Kingdom,2011-02-08 17:16:00,304,2,2,1,221,Need Attention,Medium Value
17882,379,2,313.46,United Kingdom,2010-11-25 14:40:00,379,2,3,2,232,At Risk,Low Value/At Risk
17883,3,7,995.85,United Kingdom,2011-12-06 17:49:00,652,5,4,3,543,Loyal,High Value
17884,4,20,3072.89,United Kingdom,2011-12-06 11:33:00,735,5,5,5,555,Champions,High Value
17885,12,1,190.19,United Kingdom,2011-11-27 14:40:00,12,5,2,1,521,New Customers,Medium Value
17886,32,6,1608.38,United Kingdom,2011-11-08 10:09:00,590,4,4,4,444,Champions,High Value
17887,129,1,111.35,United Kingdom,2011-08-02 17:29:00,129,3,2,1,321,Need Attention,Medium Value
17888,21,25,1820.44,United Kingdom,2011-11-18 13:45:00,718,4,5,4,454,Champions,High Value
17889,212,7,774.87,United Kingdom,2011-05-11 16:26:00,619,2,4,3,243,At Risk,Low Value/At Risk
17890,323,2,602.09,United Kingdom,2011-01-21 11:19:00,361,2,3,2,232,At Risk,Low Value/At Risk
17891,162,1,203.85999999999999,United Kingdom,2011-06-30 20:08:00,162,3,2,1,321,Need Attention,Medium Value
17892,56,3,244.1,United Kingdom,2011-10-14 16:49:00,155,4,3,1,431,Potential,High Value
17893,225,1,112.25,United Kingdom,2011-04-28 13:50:00,225,2,2,1,221,Need Attention,Medium Value
17894,72,18,2453.38,United Kingdom,2011-09-29 09:23:00,469,3,5,4,354,Loyal,High Value
17895,44,1,98.0,United Kingdom,2011-10-26 17:00:00,44,4,2,1,421,New Customers,Medium Value
17896,23,1,256.32,United Kingdom,2011-11-16 13:59:00,23,4,2,1,421,New Customers,Medium Value
17897,173,9,2585.0,United Kingdom,2011-06-20 11:23:00,576,3,5,4,354,Loyal,High Value
17898,85,4,299.18,United Kingdom,2011-09-15 14:56:00,567,3,4,2,342,Potential,High Value
17899,159,1,155.8,United Kingdom,2011-07-03 14:58:00,159,3,2,1,321,Need Attention,Medium Value
17900,190,2,112.19999999999999,United Kingdom,2011-06-02 14:38:00,190,2,3,1,231,At Risk,Low Value/At Risk
17901,29,3,260.08,United Kingdom,2011-11-10 17:29:00,522,4,3,1,431,Potential,High Value
17902,547,1,216.39999999999998,United Kingdom,2010-06-11 12:25:00,547,1,2,1,121,At Risk,Low Value/At Risk
17903,394,1,381.09000000000003,United Kingdom,2010-11-10 15:39:00,394,2,2,2,222,Need Attention,Medium Value
17904,21,1,191.67,United Kingdom,2011-11-18 12:57:00,21,4,2,1,421,New Customers,Medium Value
17905,71,13,2383.52,United Kingdom,2011-09-29 17:33:00,680,3,5,4,354,Loyal,High Value
17906,247,1,72.9,United Kingdom,2011-04-06 17:25:00,247,2,2,1,221,Need Attention,Medium Value
17907,641,1,291.76,United Kingdom,2010-03-09 12:33:00,641,1,2,2,122,At Risk,Low Value/At Risk
17908,374,5,1411.54,United Kingdom,2010-12-01 11:45:00,726,2,4,4,244,At Risk,Low Value/At Risk
17909,737,1,132.55,United Kingdom,2009-12-02 13:10:00,737,1,2,1,121,At Risk,Low Value/At Risk
17910,726,1,261.7,United Kingdom,2009-12-13 16:04:00,726,1,2,1,121,At Risk,Low Value/At Risk
17911,9,1,366.23,United Kingdom,2011-11-30 14:52:00,9,5,2,2,522,New Customers,Medium Value
17912,310,6,375.5,United Kingdom,2011-02-02 14:25:00,375,2,4,2,242,At Risk,Low Value/At Risk
17913,59,14,3479.64,United Kingdom,2011-10-12 10:45:00,736,3,5,5,355,Loyal,High Value
17914,4,1,336.43,United Kingdom,2011-12-06 11:58:00,4,5,2,2,522,New Customers,Medium Value
17915,551,1,242.13,United Kingdom,2010-06-06 13:22:00,551,1,2,1,121,At Risk,Low Value/At Risk
17916,629,2,43.87,United Kingdom,2010-03-21 12:26:00,733,1,3,1,131,At Risk,Low Value/At Risk
17917,45,3,341.28,United Kingdom,2011-10-25 13:20:00,363,4,3,2,432,Potential,High Value
17918,501,3,396.39,United Kingdom,2010-07-27 11:51:00,505,1,3,2,132,At Risk,Low Value/At Risk
17919,88,2,1840.32,United Kingdom,2011-09-12 13:41:00,439,3,3,4,334,Loyal,High Value
17920,4,54,24516.46,United Kingdom,2011-12-05 14:29:00,734,5,5,5,555,Champions,High Value
17921,64,10,2423.5,United Kingdom,2011-10-06 18:56:00,512,3,5,4,354,Loyal,High Value
17922,543,1,170.4,United Kingdom,2010-06-14 16:32:00,543,1,2,1,121,At Risk,Low Value/At Risk
17923,282,3,497.0,United Kingdom,2011-03-02 15:15:00,544,2,3,2,232,At Risk,Low Value/At Risk
17924,12,8,3536.7000000000003,United Kingdom,2011-11-28 09:11:00,415,5,5,5,555,Champions,High Value
17925,373,1,488.16,United Kingdom,2010-12-02 10:10:00,373,2,2,2,222,Need Attention,Medium Value
17926,133,5,1035.49,United Kingdom,2011-07-29 14:39:00,579,3,4,3,343,Loyal,High Value
17927,722,1,294.0,United Kingdom,2009-12-18 11:03:00,722,1,2,2,122,At Risk,Low Value/At Risk
17928,45,3,341.24,United Kingdom,2011-10-25 13:52:00,571,4,3,2,432,Potential,High Value
17929,11,12,3082.1,United Kingdom,2011-11-28 16:01:00,731,5,5,5,555,Champions,High Value
17930,36,13,4275.22,United Kingdom,2011-11-04 10:23:00,646,4,5,5,455,Champions,High Value
17931,134,14,3437.29,United Kingdom,2011-07-28 18:33:00,661,3,5,5,355,Loyal,High Value
17932,29,3,1331.57,United Kingdom,2011-11-10 19:49:00,211,4,3,4,434,Loyal,High Value
17933,632,1,114.69,United Kingdom,2010-03-17 15:11:00,632,1,2,1,121,At Risk,Low Value/At Risk
17934,52,3,1049.15,United Kingdom,2011-10-19 11:16:00,407,4,3,3,433,Loyal,High Value
17935,138,7,686.14,United Kingdom,2011-07-24 13:18:00,735,3,4,3,343,Loyal,High Value
17936,5,1,389.84,United Kingdom,2011-12-04 13:32:00,5,5,2,2,522,New Customers,Medium Value
17937,9,7,4301.22,United Kingdom,2011-12-01 11:45:00,362,5,4,5,545,Champions,High Value
17938,420,1,144.29,United Kingdom,2010-10-15 14:27:00,420,1,2,1,121,At Risk,Low Value/At Risk
17939,160,1,99.14,United Kingdom,2011-07-03 12:27:00,160,3,2,1,321,Need Attention,Medium Value
17940,49,16,30393.19,United Kingdom,2011-10-21 13:27:00,737,4,5,5,455,Champions,High Value
17941,131,4,1433.28,United Kingdom,2011-08-01 08:30:00,702,3,4,4,344,Loyal,High Value
17942,8,1,77.50000000000001,United Kingdom,2011-12-02 10:45:00,8,5,2,1,521,New Customers,Medium Value
17944,423,1,75.41,United Kingdom,2010-10-12 16:25:00,423,1,2,1,121,At Risk,Low Value/At Risk
17945,697,3,360.35,United Kingdom,2010-01-12 11:40:00,697,1,3,2,132,At Risk,Low Value/At Risk
17946,233,2,149.57999999999998,United Kingdom,2011-04-20 17:00:00,259,2,3,1,231,At Risk,Low Value/At Risk
17947,37,1,176.68,United Kingdom,2011-11-02 13:05:00,37,4,2,1,421,New Customers,Medium Value
17948,147,1,358.56000000000006,United Kingdom,2011-07-15 12:58:00,147,3,2,2,322,Need Attention,Medium Value
17949,1,118,118628.08,United Kingdom,2011-12-08 18:46:00,738,5,5,5,555,Champions,High Value
17950,72,7,1432.81,United Kingdom,2011-09-28 15:18:00,704,3,4,4,344,Loyal,High Value
17951,40,4,1636.0800000000002,United Kingdom,2011-10-31 12:30:00,404,4,4,4,444,Champions,High Value
17952,378,4,819.61,United Kingdom,2010-11-26 13:54:00,542,2,4,3,243,At Risk,Low Value/At Risk
17953,540,1,160.82,United Kingdom,2010-06-17 15:08:00,540,1,2,1,121,At Risk,Low Value/At Risk
17954,5,19,3966.05,United Kingdom,2011-12-04 14:15:00,730,5,5,5,555,Champions,High Value
17955,199,6,949.9,United Kingdom,2011-05-25 12:00:00,665,2,4,3,243,At Risk,Low Value/At Risk
17956,249,1,12.75,United Kingdom,2011-04-04 13:47:00,249,2,2,1,221,Need Attention,Medium Value
17957,66,1,111.68,United Kingdom,2011-10-04 14:58:00,66,3,2,1,321,Need Attention,Medium Value
17958,117,2,973.88,United Kingdom,2011-08-15 12:19:00,728,3,3,3,333,Loyal,High Value
17959,592,1,140.75,United Kingdom,2010-04-26 14:12:00,592,1,2,1,121,At Risk,Low Value/At Risk
17960,171,3,135.08,United Kingdom,2011-06-21 14:15:00,642,3,3,1,331,Potential,High Value
17961,21,100,2995.54,United Kingdom,2011-11-18 16:55:00,738,4,5,5,455,Champions,High Value
17962,142,4,687.42,United Kingdom,2011-07-20 14:16:00,695,3,4,3,343,Loyal,High Value
17963,471,4,651.51,United Kingdom,2010-08-25 15:58:00,689,1,4,3,143,At Risk,Low Value/At Risk
17964,32,2,733.46,United Kingdom,2011-11-08 10:44:00,372,4,3,3,433,Loyal,High Value
17965,38,29,7240.9800000000005,United Kingdom,2011-11-02 09:31:00,725,4,5,5,455,Champions,High Value
17966,38,10,1974.42,United Kingdom,2011-11-02 10:26:00,690,4,5,4,454,Champions,High Value
17967,372,2,357.28999999999996,United Kingdom,2010-12-03 11:19:00,416,2,3,2,232,At Risk,Low Value/At Risk
17968,374,4,888.04,United Kingdom,2010-12-01 12:23:00,512,2,4,3,243,At Risk,Low Value/At Risk
17969,166,20,2369.94,United Kingdom,2011-06-26 13:00:00,733,3,5,4,354,Loyal,High Value
17970,211,1,582.59,United Kingdom,2011-05-12 20:03:00,211,2,2,2,222,Need Attention,Medium Value
17971,548,1,161.94,United Kingdom,2010-06-09 14:04:00,548,1,2,1,121,At Risk,Low Value/At Risk
17972,242,1,136.04,United Kingdom,2011-04-12 12:16:00,242,2,2,1,221,Need Attention,Medium Value
17973,52,1,337.04,United Kingdom,2011-10-19 10:34:00,52,4,2,2,422,New Customers,Medium Value
17974,25,6,1858.06,United Kingdom,2011-11-15 11:37:00,407,4,4,4,444,Champions,High Value
17975,15,24,7028.83,United Kingdom,2011-11-24 13:27:00,491,5,5,5,555,Champions,High Value
17976,372,1,706.38,United Kingdom,2010-12-02 13:49:00,372,2,2,3,223,Need Attention,Medium Value
17977,29,2,1565.6299999999999,United Kingdom,2011-11-10 13:28:00,400,4,3,4,434,Loyal,High Value
17978,365,4,1461.76,United Kingdom,2010-12-09 14:05:00,731,2,4,4,244,At Risk,Low Value/At Risk
17979,36,4,757.71,United Kingdom,2011-11-04 12:05:00,260,4,4,3,443,Loyal,High Value
17980,166,4,1033.42,United Kingdom,2011-06-27 12:01:00,393,3,4,3,343,Loyal,High Value
17981,411,1,239.12,United Kingdom,2010-10-25 10:40:00,411,1,2,1,121,At Risk,Low Value/At Risk
17982,681,1,138.18,United Kingdom,2010-01-28 09:38:00,681,1,2,1,121,At Risk,Low Value/At Risk
17983,395,1,171.71,United Kingdom,2010-11-09 13:24:00,395,2,2,1,221,Need Attention,Medium Value
17984,145,5,1191.27,United Kingdom,2011-07-17 15:59:00,739,3,4,3,343,Loyal,High Value
17985,22,1,634.95,United Kingdom,2011-11-17 14:24:00,22,4,2,3,423,New Customers,Medium Value
17986,56,1,20.8,United Kingdom,2011-10-14 14:22:00,56,4,2,1,421,New Customers,Medium Value
17987,185,5,1003.64,United Kingdom,2011-06-07 14:22:00,551,3,4,3,343,Loyal,High Value
17988,12,14,489.54,United Kingdom,2011-11-28 11:00:00,732,5,5,2,552,Potential,High Value
17989,379,1,228.82999999999998,United Kingdom,2010-11-25 13:49:00,379,2,2,1,221,Need Attention,Medium Value
17990,237,6,1527.6100000000001,United Kingdom,2011-04-17 11:44:00,732,2,4,4,244,At Risk,Low Value/At Risk
17991,225,3,320.55,United Kingdom,2011-04-28 15:58:00,592,2,3,2,232,At Risk,Low Value/At Risk
17992,389,1,254.13,United Kingdom,2010-11-15 13:04:00,389,2,2,1,221,Need Attention,Medium Value
17993,617,1,235.19,United Kingdom,2010-04-01 14:23:00,617,1,2,1,121,At Risk,Low Value/At Risk
17994,122,11,2313.32,United Kingdom,2011-08-10 11:41:00,621,3,5,4,354,Loyal,High Value
17995,282,3,495.48,United Kingdom,2011-03-03 12:30:00,387,2,3,2,232,At Risk,Low Value/At Risk
17996,380,3,482.33,United Kingdom,2010-11-25 11:00:00,547,2,3,2,232,At Risk,Low Value/At Risk
17997,74,8,1970.6699999999998,United Kingdom,2011-09-26 16:13:00,164,3,5,4,354,Loyal,High Value
17998,380,3,639.24,United Kingdom,2010-11-24 15:31:00,738,2,3,3,233,At Risk,Low Value/At Risk
17999,37,3,730.9,United Kingdom,2011-11-02 15:56:00,378,4,3,3,433,Loyal,High Value
18000,564,1,124.25,United Kingdom,2010-05-24 17:34:00,564,1,2,1,121,At Risk,Low Value/At Risk
18001,12,6,953.84,United Kingdom,2011-11-27 16:02:00,737,5,4,3,543,Loyal,High Value
18002,376,4,249.92,United Kingdom,2010-11-29 10:57:00,732,2,4,1,241,At Risk,Low Value/At Risk
18003,376,1,358.61,United Kingdom,2010-11-28 15:09:00,376,2,2,2,222,Need Attention,Medium Value
18004,362,1,169.47,United Kingdom,2010-12-12 13:47:00,362,2,2,1,221,Need Attention,Medium Value
18005,4,2,249.72,United Kingdom,2011-12-06 11:51:00,47,5,3,1,531,Potential,High Value
18006,23,4,997.86,United Kingdom,2011-11-16 16:52:00,723,4,4,3,443,Loyal,High Value
18007,393,1,220.32,United Kingdom,2010-11-12 11:08:00,393,2,2,1,221,Need Attention,Medium Value
18008,70,23,19787.13,United Kingdom,2011-09-30 15:17:00,703,3,5,5,355,Loyal,High Value
18009,235,8,2155.83,United Kingdom,2011-04-18 13:36:00,653,2,5,4,254,At Risk,Low Value/At Risk
18010,257,1,174.8,United Kingdom,2011-03-28 12:27:00,257,2,2,1,221,Need Attention,Medium Value
18011,373,2,527.03,United Kingdom,2010-12-01 17:35:00,567,2,3,2,232,At Risk,Low Value/At Risk
18012,723,1,115.3,United Kingdom,2009-12-16 13:16:00,723,1,2,1,121,At Risk,Low Value/At Risk
18013,155,2,187.29,United Kingdom,2011-07-07 14:11:00,155,3,3,1,331,Potential,High Value
18014,28,1,166.42,United Kingdom,2011-11-11 15:28:00,28,4,2,1,421,New Customers,Medium Value
18015,4,1,120.03,United Kingdom,2011-12-05 14:49:00,4,5,2,1,521,New Customers,Medium Value
18016,32,7,1960.46,United Kingdom,2011-11-07 13:25:00,681,4,4,4,444,Champions,High Value
18017,81,4,688.0,United Kingdom,2011-09-19 16:15:00,431,3,4,3,343,Loyal,High Value
18018,108,4,297.99,United Kingdom,2011-08-23 17:37:00,421,3,4,2,342,Potential,High Value
18019,52,1,38.45,United Kingdom,2011-10-19 12:10:00,52,4,2,1,421,New Customers,Medium Value
18020,544,1,190.48000000000002,United Kingdom,2010-06-14 12:31:00,544,1,2,1,121,At Risk,Low Value/At Risk
18021,510,2,227.06,United Kingdom,2010-07-18 10:52:00,512,1,3,1,131,At Risk,Low Value/At Risk
18022,36,5,1651.79,United Kingdom,2011-11-04 12:45:00,546,4,4,4,444,Champions,High Value
18024,153,2,389.78,United Kingdom,2011-07-10 12:40:00,153,3,3,2,332,Potential,High Value
18025,380,6,1177.72,United Kingdom,2010-11-25 12:37:00,619,2,4,3,243,At Risk,Low Value/At Risk
18026,501,2,2074.07,United Kingdom,2010-07-27 10:37:00,505,1,3,4,134,At Risk,Low Value/At Risk
18027,99,1,115.31,United Kingdom,2011-09-02 10:38:00,99,3,2,1,321,Need Attention,Medium Value
18028,583,1,192.05,United Kingdom,2010-05-05 13:28:00,583,1,2,1,121,At Risk,Low Value/At Risk
18029,642,1,433.77,United Kingdom,2010-03-07 15:30:00,642,1,2,2,122,At Risk,Low Value/At Risk
18030,4,2,230.64999999999998,United Kingdom,2011-12-05 16:37:00,42,5,3,1,531,Potential,High Value
18031,379,1,462.09999999999997,United Kingdom,2010-11-26 11:00:00,379,2,2,2,222,Need Attention,Medium Value
18032,334,1,73.5,United Kingdom,2011-01-09 15:32:00,334,2,2,1,221,Need Attention,Medium Value
18033,65,1,97.97,United Kingdom,2011-10-05 17:28:00,65,3,2,1,321,Need Attention,Medium Value
18034,22,3,793.7,United Kingdom,2011-11-18 12:22:00,376,4,3,3,433,Loyal,High Value
18035,36,5,1276.74,United Kingdom,2011-11-04 12:39:00,385,4,4,4,444,Champions,High Value
18036,32,11,1563.6399999999999,United Kingdom,2011-11-07 14:40:00,722,4,5,4,454,Champions,High Value
18037,154,15,167.42,United Kingdom,2011-07-08 13:39:00,738,3,5,1,351,Potential,High Value
18038,556,1,149.41,United Kingdom,2010-06-01 15:59:00,556,1,2,1,121,At Risk,Low Value/At Risk
18039,374,4,579.17,United Kingdom,2010-11-30 13:07:00,641,2,4,2,242,At Risk,Low Value/At Risk
18040,19,2,357.20000000000005,United Kingdom,2011-11-20 14:20:00,246,4,3,2,432,Potential,High Value
18041,12,38,8752.38,United Kingdom,2011-11-28 11:39:00,695,5,5,5,555,Champions,High Value
18042,54,2,281.15,United Kingdom,2011-10-17 11:49:00,542,4,3,1,431,Potential,High Value
18043,25,3,875.97,United Kingdom,2011-11-15 12:48:00,367,4,3,3,433,Loyal,High Value
18044,4,18,3505.61,United Kingdom,2011-12-05 14:26:00,560,5,5,5,555,Champions,High Value
18045,45,1,189.4,United Kingdom,2011-10-25 13:07:00,45,4,2,1,421,New Customers,Medium Value
18046,650,1,189.63,United Kingdom,2010-02-28 11:36:00,650,1,2,1,121,At Risk,Low Value/At Risk
18047,381,2,342.69,United Kingdom,2010-11-23 13:11:00,381,2,3,2,232,At Risk,Low Value/At Risk
18048,203,3,401.73,United Kingdom,2011-05-20 14:58:00,493,2,3,2,232,At Risk,Low Value/At Risk
18049,437,2,556.52,United Kingdom,2010-09-28 14:26:00,590,1,3,2,132,At Risk,Low Value/At Risk
18050,359,2,412.06,United Kingdom,2010-12-15 14:25:00,393,2,3,2,232,At Risk,Low Value/At Risk
18051,634,7,2282.28,United Kingdom,2010-03-15 13:58:00,731,1,4,4,144,At Risk,Low Value/At Risk
18052,565,1,10877.18,United Kingdom,2010-05-24 11:11:00,565,1,2,5,125,At Risk,Low Value/At Risk
18053,71,3,571.07,United Kingdom,2011-09-30 09:05:00,528,3,3,2,332,Potential,High Value
18054,393,1,176.5,United Kingdom,2010-11-12 08:18:00,393,2,2,1,221,Need Attention,Medium Value
18055,7,14,11195.57,United Kingdom,2011-12-02 14:25:00,413,5,5,5,555,Champions,High Value
18056,288,2,554.6,United Kingdom,2011-02-24 14:27:00,619,2,3,2,232,At Risk,Low Value/At Risk
18057,393,3,1203.56,United Kingdom,2010-11-11 16:55:00,691,2,3,3,233,At Risk,Low Value/At Risk
18058,10,3,774.06,United Kingdom,2011-11-30 08:38:00,668,5,3,3,533,Loyal,High Value
18059,23,3,306.46,United Kingdom,2011-11-16 16:49:00,68,4,3,2,432,Potential,High Value
18060,408,2,1185.46,United Kingdom,2010-10-27 16:41:00,565,2,3,3,233,At Risk,Low Value/At Risk
18061,22,28,6488.97,United Kingdom,2011-11-18 11:20:00,736,4,5,5,455,Champions,High Value
18062,173,6,1632.67,United Kingdom,2011-06-19 14:47:00,598,3,4,4,344,Loyal,High Value
18063,391,2,186.60000000000002,United Kingdom,2010-11-14 10:46:00,633,2,3,1,231,At Risk,Low Value/At Risk
18064,133,11,4495.03,United Kingdom,2011-07-29 16:39:00,676,3,5,5,355,Loyal,High Value
18065,6,29,5866.63,United Kingdom,2011-12-04 10:30:00,730,5,5,5,555,Champions,High Value
18066,75,3,1440.4,United Kingdom,2011-09-25 15:30:00,416,3,3,4,334,Loyal,High Value
18067,40,1,396.33,United Kingdom,2011-10-30 15:58:00,40,4,2,2,422,New Customers,Medium Value
18068,289,1,101.69999999999999,United Kingdom,2011-02-23 14:50:00,289,2,2,1,221,Need Attention,Medium Value
18069,26,11,4540.56,United Kingdom,2011-11-13 16:03:00,649,4,5,5,455,Champions,High Value
18070,669,1,314.1,United Kingdom,2010-02-08 13:28:00,669,1,2,2,122,At Risk,Low Value/At Risk
18071,258,6,1428.63,United Kingdom,2011-03-27 11:59:00,735,2,4,4,244,At Risk,Low Value/At Risk
18072,186,1,247.44,United Kingdom,2011-06-07 10:44:00,186,3,2,1,321,Need Attention,Medium Value
18073,114,12,3877.5200000000004,United Kingdom,2011-08-17 14:02:00,197,3,5,5,355,Loyal,High Value
18074,374,2,1509.04,United Kingdom,2010-12-01 09:53:00,506,2,3,4,234,At Risk,Low Value/At Risk
18075,23,20,5783.29,United Kingdom,2011-11-16 15:21:00,499,4,5,5,455,Champions,High Value
18076,380,1,151.49,United Kingdom,2010-11-24 14:02:00,380,2,2,1,221,Need Attention,Medium Value
18077,8,18,4338.56,United Kingdom,2011-12-01 13:32:00,733,5,5,5,555,Champions,High Value
18078,217,4,844.6,United Kingdom,2011-05-06 14:32:00,628,2,4,3,243,At Risk,Low Value/At Risk
18079,45,5,4242.75,United Kingdom,2011-10-25 15:27:00,492,4,4,5,445,Champions,High Value
18080,19,2,1231.5,United Kingdom,2011-11-21 08:02:00,243,4,3,3,433,Loyal,High Value
18081,36,3,343.45,United Kingdom,2011-11-03 16:30:00,134,4,3,2,432,Potential,High Value
18082,26,1,703.37,United Kingdom,2011-11-14 12:45:00,26,4,2,3,423,New Customers,Medium Value
18083,398,1,470.72999999999996,United Kingdom,2010-11-07 11:44:00,398,2,2,2,222,Need Attention,Medium Value
18084,16,3,812.93,United Kingdom,2011-11-23 13:57:00,389,5,3,3,533,Loyal,High Value
18085,330,4,1645.75,United Kingdom,2011-01-13 15:17:00,629,2,4,4,244,At Risk,Low Value/At Risk
18086,274,1,101.34,United Kingdom,2011-03-10 13:34:00,274,2,2,1,221,Need Attention,Medium Value
18087,98,17,14761.519999999999,United Kingdom,2011-09-02 15:12:00,739,3,5,5,355,Loyal,High Value
18088,61,1,167.67000000000002,United Kingdom,2011-10-09 13:41:00,61,3,2,1,321,Need Attention,Medium Value
18089,447,1,428.45,United Kingdom,2010-09-19 11:57:00,447,1,2,2,122,At Risk,Low Value/At Risk
18090,422,1,349.4,United Kingdom,2010-10-14 12:32:00,422,1,2,2,122,At Risk,Low Value/At Risk
18091,593,1,360.85,United Kingdom,2010-04-25 13:18:00,593,1,2,2,122,At Risk,Low Value/At Risk
18092,2,18,16179.44,United Kingdom,2011-12-07 13:14:00,736,5,5,5,555,Champions,High Value
18093,93,8,4452.71,United Kingdom,2011-09-07 15:43:00,619,3,5,5,355,Loyal,High Value
18094,82,13,6391.52,United Kingdom,2011-09-19 09:28:00,702,3,5,5,355,Loyal,High Value
18095,313,5,2303.09,United Kingdom,2011-01-31 12:50:00,599,2,4,4,244,At Risk,Low Value/At Risk
18096,12,6,1805.28,United Kingdom,2011-11-28 12:44:00,513,5,4,4,544,Champions,High Value
18097,8,11,4663.32,United Kingdom,2011-12-02 11:16:00,723,5,5,5,555,Champions,High Value
18098,396,1,550.84,United Kingdom,2010-11-08 16:31:00,396,2,2,2,222,Need Attention,Medium Value
18099,127,1,168.31,United Kingdom,2011-08-04 15:52:00,127,3,2,1,321,Need Attention,Medium Value
18100,550,1,451.56,United Kingdom,2010-06-07 14:19:00,550,1,2,2,122,At Risk,Low Value/At Risk
18101,11,5,629.16,United Kingdom,2011-11-28 13:37:00,674,5,4,3,543,Loyal,High Value
18102,1,145,608821.65,United Kingdom,2011-12-09 11:50:00,739,5,5,5,555,Champions,High Value
18103,549,1,105.8,United Kingdom,2010-06-08 13:36:00,549,1,2,1,121,At Risk,Low Value/At Risk
18104,37,1,754.64,United Kingdom,2011-11-02 14:07:00,37,4,2,3,423,New Customers,Medium Value
18105,38,1,113.48000000000002,United Kingdom,2011-11-02 12:04:00,38,4,2,1,421,New Customers,Medium Value
18106,330,6,1461.46,United Kingdom,2011-01-14 12:23:00,694,2,4,4,244,At Risk,Low Value/At Risk
18107,442,1,167.13,United Kingdom,2010-09-23 13:03:00,442,1,2,1,121,At Risk,Low Value/At Risk
18108,254,3,848.8100000000001,United Kingdom,2011-03-30 13:56:00,738,2,3,3,233,At Risk,Low Value/At Risk
18109,2,38,9893.96,United Kingdom,2011-12-08 11:36:00,527,5,5,5,555,Champions,High Value
18110,20,2,435.43,United Kingdom,2011-11-20 12:34:00,411,4,3,2,432,Potential,High Value
18111,589,1,405.85,United Kingdom,2010-04-29 12:58:00,589,1,2,2,122,At Risk,Low Value/At Risk
18112,12,4,775.96,United Kingdom,2011-11-27 14:43:00,552,5,4,3,543,Loyal,High Value
18113,369,1,152.64000000000001,United Kingdom,2010-12-06 12:31:00,369,2,2,1,221,Need Attention,Medium Value
18114,290,1,220.1,United Kingdom,2011-02-22 13:20:00,290,2,2,1,221,Need Attention,Medium Value
18115,698,1,9.700000000000001,United Kingdom,2010-01-11 11:57:00,698,1,2,1,121,At Risk,Low Value/At Risk
18116,68,13,2154.3,United Kingdom,2011-10-03 11:00:00,411,3,5,4,354,Loyal,High Value
18117,26,1,320.72,United Kingdom,2011-11-14 12:47:00,26,4,2,2,422,New Customers,Medium Value
18118,11,29,6733.22,United Kingdom,2011-11-29 11:32:00,381,5,5,5,555,Champions,High Value
18119,368,1,362.24,United Kingdom,2010-12-07 11:59:00,368,2,2,2,222,Need Attention,Medium Value
18120,214,1,111.15,United Kingdom,2011-05-09 13:45:00,214,2,2,1,221,Need Attention,Medium Value
18121,149,2,673.1,United Kingdom,2011-07-13 12:53:00,155,3,3,3,333,Loyal,High Value
18122,8,6,1826.21,United Kingdom,2011-12-01 13:08:00,151,5,4,4,544,Champions,High Value
18123,24,3,684.59,United Kingdom,2011-11-15 14:23:00,514,4,3,3,433,Loyal,High Value
18124,472,1,111.53,United Kingdom,2010-08-24 17:21:00,472,1,2,1,121,At Risk,Low Value/At Risk
18125,30,4,1142.99,United Kingdom,2011-11-10 12:29:00,316,4,4,3,443,Loyal,High Value
18126,61,1,206.82999999999998,United Kingdom,2011-10-10 12:19:00,61,3,2,1,321,Need Attention,Medium Value
18127,19,4,561.53,United Kingdom,2011-11-20 14:05:00,403,4,4,2,442,Potential,High Value
18128,537,1,420.04,United Kingdom,2010-06-20 13:19:00,537,1,2,2,122,At Risk,Low Value/At Risk
18129,243,1,112.55000000000001,United Kingdom,2011-04-10 14:16:00,243,2,2,1,221,Need Attention,Medium Value
18130,15,3,1059.39,United Kingdom,2011-11-24 14:40:00,57,5,3,3,533,Loyal,High Value
18131,632,1,222.95999999999998,United Kingdom,2010-03-18 08:48:00,632,1,2,1,121,At Risk,Low Value/At Risk
18132,504,1,226.9,United Kingdom,2010-07-23 16:54:00,504,1,2,1,121,At Risk,Low Value/At Risk
18133,212,1,931.4999999999999,United Kingdom,2011-05-11 14:14:00,212,2,2,3,223,Need Attention,Medium Value
18134,598,2,445.0,United Kingdom,2010-04-20 14:02:00,695,1,3,2,132,At Risk,Low Value/At Risk
18135,29,10,1249.6200000000001,United Kingdom,2011-11-10 19:32:00,634,4,5,4,454,Champions,High Value
18136,63,5,1631.3600000000001,United Kingdom,2011-10-07 15:40:00,451,3,4,4,344,Loyal,High Value
18137,551,2,145.99,United Kingdom,2010-06-06 14:18:00,551,1,3,1,131,At Risk,Low Value/At Risk
18138,295,1,152.65,United Kingdom,2011-02-17 14:51:00,295,2,2,1,221,Need Attention,Medium Value
18139,18,6,8438.34,United Kingdom,2011-11-22 10:44:00,18,5,4,5,545,Champions,High Value
18140,474,1,536.41,West Indies,2010-08-23 11:58:00,474,1,2,2,122,At Risk,Low Value/At Risk
18141,402,2,882.47,United Kingdom,2010-11-03 11:44:00,589,2,3,3,233,At Risk,Low Value/At Risk
18142,157,2,1019.52,United Kingdom,2011-07-05 13:19:00,216,3,3,3,333,Loyal,High Value
18143,117,2,1000.16,United Kingdom,2011-08-15 12:07:00,142,3,3,3,333,Loyal,High Value
18144,8,19,5058.0,United Kingdom,2011-12-02 12:46:00,723,5,5,5,555,Champions,High Value
18145,13,11,5617.79,United Kingdom,2011-11-27 11:22:00,732,5,5,5,555,Champions,High Value
18146,141,2,160.35000000000002,United Kingdom,2011-07-22 12:08:00,220,3,3,1,331,Potential,High Value
18147,46,2,179.33999999999997,United Kingdom,2011-10-25 11:46:00,109,4,3,1,431,Potential,High Value
18148,647,1,114.10000000000001,United Kingdom,2010-03-03 11:40:00,647,1,2,1,121,At Risk,Low Value/At Risk
18149,51,7,1624.71,United Kingdom,2011-10-20 12:04:00,636,4,4,4,444,Champions,High Value
18150,32,3,566.58,United Kingdom,2011-11-07 16:49:00,202,4,3,2,432,Potential,High Value
18151,135,6,1879.44,United Kingdom,2011-07-28 11:35:00,646,3,4,4,344,Loyal,High Value
18152,646,1,426.69,United Kingdom,2010-03-03 15:26:00,646,1,2,2,122,At Risk,Low Value/At Risk
18153,659,1,246.22,United Kingdom,2010-02-18 15:50:00,659,1,2,1,121,At Risk,Low Value/At Risk
18154,3,5,932.6,United Kingdom,2011-12-06 16:41:00,491,5,4,3,543,Loyal,High Value
18155,75,3,371.62,United Kingdom,2011-09-25 13:32:00,292,3,3,2,332,Potential,High Value
18156,13,2,941.1700000000001,United Kingdom,2011-11-27 12:24:00,370,5,3,3,533,Loyal,High Value
18157,571,1,215.35,United Kingdom,2010-05-17 14:09:00,571,1,2,1,121,At Risk,Low Value/At Risk
18158,9,2,453.4,United Kingdom,2011-11-30 16:19:00,89,5,3,2,532,Potential,High Value
18159,301,1,530.15,United Kingdom,2011-02-11 14:26:00,301,2,2,2,222,Need Attention,Medium Value
18160,57,3,1003.88,United Kingdom,2011-10-13 15:50:00,386,4,3,3,433,Loyal,High Value
18161,15,6,1803.1000000000001,United Kingdom,2011-11-24 16:40:00,379,5,4,4,544,Champions,High Value
18162,732,1,379.16,United Kingdom,2009-12-07 13:24:00,732,1,2,2,122,At Risk,Low Value/At Risk
18163,584,1,728.84,United Kingdom,2010-05-04 14:51:00,584,1,2,3,123,At Risk,Low Value/At Risk
18164,37,1,399.65000000000003,United Kingdom,2011-11-02 12:56:00,37,4,2,2,422,New Customers,Medium Value
18165,177,1,302.46000000000004,United Kingdom,2011-06-15 13:23:00,177,3,2,2,322,Need Attention,Medium Value
18166,624,1,175.5,United Kingdom,2010-03-26 12:26:00,624,1,2,1,121,At Risk,Low Value/At Risk
18167,23,3,1384.8600000000001,United Kingdom,2011-11-16 15:56:00,106,4,3,4,434,Loyal,High Value
18168,176,16,3770.27,United Kingdom,2011-06-16 19:21:00,736,3,5,5,355,Loyal,High Value
18169,61,1,202.65,United Kingdom,2011-10-10 12:18:00,61,3,2,1,321,Need Attention,Medium Value
18170,33,9,2878.0,United Kingdom,2011-11-06 14:35:00,700,4,5,4,454,Champions,High Value
18171,59,9,2437.31,United Kingdom,2011-10-12 09:13:00,704,3,5,4,354,Loyal,High Value
18172,15,52,17479.84,United Kingdom,2011-11-25 11:12:00,729,5,5,5,555,Champions,High Value
18173,87,5,2696.36,United Kingdom,2011-09-14 11:26:00,613,3,4,4,344,Loyal,High Value
18174,7,2,162.5,United Kingdom,2011-12-02 16:56:00,604,5,3,1,531,Potential,High Value
18175,676,1,176.1,United Kingdom,2010-02-02 10:25:00,676,1,2,1,121,At Risk,Low Value/At Risk
18176,358,1,476.35,United Kingdom,2010-12-16 15:45:00,358,2,2,2,222,Need Attention,Medium Value
18177,31,9,2216.87,United Kingdom,2011-11-08 14:44:00,724,4,5,4,454,Champions,High Value
18178,129,11,6103.74,United Kingdom,2011-08-03 09:30:00,659,3,5,5,355,Loyal,High Value
18179,9,8,2547.55,United Kingdom,2011-11-30 16:23:00,663,5,5,4,554,Champions,High Value
18180,5,6,1843.75,United Kingdom,2011-12-05 08:39:00,143,5,4,4,544,Champions,High Value
18181,24,5,1205.94,United Kingdom,2011-11-15 15:08:00,735,4,4,3,443,Loyal,High Value
18182,463,1,291.13,United Kingdom,2010-09-02 14:25:00,463,1,2,1,121,At Risk,Low Value/At Risk
18183,227,2,632.07,United Kingdom,2011-04-26 15:26:00,275,2,3,3,233,At Risk,Low Value/At Risk
18184,15,1,49.8,United Kingdom,2011-11-24 15:28:00,15,5,2,1,521,New Customers,Medium Value
18185,249,1,304.25,United Kingdom,2011-04-04 13:42:00,249,2,2,2,222,Need Attention,Medium Value
18186,723,1,329.58,United Kingdom,2009-12-17 10:22:00,723,1,2,2,122,At Risk,Low Value/At Risk
18187,632,1,724.89,United Kingdom,2010-03-18 09:49:00,632,1,2,3,123,At Risk,Low Value/At Risk
18188,15,6,3280.59,United Kingdom,2011-11-24 16:46:00,624,5,4,5,545,Champions,High Value
18189,78,3,1403.73,United Kingdom,2011-09-23 12:40:00,626,3,3,4,334,Loyal,High Value
18190,192,5,745.62,United Kingdom,2011-05-31 14:48:00,718,2,4,3,243,At Risk,Low Value/At Risk
18191,262,2,529.4,United Kingdom,2011-03-23 12:08:00,477,2,3,2,232,At Risk,Low Value/At Risk
18192,72,1,957.97,United Kingdom,2011-09-29 09:53:00,72,3,2,3,323,Need Attention,Medium Value
18193,165,3,1207.35,United Kingdom,2011-06-27 13:58:00,442,3,3,3,333,Loyal,High Value
18194,82,6,4162.04,United Kingdom,2011-09-18 13:29:00,680,3,4,5,345,Loyal,High Value
18195,387,1,101.16,United Kingdom,2010-11-17 15:03:00,387,2,2,1,221,Need Attention,Medium Value
18196,95,4,1464.31,United Kingdom,2011-09-05 16:22:00,632,3,4,4,344,Loyal,High Value
18197,576,1,230.1,United Kingdom,2010-05-13 10:46:00,576,1,2,1,121,At Risk,Low Value/At Risk
18198,4,17,5425.56,United Kingdom,2011-12-05 14:49:00,336,5,5,5,555,Champions,High Value
18199,684,1,344.75,United Kingdom,2010-01-25 11:32:00,684,1,2,2,122,At Risk,Low Value/At Risk
18200,106,1,163.8,United Kingdom,2011-08-25 18:45:00,106,3,2,1,321,Need Attention,Medium Value
18201,723,1,447.53000000000003,United Kingdom,2009-12-17 08:55:00,723,1,2,2,122,At Risk,Low Value/At Risk
18202,200,3,1396.99,United Kingdom,2011-05-24 12:12:00,311,2,3,4,234,At Risk,Low Value/At Risk
18203,157,4,504.42,United Kingdom,2011-07-05 13:07:00,731,3,4,2,342,Potential,High Value
18204,71,3,1993.7,United Kingdom,2011-09-29 16:44:00,192,3,3,4,334,Loyal,High Value
18205,36,2,517.36,United Kingdom,2011-11-03 13:22:00,75,4,3,2,432,Potential,High Value
18206,553,1,314.65999999999997,United Kingdom,2010-06-04 13:47:00,553,1,2,2,122,At Risk,Low Value/At Risk
18207,499,1,544.47,United Kingdom,2010-07-28 14:26:00,499,1,2,2,122,At Risk,Low Value/At Risk
18208,566,1,360.08,United Kingdom,2010-05-23 11:54:00,566,1,2,2,122,At Risk,Low Value/At Risk
18209,29,1,139.10000000000002,United Kingdom,2011-11-11 12:07:00,29,4,2,1,421,New Customers,Medium Value
18210,2,7,2768.83,United Kingdom,2011-12-08 11:02:00,383,5,4,4,544,Champions,High Value
18211,26,5,600.07,United Kingdom,2011-11-14 08:10:00,279,4,4,2,442,Potential,High Value
18212,326,2,546.72,United Kingdom,2011-01-17 16:14:00,677,2,3,2,232,At Risk,Low Value/At Risk
18213,237,1,232.48000000000002,United Kingdom,2011-04-17 10:21:00,237,2,2,1,221,Need Attention,Medium Value
18214,531,4,1780.34,United Kingdom,2010-06-27 11:21:00,554,1,4,4,144,At Risk,Low Value/At Risk
18215,89,5,2247.4900000000002,United Kingdom,2011-09-11 16:05:00,623,3,4,4,344,Loyal,High Value
18216,31,1,481.75,United Kingdom,2011-11-08 16:55:00,31,4,2,2,422,New Customers,Medium Value
18217,29,4,945.04,United Kingdom,2011-11-10 13:18:00,526,4,4,3,443,Loyal,High Value
18218,211,4,1142.0,United Kingdom,2011-05-12 12:53:00,660,2,4,3,243,At Risk,Low Value/At Risk
18219,3,17,3562.89,United Kingdom,2011-12-07 11:43:00,732,5,5,5,555,Champions,High Value
18220,227,6,1921.76,United Kingdom,2011-04-27 09:03:00,725,2,4,4,244,At Risk,Low Value/At Risk
18221,22,6,1424.94,United Kingdom,2011-11-17 14:40:00,390,4,4,4,444,Champions,High Value
18222,93,1,443.0,United Kingdom,2011-09-08 10:45:00,93,3,2,2,322,Need Attention,Medium Value
18223,5,26,14000.85,United Kingdom,2011-12-05 09:11:00,736,5,5,5,555,Champions,High Value
18224,264,1,158.95000000000002,United Kingdom,2011-03-21 10:30:00,264,2,2,1,221,Need Attention,Medium Value
18225,3,26,13054.26,United Kingdom,2011-12-06 13:27:00,735,5,5,5,555,Champions,High Value
18226,44,26,11878.88,United Kingdom,2011-10-26 13:36:00,645,4,5,5,455,Champions,High Value
18227,218,2,388.75,United Kingdom,2011-05-06 12:23:00,484,2,3,2,232,At Risk,Low Value/At Risk
18228,57,2,779.9,United Kingdom,2011-10-14 09:21:00,80,4,3,3,433,Loyal,High Value
18229,12,28,10803.710000000001,United Kingdom,2011-11-28 09:48:00,736,5,5,5,555,Champions,High Value
18230,9,9,4291.06,United Kingdom,2011-11-30 13:22:00,526,5,5,5,555,Champions,High Value
18231,192,28,6880.97,United Kingdom,2011-05-31 14:18:00,699,2,5,5,255,At Risk,Low Value/At Risk
18232,82,4,592.97,United Kingdom,2011-09-19 11:49:00,197,3,4,2,342,Potential,High Value
18233,326,1,440.0,United Kingdom,2011-01-18 08:44:00,326,2,2,2,222,Need Attention,Medium Value
18234,552,1,179.6,United Kingdom,2010-06-06 11:22:00,552,1,2,1,121,At Risk,Low Value/At Risk
18235,72,3,1796.48,United Kingdom,2011-09-29 08:27:00,217,3,3,4,334,Loyal,High Value
18236,30,12,1795.3500000000001,United Kingdom,2011-11-10 08:06:00,603,4,5,4,454,Champions,High Value
18237,3,5,987.1,United Kingdom,2011-12-07 12:49:00,134,5,4,3,543,Loyal,High Value
18238,515,1,270.92,United Kingdom,2010-07-12 12:51:00,515,1,2,1,121,At Risk,Low Value/At Risk
18239,219,6,2150.36,United Kingdom,2011-05-05 12:38:00,423,2,4,4,244,At Risk,Low Value/At Risk
18240,46,1,422.58,United Kingdom,2011-10-24 13:06:00,46,4,2,2,422,New Customers,Medium Value
18241,10,21,2986.9900000000002,United Kingdom,2011-11-30 12:10:00,618,5,5,5,555,Champions,High Value
18242,72,8,3605.21,United Kingdom,2011-09-28 13:43:00,698,3,5,5,355,Loyal,High Value
18243,414,1,515.78,United Kingdom,2010-10-21 14:29:00,414,1,2,2,122,At Risk,Low Value/At Risk
18244,431,2,568.64,United Kingdom,2010-10-05 11:15:00,503,1,3,2,132,At Risk,Low Value/At Risk
18245,7,20,6324.9800000000005,United Kingdom,2011-12-02 14:48:00,641,5,5,5,555,Champions,High Value
18246,24,3,758.8199999999999,United Kingdom,2011-11-16 11:49:00,610,4,3,3,433,Loyal,High Value
18247,415,3,839.73,United Kingdom,2010-10-21 09:49:00,631,1,3,3,133,At Risk,Low Value/At Risk
18248,123,2,804.02,United Kingdom,2011-08-09 10:19:00,186,3,3,3,333,Loyal,High Value
18249,17,1,95.34,United Kingdom,2011-11-22 15:07:00,17,5,2,1,521,New Customers,Medium Value
18250,310,1,349.27,United Kingdom,2011-02-02 13:16:00,310,2,2,2,222,Need Attention,Medium Value
18251,87,9,26278.86,United Kingdom,2011-09-13 15:03:00,718,3,5,5,355,Loyal,High Value
18252,51,7,1542.09,United Kingdom,2011-10-20 12:43:00,721,4,4,4,444,Champions,High Value
18253,643,1,317.88,United Kingdom,2010-03-07 12:38:00,643,1,2,2,122,At Risk,Low Value/At Risk
18254,581,1,267.9,United Kingdom,2010-05-07 14:37:00,581,1,2,1,121,At Risk,Low Value/At Risk
18255,89,2,303.15,United Kingdom,2011-09-11 13:16:00,456,3,3,2,332,Potential,High Value
18256,388,1,110.7,United Kingdom,2010-11-17 08:53:00,388,2,2,1,221,Need Attention,Medium Value
18257,39,12,4600.15,United Kingdom,2011-10-31 14:48:00,659,4,5,5,455,Champions,High Value
18258,464,6,2059.67,United Kingdom,2010-09-01 14:20:00,573,1,4,4,144,At Risk,Low Value/At Risk
18259,25,7,4318.200000000001,United Kingdom,2011-11-15 12:34:00,732,4,4,5,445,Champions,High Value
18260,173,23,9962.11,United Kingdom,2011-06-20 12:37:00,724,3,5,5,355,Loyal,High Value
18261,43,2,324.24,United Kingdom,2011-10-27 15:36:00,96,4,3,2,432,Potential,High Value
18262,140,3,577.54,United Kingdom,2011-07-22 16:04:00,603,3,3,2,332,Potential,High Value
18263,26,3,1213.1599999999999,United Kingdom,2011-11-14 09:00:00,253,4,3,3,433,Loyal,High Value
18264,499,1,603.25,United Kingdom,2010-07-29 10:02:00,499,1,2,2,122,At Risk,Low Value/At Risk
18265,72,2,801.51,United Kingdom,2011-09-28 14:10:00,158,3,3,3,333,Loyal,High Value
18266,434,1,251.1,United Kingdom,2010-10-01 15:33:00,434,1,2,1,121,At Risk,Low Value/At Risk
18267,673,1,269.37,United Kingdom,2010-02-05 08:43:00,673,1,2,1,121,At Risk,Low Value/At Risk
18268,134,6,1490.23,United Kingdom,2011-07-28 19:13:00,729,3,4,4,344,Loyal,High Value
18269,366,1,337.2,United Kingdom,2010-12-08 13:53:00,366,2,2,2,222,Need Attention,Medium Value
18270,38,3,444.55,United Kingdom,2011-11-01 13:57:00,433,4,3,2,432,Potential,High Value
18271,610,2,680.85,United Kingdom,2010-04-09 09:26:00,732,1,3,3,133,At Risk,Low Value/At Risk
18272,3,9,4385.9800000000005,United Kingdom,2011-12-07 12:43:00,645,5,5,5,555,Champions,High Value
18273,2,4,357.0,United Kingdom,2011-12-07 13:16:00,591,5,4,2,542,Potential,High Value
18274,30,1,175.92,United Kingdom,2011-11-09 17:03:00,30,4,2,1,421,New Customers,Medium Value
18275,578,2,741.85,United Kingdom,2010-05-10 15:46:00,731,1,3,3,133,At Risk,Low Value/At Risk
18276,44,6,1656.52,United Kingdom,2011-10-27 10:54:00,729,4,4,4,444,Champions,High Value
18277,58,5,1180.05,United Kingdom,2011-10-12 15:22:00,495,4,4,3,443,Loyal,High Value
18278,74,2,414.20000000000005,United Kingdom,2011-09-27 11:58:00,405,3,3,2,332,Potential,High Value
18279,519,1,231.33999999999997,United Kingdom,2010-07-08 14:48:00,519,1,2,1,121,At Risk,Low Value/At Risk
18280,278,2,488.15000000000003,United Kingdom,2011-03-07 09:52:00,394,2,3,2,232,At Risk,Low Value/At Risk
18281,181,2,201.14,United Kingdom,2011-06-12 10:53:00,578,3,3,1,331,Potential,High Value
18282,8,2,178.05,United Kingdom,2011-12-02 11:43:00,126,5,3,1,531,Potential,High Value
18283,4,22,2736.65,United Kingdom,2011-12-06 12:02:00,658,5,5,4,554,Champions,High Value
18284,432,1,461.68,United Kingdom,2010-10-04 11:33:00,432,1,2,2,122,At Risk,Low Value/At Risk
18285,661,1,427.0,United Kingdom,2010-02-17 10:24:00,661,1,2,2,122,At Risk,Low Value/At Risk
18286,477,2,1296.43,United Kingdom,2010-08-20 11:57:00,724,1,3,4,134,At Risk,Low Value/At Risk
18287,43,7,4182.99,United Kingdom,2011-10-28 09:29:00,572,4,4,5,445,Champions,High Value
